<?xml version="1.0" encoding="UTF-8"?>
<prefab>
    <property name="CopyAirBlocks" value="True"/>
    <property name="AllowTopSoilDecorations" value="True"/>
    <property name="ExcludeDistantPOIMesh" value="False"/>
    <property name="ExcludePOICulling" value="False"/>
    <property name="DifficultyTier" value="5"/>
    <property name="Zoning" value="ResidentialOld,Residential"/>
    <property name="RotationToFaceNorth" value="2"/>
    <property name="YOffset" value="-12"/>
    <property name="DistantPOIYOffset" value="0"/>
    <property name="AllowedBiomes" value="snow,pine_forest,desert"/>
    <property name="AllowedTownships" value="wilderness"/>
    <property name="EditorGroups" value="Wilderness"/>
    <property name="SleeperVolumeStart" value="30, 5, 13#31, 11, 0#1, 11, 0#1, 17, 0#1, 12, 26#6, 19, 41#29, 12, 26#26, 25, 28#16, 23, 21#25, 30, 15#32, 25, 16#40, 25, 19#23, 31, 18#39, 34, 18#24, 41, 18#19, 20, 28#47, 22, 17"/>
    <property name="SleeperVolumeSize" value="17, 4, 18#37, 6, 26#30, 6, 26#30, 3, 26#22, 3, 24#17, 3, 6#38, 3, 24#13, 3, 6#7, 2, 6#4, 2, 2#6, 2, 3#5, 2, 7#16, 7, 8#13, 3, 8#15, 3, 8#8, 3, 6#6, 2, 3"/>
    <property name="SleeperVolumeGroup" value=",3,8,,5,8,,5,12,,1,4,,4,10,,1,2,,3,7,,1,3,,1,4,,1,2,,1,2,,3,3,,2,5,,3,5,,3,6,,1,2,,1,1"/>
    <property name="SleeperVolumeGameStageAdjust" value=",,,,,,,,,,,,,,,,"/>
    <property name="SleeperIsLootVolume" value="False,False,False,False,False,False,False,False,False,False,False,False,False,False,False,False,False"/>
    <property name="SleeperIsQuestExclude" value="False,False,False,False,False,False,False,False,False,False,False,False,False,False,False,False,False"/>
    <property name="SleeperVolumeFlags" value="0,0,0,0,0,0,0,0,0,0,0,0,0,0,0,2,0"/>
    <property name="SleeperVolumeGroupId" value="0,0,0,0,0,0,0,0,0,0,0,0,0,0,0,0,0"/>
    <property name="ShowQuestClearCount" value="0,0,0,0,0,0,0,0,0,0,0,0,0,0,0,0,0"/>
</prefab>
