<?xml version="1.0" encoding="UTF-8"?>
<prefab>
    <property name="CopyAirBlocks" value="True"/>
    <property name="AllowTopSoilDecorations" value="True"/>
    <property name="ExcludeDistantPOIMesh" value="False"/>
    <property name="ExcludePOICulling" value="False"/>
    <property name="DifficultyTier" value="3"/>
    <property name="Zoning" value="ResidentialOld,Residential"/>
    <property name="RotationToFaceNorth" value="2"/>
    <property name="YOffset" value="-3"/>
    <property name="DistantPOIYOffset" value="0"/>
    <property name="AllowedBiomes" value="burnt_forest,wasteland"/>
    <property name="AllowedTownships" value="rural,wilderness"/>
    <property name="EditorGroups" value="Wilderness"/>
    <property name="SleeperVolumeStart" value="2, 2, 2#2, 7, 2#2, 12, 2#2, 12, 13#2, 17, 2"/>
    <property name="SleeperVolumeSize" value="22, 3, 20#22, 3, 20#22, 3, 20#7, 3, 9#22, 3, 20"/>
    <property name="SleeperVolumeGroup" value=",5,9,,5,7,,7,15,,2,4,,2,4"/>
    <property name="SleeperVolumeGameStageAdjust" value="easy,,,,"/>
    <property name="SleeperIsLootVolume" value="False,False,False,True,False"/>
    <property name="SleeperIsQuestExclude" value="False,False,False,False,False"/>
    <property name="SleeperVolumeFlags" value="0,0,0,0,0"/>
    <property name="SleeperVolumeGroupId" value="0,0,0,0,0"/>
    <property name="ShowQuestClearCount" value="0,0,0,0,0"/>
</prefab>
