<?xml version="1.0" encoding="UTF-8"?>
<prefab>
    <property name="CopyAirBlocks" value="True"/>
    <property name="AllowTopSoilDecorations" value="True"/>
    <property name="ExcludeDistantPOIMesh" value="False"/>
    <property name="ExcludePOICulling" value="False"/>
    <property name="QuestTags" value="clear,fetch"/>
    <property name="DifficultyTier" value="4"/>
    <property name="Zoning" value="Downtown,Residential"/>
    <property name="RotationToFaceNorth" value="1"/>
    <property name="YOffset" value="-5"/>
    <property name="DistantPOIYOffset" value="0"/>
    <property name="AllowedBiomes" value="snow,pine_forest,desert"/>
    <property name="AllowedTownships" value="city,rural,town"/>
    <property name="EditorGroups" value="rural, Cityblocks, commercial, downtown, industrial"/>
    <property name="SleeperVolumeStart" value="0, 5, 11#15, 1, 7#43, 5, 0#0, 5, 0#0, 5, 65#42, 5, 65#0, 5, 90#19, 4, 90#19, 5, 117#20, 4, 34#20, 5, 11#19, 11, 11#50, 11, 71"/>
    <property name="SleeperVolumeSize" value="20, 6, 54#33, 3, 32#21, 6, 65#43, 6, 11#42, 6, 25#22, 6, 52#19, 7, 50#23, 8, 27#45, 7, 23#23, 6, 31#23, 6, 23#24, 8, 43#14, 13, 9"/>
    <property name="SleeperVolumeGroup" value=",4,8,,12,20,,4,11,,3,5,,2,6,,4,8,,4,7,,8,10,,6,9,,5,6,,4,8,,6,7,,1,5"/>
    <property name="SleeperVolumeGameStageAdjust" value="350,250,250,medium,medium,medium,medium,medium,200,250,medium,350,250"/>
    <property name="SleeperIsLootVolume" value="False,False,False,False,False,False,False,True,True,False,False,False,False"/>
    <property name="SleeperIsQuestExclude" value="False,False,False,False,False,False,False,False,False,False,False,False,False"/>
    <property name="SleeperVolumeFlags" value="0,0,0,0,0,0,0,0,0,0,0,0,2"/>
    <property name="SleeperVolumeGroupId" value="0,0,0,0,0,0,0,0,0,0,0,0,0"/>
    <property name="ShowQuestClearCount" value="0,0,0,0,0,0,0,0,0,0,0,0,0"/>
</prefab>
