<?xml version="1.0" encoding="UTF-8"?>
<prefab>
    <property name="CopyAirBlocks" value="True"/>
    <property name="AllowTopSoilDecorations" value="True"/>
    <property name="ExcludeDistantPOIMesh" value="False"/>
    <property name="ExcludePOICulling" value="False"/>
    <property name="QuestTags" value="clear,fetch"/>
    <property name="DifficultyTier" value="3"/>
    <property name="Zoning" value="ResidentialOld,Residential"/>
    <property name="RotationToFaceNorth" value="2"/>
    <property name="YOffset" value="-1"/>
    <property name="DistantPOIYOffset" value="0"/>
    <property name="AllowedBiomes" value="snow,pine_forest,desert"/>
    <property name="AllowedTownships" value="city,rural,wilderness"/>
    <property name="EditorGroups" value="Wilderness, rural"/>
    <property name="SleeperVolumeStart" value="9, 1, 14#9, 5, 9#4, 5, 44#12, 9, 23"/>
    <property name="SleeperVolumeSize" value="43, 3, 44#44, 4, 35#49, 3, 15#31, 3, 21"/>
    <property name="SleeperVolumeGroup" value=",15,20,,7,10,,5,7,,1,1"/>
    <property name="SleeperVolumeGameStageAdjust" value=",,,"/>
    <property name="SleeperIsLootVolume" value="False,False,False,False"/>
    <property name="SleeperIsQuestExclude" value="False,False,False,False"/>
    <property name="SleeperVolumeFlags" value="0,0,0,0"/>
    <property name="SleeperVolumeGroupId" value="0,0,0,0"/>
    <property name="ShowQuestClearCount" value="0,0,0,0"/>
</prefab>
