<?xml version="1.0" encoding="UTF-8"?>
<prefab>
    <property name="CopyAirBlocks" value="True"/>
    <property name="AllowTopSoilDecorations" value="True"/>
    <property name="ExcludeDistantPOIMesh" value="False"/>
    <property name="ExcludePOICulling" value="False"/>
    <property name="QuestTags" value="clear,fetch"/>
    <property name="DifficultyTier" value="5"/>
    <property name="Zoning" value="Residential"/>
    <property name="RotationToFaceNorth" value="2"/>
    <property name="YOffset" value="-2"/>
    <property name="DistantPOIYOffset" value="0"/>
    <property name="AllowedBiomes" value="burnt_forest,wasteland"/>
    <property name="AllowedTownships" value="wilderness"/>
    <property name="EditorGroups" value="rural, Wilderness"/>
    <property name="SleeperVolumeStart" value="5, 2, 3#28, 2, 3#28, 2, 19#28, 7, 19#28, 13, 19#28, 1, 40#47, 2, 21#5, 1, 36#6, 2, 28#5, 6, 27#6, 2, 12#5, 6, 11#9, 2, 21#21, 1, 6#4, 2, 19"/>
    <property name="SleeperVolumeSize" value="16, 4, 8#24, 6, 16#17, 5, 20#17, 5, 20#17, 7, 20#24, 5, 10#7, 5, 10#16, 5, 10#15, 4, 7#16, 4, 9#15, 4, 7#16, 4, 11#12, 4, 7#7, 3, 40#4, 2, 10"/>
    <property name="SleeperVolumeGroup" value=",1,2,,7,8,,5,9,,6,8,,3,4,,3,4,,2,3,,4,6,,4,6,,5,6,,2,4,,2,4,,1,1,,4,6,,1,2"/>
    <property name="SleeperVolumeGameStageAdjust" value=",,,,,,,,,,,,,,"/>
    <property name="SleeperIsLootVolume" value="False,False,False,False,False,False,False,False,False,False,False,False,False,False,False"/>
    <property name="SleeperIsQuestExclude" value="False,False,False,False,False,False,False,False,False,False,False,False,False,False,False"/>
    <property name="SleeperVolumeFlags" value="0,0,0,0,0,0,0,0,0,0,0,0,0,0,0"/>
    <property name="SleeperVolumeGroupId" value="0,0,0,0,0,0,0,0,0,0,0,0,0,0,0"/>
    <property name="ShowQuestClearCount" value="0,0,0,0,0,0,0,0,0,0,0,0,0,0,0"/>
</prefab>
