<?xml version="1.0" encoding="UTF-8"?>
<prefab>
    <property name="CopyAirBlocks" value="True"/>
    <property name="AllowTopSoilDecorations" value="True"/>
    <property name="ExcludeDistantPOIMesh" value="False"/>
    <property name="ExcludePOICulling" value="False"/>
    <property name="QuestTags" value="clear,fetch"/>
    <property name="DifficultyTier" value="5"/>
    <property name="Zoning" value="Downtown,Residential"/>
    <property name="RotationToFaceNorth" value="2"/>
    <property name="YOffset" value="-1"/>
    <property name="DistantPOIYOffset" value="0"/>
    <property name="AllowedBiomes" value="burnt_forest,wasteland"/>
    <property name="AllowedTownships" value="city,town"/>
    <property name="EditorGroups" value="downtown"/>
    <property name="SleeperVolumeStart" value="44, 1, 1#1, 1, 1#80, 1, 38#46, 1, 86#1, 1, 37#1, 1, 86#43, 1, 38#66, 1, 48#8, 1, 38#8, 1, 53#25, 1, 38#43, 1, 48#17, 1, 52#8, 1, 73#20, 1, 79#38, 1, 73#44, 1, 68#20, 1, 73#68, 1, 74#68, 1, 61#42, 6, 38#8, 7, 38"/>
    <property name="SleeperVolumeSize" value="43, 3, 36#43, 3, 36#6, 3, 48#40, 3, 11#6, 3, 49#45, 3, 12#36, 3, 10#13, 3, 13#17, 3, 14#9, 3, 20#18, 3, 14#23, 3, 18#26, 3, 21#10, 3, 12#18, 3, 6#5, 3, 12#23, 4, 17#18, 3, 6#11, 3, 11#11, 3, 12#37, 4, 47#34, 3, 47"/>
    <property name="SleeperVolumeGroup" value=",10,15,,10,16,,5,6,,3,6,,3,4,,5,6,,2,3,,3,4,,3,4,,3,3,,3,3,,8,12,,7,8,,4,5,,2,2,,2,2,,5,6,,1,1,,2,3,,2,3,,6,7,,6,7"/>
    <property name="SleeperVolumeGameStageAdjust" value=",,,,,,0,,,,,,,,,,,,,,,"/>
    <property name="SleeperIsLootVolume" value="False,False,False,False,False,False,False,False,False,False,False,False,False,False,False,False,False,False,False,False,False,False"/>
    <property name="SleeperIsQuestExclude" value="False,False,False,False,False,False,False,False,False,False,False,False,False,False,False,False,False,False,False,False,False,False"/>
    <property name="SleeperVolumeFlags" value="0,0,2,0,0,0,0,0,0,0,0,0,2,0,0,0,0,0,0,0,0,0"/>
    <property name="SleeperVolumeGroupId" value="0,0,0,0,0,0,0,0,0,0,0,0,0,0,0,0,0,0,0,0,0,0"/>
    <property name="ShowQuestClearCount" value="0,0,0,0,0,0,0,0,0,0,0,0,0,0,0,0,0,0,0,0,0,0"/>
</prefab>
