<?xml version="1.0" encoding="UTF-8"?>
<prefab>
    <property name="CopyAirBlocks" value="True"/>
    <property name="AllowTopSoilDecorations" value="True"/>
    <property name="ExcludeDistantPOIMesh" value="False"/>
    <property name="ExcludePOICulling" value="False"/>
    <property name="DifficultyTier" value="1"/>
    <property name="Zoning" value="Industrial,Residential"/>
    <property name="RotationToFaceNorth" value="2"/>
    <property name="DistantPOIYOffset" value="0"/>
    <property name="AllowedBiomes" value="wasteland"/>
    <property name="AllowedTownships" value="wilderness"/>
    <property name="EditorGroups" value="Wilderness"/>
    <property name="SleeperVolumeStart" value="0, 0, 0"/>
    <property name="SleeperVolumeSize" value="41, 11, 34"/>
    <property name="SleeperVolumeGroup" value=",8,19"/>
    <property name="SleeperVolumeGameStageAdjust" value=""/>
    <property name="SleeperIsLootVolume" value="False"/>
    <property name="SleeperIsQuestExclude" value="False"/>
    <property name="SleeperVolumeFlags" value="0"/>
    <property name="SleeperVolumeGroupId" value="0"/>
    <property name="ShowQuestClearCount" value="1"/>
</prefab>
