<?xml version="1.0" encoding="UTF-8"?>
<prefab>
    <property name="CopyAirBlocks" value="True"/>
    <property name="AllowTopSoilDecorations" value="True"/>
    <property name="ExcludeDistantPOIMesh" value="False"/>
    <property name="ExcludePOICulling" value="False"/>
    <property name="QuestTags" value="clear,fetch"/>
    <property name="DifficultyTier" value="5"/>
    <property name="Zoning" value="Downtown,Residential"/>
    <property name="RotationToFaceNorth" value="3"/>
    <property name="YOffset" value="-15"/>
    <property name="DistantPOIYOffset" value="0"/>
    <property name="AllowedBiomes" value="burnt_forest,wasteland"/>
    <property name="AllowedTownships" value="city"/>
    <property name="EditorGroups" value="downtown"/>
    <property name="SleeperVolumeStart" value="24, 15, 11#24, 15, 1#2, 15, 1#57, 14, 10#2, 15, 88#25, 14, 57#24, 19, 11#24, 23, 11#24, 27, 11#24, 32, 11#24, 36, 11#24, 40, 29#24, 16, 30#24, 20, 30#24, 24, 30#24, 28, 30#24, 32, 30#24, 36, 30#24, 15, 63#24, 20, 57#24, 24, 57#24, 28, 57#24, 32, 57#22, 5, 26"/>
    <property name="SleeperVolumeSize" value="34, 3, 19#52, 3, 10#22, 3, 87#20, 4, 88#55, 3, 10#15, 3, 6#39, 3, 19#39, 3, 19#39, 3, 19#39, 3, 19#39, 3, 19#33, 5, 38#35, 3, 27#35, 3, 27#35, 3, 27#29, 3, 27#29, 3, 27#29, 3, 27#35, 3, 25#35, 3, 31#35, 3, 31#35, 3, 31#35, 7, 31#33, 7, 38"/>
    <property name="SleeperVolumeGroup" value=",6,9,,2,3,,6,9,,6,8,,2,3,,1,1,,6,9,,6,11,,6,10,,8,10,,2,3,,3,4,,10,15,,10,14,,10,12,,10,14,,10,12,,8,10,,10,13,,10,14,,10,12,,10,16,,5,6,,10,12"/>
    <property name="SleeperVolumeGameStageAdjust" value=",,,,,,,,,,,,,,,,,,,,,,,"/>
    <property name="SleeperIsLootVolume" value="True,False,False,False,False,False,False,False,False,False,False,False,False,False,False,False,False,False,False,False,False,False,False,False"/>
    <property name="SleeperIsQuestExclude" value="False,False,False,False,False,False,False,False,False,False,False,False,False,False,False,False,False,False,False,False,False,False,False,False"/>
    <property name="SleeperVolumeFlags" value="0,0,0,0,0,0,0,0,0,0,0,0,0,0,0,0,0,0,0,0,0,0,0,0"/>
    <property name="SleeperVolumeGroupId" value="0,0,0,0,0,0,0,0,0,0,0,0,0,0,0,0,0,0,0,0,0,0,0,0"/>
    <property name="ShowQuestClearCount" value="0,0,0,0,0,0,0,0,0,0,0,0,0,0,0,0,0,0,0,0,0,0,0,0"/>
</prefab>
