<?xml version="1.0" encoding="UTF-8"?>
<prefab>
    <property name="CopyAirBlocks" value="True"/>
    <property name="AllowTopSoilDecorations" value="True"/>
    <property name="TraderArea" value="True"/>
    <property name="TraderAreaProtect" value="16, 0, 16"/>
    <property name="TraderAreaTeleportSize" value="28, 30, 27"/>
    <property name="TraderAreaTeleportCenter" value="1, 1, 1"/>
    <property name="ExcludeDistantPOIMesh" value="False"/>
    <property name="ExcludePOICulling" value="False"/>
    <property name="QuestTags" value="trader"/>
    <property name="DifficultyTier" value="1"/>
    <property name="Zoning" value="ResidentialOld,Residential"/>
    <property name="RotationToFaceNorth" value="2"/>
    <property name="YOffset" value="-4"/>
    <property name="DistantPOIYOffset" value="0"/>
    <property name="MaxPerHub" value="1"/>
    <property name="AllowedBiomes" value="pine_forest"/>
    <property name="AllowedTownships" value="rural,wilderness"/>
    <property name="EditorGroups" value="Wilderness"/>
</prefab>
