<?xml version="1.0" encoding="UTF-8"?>
<prefab>
    <property name="CopyAirBlocks" value="True"/>
    <property name="AllowTopSoilDecorations" value="True"/>
    <property name="ExcludeDistantPOIMesh" value="False"/>
    <property name="ExcludePOICulling" value="False"/>
    <property name="QuestTags" value="clear,fetch"/>
    <property name="DifficultyTier" value="3"/>
    <property name="Zoning" value="ResidentialOld,Residential"/>
    <property name="RotationToFaceNorth" value="0"/>
    <property name="YOffset" value="-45"/>
    <property name="DistantPOIYOffset" value="0"/>
    <property name="MaxPerHub" value="1"/>
    <property name="AllowedBiomes" value="desert"/>
    <property name="AllowedTownships" value="wilderness"/>
    <property name="EditorGroups" value="Wilderness"/>
    <property name="SleeperVolumeStart" value="0, 0, 0#20, 21, 4#7, 25, 12#30, 1, 1#6, 44, 29"/>
    <property name="SleeperVolumeSize" value="30, 18, 43#31, 3, 21#12, 9, 26#25, 3, 42#22, 6, 8"/>
    <property name="SleeperVolumeGroup" value=",8,12,,6,8,,5,6,,9,15,,1,4"/>
    <property name="SleeperVolumeGameStageAdjust" value=",,,,"/>
    <property name="SleeperIsLootVolume" value="False,False,False,False,False"/>
    <property name="SleeperIsQuestExclude" value="False,False,False,False,False"/>
    <property name="SleeperVolumeFlags" value="0,0,0,0,0"/>
    <property name="SleeperVolumeGroupId" value="0,0,0,0,0"/>
    <property name="ShowQuestClearCount" value="0,0,0,0,0"/>
</prefab>
