<?xml version="1.0" encoding="UTF-8"?>
<prefab>
    <property name="CopyAirBlocks" value="True"/>
    <property name="AllowTopSoilDecorations" value="True"/>
    <property name="ExcludeDistantPOIMesh" value="False"/>
    <property name="ExcludePOICulling" value="False"/>
    <property name="DifficultyTier" value="1"/>
    <property name="Zoning" value="Downtown,Residential"/>
    <property name="RotationToFaceNorth" value="0"/>
    <property name="YOffset" value="-31"/>
    <property name="DistantPOIYOffset" value="0"/>
    <property name="AllowedBiomes" value="burnt_forest,wasteland"/>
    <property name="AllowedTownships" value="town"/>
    <property name="EditorGroups" value="rural, Wilderness"/>
    <property name="SleeperVolumeStart" value="32, 30, 33#14, 23, 17#1, 31, 17#33, 36, 21#50, 40, 18#41, 48, 26#40, 45, 26#40, 45, 35#33, 45, 24#40, 40, 33#40, 40, 24#40, 40, 18#33, 40, 29#44, 36, 21#40, 36, 29#51, 36, 30#43, 36, 33#35, 36, 33#32, 29, 20#44, 30, 21#40, 30, 23#46, 31, 29#52, 30, 31#12, 30, 45#41, 30, 8"/>
    <property name="SleeperVolumeSize" value="14, 3, 8#36, 6, 30#23, 3, 27#11, 3, 7#7, 3, 23#10, 5, 9#14, 2, 9#17, 2, 4#6, 2, 15#10, 3, 8#10, 3, 8#10, 3, 6#6, 3, 12#11, 3, 7#11, 3, 3#7, 3, 12#7, 3, 9#8, 3, 9#11, 6, 13#12, 3, 8#4, 3, 8#1, 3, 2#3, 3, 10#21, 3, 17#22, 5, 12"/>
    <property name="SleeperVolumeGroup" value=",2,3,,5,6,,1,2,,4,4,,3,3,,4,6,,4,6,,1,2,,1,3,,4,4,,1,2,,1,2,,2,3,,2,2,,2,3,,1,1,,2,3,,1,2,,1,4,,3,3,,1,1,,1,1,,2,2,,2,2,,2,5"/>
    <property name="SleeperVolumeGameStageAdjust" value=",,,,,,,,,,,,,,,,,,,,,,,,"/>
    <property name="SleeperIsLootVolume" value="False,False,False,False,False,False,False,False,False,False,False,False,False,False,False,False,False,False,False,False,False,False,False,False,False"/>
    <property name="SleeperIsQuestExclude" value="False,False,False,False,False,False,False,False,False,False,False,False,False,False,False,False,False,False,False,False,False,False,False,False,False"/>
    <property name="SleeperVolumeFlags" value="0,0,0,0,0,2,0,0,0,0,0,0,0,0,0,0,0,0,0,0,2,2,0,0,2"/>
    <property name="SleeperVolumeGroupId" value="0,0,0,0,0,0,0,0,0,0,0,0,0,0,0,0,0,0,0,0,0,0,0,0,0"/>
    <property name="ShowQuestClearCount" value="0,0,0,0,0,0,0,0,0,0,0,0,0,0,0,0,0,0,0,0,0,0,0,0,0"/>
</prefab>
