<?xml version="1.0" encoding="UTF-8"?>
<prefab>
    <property name="CopyAirBlocks" value="True"/>
    <property name="AllowTopSoilDecorations" value="True"/>
    <property name="ExcludeDistantPOIMesh" value="False"/>
    <property name="ExcludePOICulling" value="False"/>
    <property name="QuestTags" value="clear,fetch"/>
    <property name="DifficultyTier" value="3"/>
    <property name="Zoning" value="Downtown,Residential"/>
    <property name="RotationToFaceNorth" value="0"/>
    <property name="YOffset" value="-2"/>
    <property name="DistantPOIYOffset" value="0"/>
    <property name="AllowedBiomes" value="pine_forest"/>
    <property name="AllowedTownships" value="rural"/>
    <property name="EditorGroups" value="rural"/>
    <property name="SleeperVolumeStart" value="13, 17, 3#11, 13, 3#11, 9, 4#11, 5, 5#2, 2, 6#0, 2, 15#0, 2, 0#2, 2, 0#12, 11, 19#0, 2, 23"/>
    <property name="SleeperVolumeSize" value="6, 5, 19#10, 4, 18#10, 4, 15#10, 4, 13#19, 3, 9#21, 3, 8#2, 3, 15#19, 3, 6#8, 1, 1#21, 2, 2"/>
    <property name="SleeperVolumeGroup" value=",2,3,,3,4,,3,4,,3,4,,5,6,,5,6,,1,2,,3,4,,1,2,,0,0"/>
    <property name="SleeperVolumeGameStageAdjust" value=",,,,,,,,,"/>
    <property name="SleeperIsLootVolume" value="False,False,False,False,False,False,False,False,False,False"/>
    <property name="SleeperIsQuestExclude" value="False,False,False,False,False,False,False,False,False,False"/>
    <property name="SleeperVolumeFlags" value="0,0,0,0,0,0,0,0,2,2"/>
    <property name="SleeperVolumeGroupId" value="0,0,0,0,0,0,0,0,1,1"/>
    <property name="ShowQuestClearCount" value="1,0,0,0,0,0,0,0,0,0"/>
</prefab>
