<?xml version="1.0" encoding="UTF-8"?>
<prefab>
    <property name="CopyAirBlocks" value="True"/>
    <property name="AllowTopSoilDecorations" value="True"/>
    <property name="ExcludeDistantPOIMesh" value="False"/>
    <property name="ExcludePOICulling" value="False"/>
    <property name="QuestTags" value="clear,fetch"/>
    <property name="DifficultyTier" value="5"/>
    <property name="Zoning" value="ResidentialOld,Residential"/>
    <property name="RotationToFaceNorth" value="2"/>
    <property name="YOffset" value="-40"/>
    <property name="DistantPOIYOffset" value="0"/>
    <property name="AllowedBiomes" value="desert"/>
    <property name="AllowedTownships" value="wilderness"/>
    <property name="EditorGroups" value="Wilderness"/>
    <property name="SleeperVolumeStart" value="12, 40, 7#5, 40, 49#56, 39, 47#56, 40, 86#92, 20, 105#61, 27, 50#55, 32, 73#63, 31, 83#79, 29, 35#64, 30, 40#64, 31, 22#87, 31, 60#47, 27, 53#85, 21, 74#75, 21, 74#48, 19, 84#75, 19, 87#24, 26, 76#36, 32, 102#12, 32, 66#36, 30, 60#22, 27, 100#14, 16, 75#24, 22, 54#29, 17, 81#14, 22, 32#29, 24, 27#43, 3, 20#35, 18, 22#36, 18, 29#42, 18, 43#58, 8, 23#36, 4, 33#61, 3, 22#61, 3, 31#68, 9, 17#81, 9, 17#71, 10, 44#60, 8, 62#38, 8, 87#23, 3, 40#63, 19, 89#56, 44, 51#57, 57, 47#2, 48, 47#19, 40, 84#73, 40, 25#76, 40, 68#25, 25, 8"/>
    <property name="SleeperVolumeSize" value="27, 14, 32#9, 6, 11#9, 4, 22#9, 12, 9#8, 3, 7#25, 9, 32#4, 2, 4#10, 5, 19#10, 8, 14#7, 4, 8#7, 7, 17#15, 4, 6#9, 6, 19#9, 4, 12#7, 3, 12#15, 17, 22#19, 17, 17#23, 9, 24#11, 3, 4#8, 3, 31#9, 5, 13#9, 5, 6#10, 8, 8#11, 14, 22#13, 4, 14#10, 14, 32#22, 11, 20#14, 19, 19#8, 3, 4#7, 3, 5#6, 3, 9#44, 16, 20#6, 3, 5#7, 4, 7#7, 3, 7#6, 3, 5#6, 3, 5#13, 6, 15#26, 9, 26#14, 8, 15#29, 13, 29#10, 8, 17#8, 9, 31#7, 8, 11#20, 9, 27#24, 16, 30#30, 10, 35#31, 16, 36#14, 2, 15"/>
    <property name="SleeperVolumeGroup" value=",3,7,,1,1,,1,4,,2,4,,1,3,,4,8,,1,2,,1,3,,2,4,,1,2,,1,3,,1,2,,1,3,,1,3,,1,3,,2,5,,3,7,,3,5,,1,1,,2,4,,1,1,,1,2,,1,3,,2,5,,1,3,,3,7,,2,4,,3,7,,1,2,,1,1,,1,1,,5,7,,1,1,,1,1,,1,1,,1,1,,1,1,,1,3,,3,7,,2,4,,4,8,,1,4,,2,4,,1,3,,1,3,,2,5,,1,4,,3,7,,2,4"/>
    <property name="SleeperVolumeGameStageAdjust" value=",,,,,,,,,,,,,,,,,,,,,,,,,,,,,,,,,,,,,,,,,,,,,,,,"/>
    <property name="SleeperIsLootVolume" value="False,False,False,False,False,False,False,False,False,False,False,False,False,False,False,False,False,False,False,False,False,False,False,False,False,False,False,False,False,False,False,False,False,False,False,False,False,False,False,False,False,False,False,False,False,False,False,False,False"/>
    <property name="SleeperIsQuestExclude" value="False,False,False,False,False,False,False,False,False,False,False,False,False,False,False,False,False,False,False,False,False,False,False,False,False,False,False,False,False,False,False,False,False,False,False,False,False,False,False,False,False,False,False,False,False,False,False,False,False"/>
    <property name="SleeperVolumeFlags" value="0,0,0,0,0,0,0,0,0,0,0,0,0,0,0,0,0,0,0,0,0,0,0,0,0,0,0,0,0,0,0,0,0,0,0,0,0,0,0,0,0,0,0,0,0,0,0,0,0"/>
    <property name="SleeperVolumeGroupId" value="0,0,0,0,0,0,0,0,0,0,0,0,0,0,0,0,0,0,0,0,0,0,0,0,0,0,0,0,0,0,0,0,0,0,0,0,0,0,0,0,0,0,0,0,0,0,0,0,0"/>
    <property name="ShowQuestClearCount" value="0,0,0,0,0,0,0,0,0,0,0,0,0,0,0,0,0,0,0,0,0,0,0,0,0,0,0,0,0,0,0,0,0,0,0,0,0,0,0,0,0,0,0,0,0,0,0,0,0"/>
</prefab>
