<?xml version="1.0" encoding="UTF-8"?>
<prefab>
    <property name="CopyAirBlocks" value="True"/>
    <property name="AllowTopSoilDecorations" value="True"/>
    <property name="ExcludeDistantPOIMesh" value="False"/>
    <property name="ExcludePOICulling" value="False"/>
    <property name="DifficultyTier" value="5"/>
    <property name="Zoning" value="Residential"/>
    <property name="RotationToFaceNorth" value="1"/>
    <property name="YOffset" value="-14"/>
    <property name="DistantPOIYOffset" value="0"/>
    <property name="AllowedBiomes" value="snow,pine_forest,desert"/>
    <property name="AllowedTownships" value="city,rural,town,wilderness"/>
    <property name="EditorGroups" value="Wilderness, rural, house new"/>
    <property name="SleeperVolumeStart" value="0, 5, 122#0, 14, 81#46, 14, 81#84, 14, 81#47, 13, 141#36, 13, 0#1, 13, 0#46, 0, 81#84, 14, 0"/>
    <property name="SleeperVolumeSize" value="46, 22, 50#46, 13, 41#38, 13, 59#51, 13, 59#88, 15, 31#48, 13, 81#35, 13, 81#38, 14, 29#50, 13, 81"/>
    <property name="SleeperVolumeGroup" value=",27,35,,20,25,,40,60,,32,40,,30,37,,20,27,,20,29,,18,20,,20,28"/>
    <property name="SleeperVolumeGameStageAdjust" value=",0,0,0,50,0,50,0,0"/>
    <property name="SleeperIsLootVolume" value="False,False,False,False,False,False,False,False,False"/>
    <property name="SleeperIsQuestExclude" value="False,False,False,False,False,False,False,False,False"/>
    <property name="SleeperVolumeFlags" value="0,0,0,0,0,0,0,0,0"/>
    <property name="SleeperVolumeGroupId" value="0,0,0,0,0,0,0,0,0"/>
    <property name="ShowQuestClearCount" value="0,0,0,0,0,0,0,0,0"/>
</prefab>
