<?xml version="1.0" encoding="UTF-8"?>
<prefab>
    <property name="CopyAirBlocks" value="True"/>
    <property name="AllowTopSoilDecorations" value="True"/>
    <property name="ExcludeDistantPOIMesh" value="False"/>
    <property name="ExcludePOICulling" value="False"/>
    <property name="QuestTags" value="clear,fetch"/>
    <property name="DifficultyTier" value="5"/>
    <property name="Zoning" value="Downtown,Residential"/>
    <property name="RotationToFaceNorth" value="1"/>
    <property name="YOffset" value="-6"/>
    <property name="DistantPOIYOffset" value="0"/>
    <property name="AllowedBiomes" value="burnt_forest,wasteland"/>
    <property name="AllowedTownships" value="city"/>
    <property name="EditorGroups" value="downtown"/>
    <property name="SleeperVolumeStart" value="31, 5, 98#28, 5, 78#28, 20, 35#58, 5, 69#11, 12, 48#29, 6, 2#7, 6, 2#11, 12, 74#58, 5, 10#7, 5, 48#7, 5, 78#29, 12, 48#7, 12, 84#20, 12, 75#9, 6, 129"/>
    <property name="SleeperVolumeSize" value="22, 4, 27#25, 4, 20#28, 7, 51#34, 4, 59#17, 4, 26#21, 5, 74#22, 4, 45#8, 4, 10#34, 4, 59#22, 4, 30#22, 4, 47#22, 6, 32#44, 6, 41#8, 5, 9#44, 4, 11"/>
    <property name="SleeperVolumeGroup" value=",2,4,,5,7,,6,7,,7,8,,6,7,,7,8,,7,8,,1,2,,7,8,,10,12,,5,8,,6,8,,12,16,,1,1,,4,6"/>
    <property name="SleeperVolumeGameStageAdjust" value=",,,,,,,,,,,,,,"/>
    <property name="SleeperIsLootVolume" value="False,False,False,False,False,False,False,False,False,False,False,False,False,False,False"/>
    <property name="SleeperIsQuestExclude" value="False,False,False,False,False,False,False,False,False,False,False,False,False,False,False"/>
    <property name="SleeperVolumeFlags" value="0,0,0,0,0,0,0,0,0,0,0,0,0,0,0"/>
    <property name="SleeperVolumeGroupId" value="0,0,0,0,1,0,0,1,0,0,0,0,0,0,0"/>
    <property name="ShowQuestClearCount" value="0,0,0,0,0,0,0,0,0,0,0,0,0,0,0"/>
</prefab>
