<?xml version="1.0" encoding="UTF-8"?>
<prefab>
    <property name="CopyAirBlocks" value="True"/>
    <property name="AllowTopSoilDecorations" value="True"/>
    <property name="ExcludeDistantPOIMesh" value="False"/>
    <property name="ExcludePOICulling" value="False"/>
    <property name="DifficultyTier" value="1"/>
    <property name="Zoning" value="Downtown,Residential"/>
    <property name="RotationToFaceNorth" value="0"/>
    <property name="YOffset" value="-1"/>
    <property name="DistantPOIYOffset" value="0"/>
    <property name="AllowedBiomes" value="wasteland"/>
    <property name="AllowedTownships" value="city,town"/>
    <property name="EditorGroups" value="downtown"/>
    <property name="SleeperVolumeStart" value="0, 1, 0"/>
    <property name="SleeperVolumeSize" value="23, 7, 15"/>
    <property name="SleeperVolumeGroup" value=",5,10"/>
    <property name="SleeperVolumeGameStageAdjust" value=""/>
    <property name="SleeperIsLootVolume" value="False"/>
    <property name="SleeperIsQuestExclude" value="False"/>
    <property name="SleeperVolumeFlags" value="0"/>
    <property name="SleeperVolumeGroupId" value="0"/>
    <property name="ShowQuestClearCount" value="1"/>
</prefab>
