<?xml version="1.0" encoding="UTF-8"?>
<prefab>
    <property name="CopyAirBlocks" value="True"/>
    <property name="AllowTopSoilDecorations" value="True"/>
    <property name="ExcludeDistantPOIMesh" value="False"/>
    <property name="ExcludePOICulling" value="False"/>
    <property name="DifficultyTier" value="4"/>
    <property name="Zoning" value="Downtown,Residential"/>
    <property name="RotationToFaceNorth" value="2"/>
    <property name="YOffset" value="-1"/>
    <property name="DistantPOIYOffset" value="0"/>
    <property name="AllowedBiomes" value="snow,pine_forest,desert"/>
    <property name="AllowedTownships" value="city,town"/>
    <property name="EditorGroups" value="downtown"/>
    <property name="SleeperVolumeStart" value="1, 1, 41#1, 1, 20#7, 1, 2#7, 2, 34#7, 2, 23#23, 2, 23#8, 6, 24#23, 6, 24#38, 1, 23#7, 12, 23"/>
    <property name="SleeperVolumeSize" value="48, 3, 16#6, 3, 21#42, 3, 21#31, 3, 7#16, 3, 11#15, 3, 11#15, 3, 16#14, 3, 16#11, 3, 18#30, 3, 17"/>
    <property name="SleeperVolumeGroup" value=",5,6,,3,4,,4,5,,6,7,,4,5,,5,6,,9,9,,5,6,,1,1,,4,5"/>
    <property name="SleeperVolumeGameStageAdjust" value=",,,,,,,,,"/>
    <property name="SleeperIsLootVolume" value="False,False,False,False,False,False,False,False,False,False"/>
    <property name="SleeperIsQuestExclude" value="False,False,False,False,False,False,False,False,False,False"/>
    <property name="SleeperVolumeFlags" value="0,0,0,0,0,0,0,0,0,0"/>
    <property name="SleeperVolumeGroupId" value="0,0,0,0,0,0,0,0,0,0"/>
    <property name="ShowQuestClearCount" value="0,0,0,0,0,0,0,0,0,0"/>
</prefab>
