<?xml version="1.0" encoding="UTF-8"?>
<prefab>
    <property name="CopyAirBlocks" value="True"/>
    <property name="AllowTopSoilDecorations" value="True"/>
    <property name="ExcludeDistantPOIMesh" value="False"/>
    <property name="ExcludePOICulling" value="False"/>
    <property name="QuestTags" value="clear,fetch"/>
    <property name="DifficultyTier" value="5"/>
    <property name="Zoning" value="ResidentialOld,Residential"/>
    <property name="RotationToFaceNorth" value="1"/>
    <property name="YOffset" value="-9"/>
    <property name="DistantPOIYOffset" value="0"/>
    <property name="AllowedBiomes" value="wasteland"/>
    <property name="AllowedTownships" value="wilderness"/>
    <property name="EditorGroups" value="Wilderness"/>
    <property name="SleeperVolumeStart" value="38, 9, 0#24, 10, 32#3, 4, 36#24, 18, 32#24, 22, 32#11, 10, 30#11, 14, 28#11, 18, 28#11, 22, 28#11, 10, 10#11, 14, 10#11, 18, 10#11, 22, 10#24, 10, 10#24, 14, 10#24, 18, 10#24, 22, 10#43, 12, 4#12, 26, 10#12, 26, 29#24, 14, 32#10, 4, 30#10, 4, 24#10, 4, 12#3, 4, 3#19, 4, 13#27, 2, 12"/>
    <property name="SleeperVolumeSize" value="13, 3, 46#14, 3, 12#15, 3, 8#14, 3, 12#14, 3, 12#12, 3, 14#12, 3, 16#12, 3, 16#12, 3, 16#12, 3, 14#12, 3, 17#12, 3, 17#12, 3, 17#14, 3, 14#14, 3, 13#14, 3, 13#14, 3, 13#5, 26, 25#25, 6, 19#25, 6, 19#14, 3, 12#8, 3, 6#8, 3, 6#8, 3, 6#6, 3, 33#2, 3, 28#6, 3, 9"/>
    <property name="SleeperVolumeGroup" value=",2,3,,1,2,,2,3,,1,2,,3,4,,2,3,,1,2,,1,2,,2,3,,1,2,,2,3,,2,3,,1,1,,1,2,,2,3,,1,2,,1,2,,1,2,,3,4,,2,3,,3,4,,1,1,,1,2,,1,1,,1,2,,1,2,,1,2"/>
    <property name="SleeperVolumeGameStageAdjust" value=",,,,,,,,,,,,,,,,,,,,,,,,,,"/>
    <property name="SleeperIsLootVolume" value="False,False,False,False,False,False,False,False,False,False,False,False,False,False,False,False,False,False,False,False,False,False,False,False,False,False,False"/>
    <property name="SleeperIsQuestExclude" value="False,False,False,False,False,False,False,False,False,False,False,False,False,False,False,False,False,False,False,False,False,False,False,False,False,False,False"/>
    <property name="SleeperVolumeFlags" value="2,0,0,0,0,0,0,0,0,0,0,0,0,0,0,0,0,0,0,0,0,0,0,0,0,0,0"/>
    <property name="SleeperVolumeGroupId" value="0,0,0,0,0,0,0,0,0,0,0,0,0,0,0,0,0,0,0,0,0,0,0,0,0,0,0"/>
    <property name="ShowQuestClearCount" value="0,0,0,0,0,0,0,0,0,0,0,0,0,0,0,0,0,0,0,0,0,0,0,0,0,0,0"/>
</prefab>
