<?xml version="1.0" encoding="UTF-8"?>
<prefab>
    <property name="CopyAirBlocks" value="True"/>
    <property name="AllowTopSoilDecorations" value="True"/>
    <property name="ExcludeDistantPOIMesh" value="False"/>
    <property name="ExcludePOICulling" value="False"/>
    <property name="DifficultyTier" value="1"/>
    <property name="Zoning" value="Industrial,Residential"/>
    <property name="RotationToFaceNorth" value="0"/>
    <property name="YOffset" value="-13"/>
    <property name="DistantPOIYOffset" value="0"/>
    <property name="AllowedBiomes" value="snow,pine_forest"/>
    <property name="AllowedTownships" value="city,town"/>
    <property name="EditorGroups" value="industrial"/>
    <property name="SleeperVolumeStart" value="26, 1, 5#4, 5, 36#3, 13, 25#26, 13, 25#2, 13, 1#26, 8, 2#26, 13, 14"/>
    <property name="SleeperVolumeSize" value="19, 4, 15#15, 4, 9#20, 8, 19#18, 6, 19#21, 25, 23#19, 8, 12#17, 10, 6"/>
    <property name="SleeperVolumeGroup" value=",5,6,,2,3,,3,4,,5,7,,3,4,,2,3,,2,3"/>
    <property name="SleeperVolumeGameStageAdjust" value=",,,,,,"/>
    <property name="SleeperIsLootVolume" value="False,False,False,False,False,False,False"/>
    <property name="SleeperIsQuestExclude" value="False,False,False,False,False,False,False"/>
    <property name="SleeperVolumeFlags" value="0,0,0,0,0,0,0"/>
    <property name="SleeperVolumeGroupId" value="0,0,0,0,0,0,0"/>
    <property name="ShowQuestClearCount" value="0,0,0,0,0,0,0"/>
</prefab>
