<?xml version="1.0" encoding="UTF-8"?>
<prefab>
    <property name="CopyAirBlocks" value="True"/>
    <property name="AllowTopSoilDecorations" value="True"/>
    <property name="ExcludeDistantPOIMesh" value="False"/>
    <property name="ExcludePOICulling" value="False"/>
    <property name="DifficultyTier" value="5"/>
    <property name="Zoning" value="Residential"/>
    <property name="RotationToFaceNorth" value="3"/>
    <property name="YOffset" value="-11"/>
    <property name="DistantPOIYOffset" value="0"/>
    <property name="AllowedBiomes" value="pine_forest"/>
    <property name="AllowedTownships" value="city"/>
    <property name="EditorGroups" value="Cityblocks"/>
    <property name="SleeperVolumeStart" value="23, 1, 19#22, 6, 18#62, 15, 21#22, 24, 14#22, 33, 14#22, 42, 14#22, 50, 14#22, 58, 14#22, 66, 14#84, 11, 53#0, 11, 73#0, 11, 0#0, 11, 5#83, 11, 2#15, 11, 60#16, 11, 14#90, 11, 29#28, 15, 31#70, 15, 40#22, 77, 15#22, 77, 50#33, 67, 55#33, 67, 19#90, 11, 39#2, 11, 39"/>
    <property name="SleeperVolumeSize" value="48, 5, 40#50, 9, 42#9, 9, 17#50, 9, 50#50, 9, 50#50, 8, 50#50, 8, 50#50, 8, 50#50, 11, 50#10, 3, 22#85, 3, 5#83, 3, 5#5, 3, 34#11, 3, 27#57, 2, 4#45, 2, 4#4, 3, 10#1, 4, 16#1, 1, 3#11, 2, 13#11, 2, 13#1, 3, 4#1, 3, 4#2, 3, 14#3, 3, 34"/>
    <property name="SleeperVolumeGroup" value=",10,20,,10,20,,5,6,,8,20,,10,20,,10,20,,10,20,,10,20,,20,35,,10,10,,0,0,,0,0,,0,0,,10,10,,120,140,,120,140,,0,0,,0,0,,0,0,,5,16,,5,16,,0,0,,0,0,,0,0,,0,0"/>
    <property name="SleeperVolumeGameStageAdjust" value=",,,,,,,,,,,,,,,,,,,,,,,,"/>
    <property name="SleeperIsLootVolume" value="False,False,False,False,False,False,False,False,False,False,False,False,False,False,False,False,False,False,False,False,False,False,False,False,False"/>
    <property name="SleeperIsQuestExclude" value="False,False,False,False,False,False,False,False,False,False,False,False,False,False,False,False,False,False,False,False,False,False,False,False,False"/>
    <property name="SleeperVolumeFlags" value="2,2,0,2,2,2,2,2,2,2,2,2,2,2,2,2,2,2,2,2,2,2,2,2,2"/>
    <property name="SleeperVolumeGroupId" value="0,0,0,0,0,0,0,0,0,2,2,1,1,1,4,3,1,3,4,5,5,5,5,2,2"/>
    <property name="ShowQuestClearCount" value="0,0,0,0,0,0,0,0,0,0,0,0,0,0,0,0,0,0,0,0,0,0,0,0,0"/>
</prefab>
