<?xml version="1.0" encoding="UTF-8"?>
<prefab>
    <property name="CopyAirBlocks" value="True"/>
    <property name="AllowTopSoilDecorations" value="True"/>
    <property name="ExcludeDistantPOIMesh" value="False"/>
    <property name="ExcludePOICulling" value="False"/>
    <property name="QuestTags" value="clear,fetch"/>
    <property name="DifficultyTier" value="5"/>
    <property name="Zoning" value="Downtown,Residential"/>
    <property name="RotationToFaceNorth" value="0"/>
    <property name="YOffset" value="-2"/>
    <property name="DistantPOIYOffset" value="0"/>
    <property name="AllowedBiomes" value="snow,pine_forest,desert,wasteland"/>
    <property name="AllowedTownships" value="city,rural,town"/>
    <property name="EditorGroups" value="commercial, rural, downtown, industrial"/>
    <property name="SleeperVolumeStart" value="0, 2, 27#41, 2, 4#0, 2, 0#9, 2, 4#31, 2, 4#0, 9, 2#0, 2, 4#31, 2, 17#9, 2, 4"/>
    <property name="SleeperVolumeSize" value="42, 3, 21#1, 3, 23#42, 3, 4#22, 7, 23#10, 7, 13#42, 3, 27#9, 7, 23#10, 7, 10#22, 7, 23"/>
    <property name="SleeperVolumeGroup" value=",3,4,,1,1,,1,1,,15,20,,3,4,,3,6,,7,9,,1,2,,15,20"/>
    <property name="SleeperVolumeGameStageAdjust" value=",,,,,,,,"/>
    <property name="SleeperIsLootVolume" value="False,False,False,False,False,False,False,False,False"/>
    <property name="SleeperIsQuestExclude" value="False,False,False,False,False,False,False,False,False"/>
    <property name="SleeperVolumeFlags" value="2,2,2,2,0,0,0,0,0"/>
    <property name="SleeperVolumeGroupId" value="0,0,0,0,0,0,0,0,0"/>
    <property name="ShowQuestClearCount" value="0,0,0,0,0,0,0,0,0"/>
</prefab>
