<?xml version="1.0" encoding="UTF-8"?>
<prefab>
    <property name="CopyAirBlocks" value="True"/>
    <property name="AllowTopSoilDecorations" value="True"/>
    <property name="ExcludeDistantPOIMesh" value="False"/>
    <property name="ExcludePOICulling" value="False"/>
    <property name="QuestTags" value="clear,fetch"/>
    <property name="DifficultyTier" value="1"/>
    <property name="Zoning" value="Residential"/>
    <property name="RotationToFaceNorth" value="2"/>
    <property name="YOffset" value="-1"/>
    <property name="DistantPOIYOffset" value="0"/>
    <property name="AllowedBiomes" value="snow,pine_forest,desert"/>
    <property name="AllowedTownships" value="city,rural,town"/>
    <property name="EditorGroups" value="house new, rural"/>
    <property name="SleeperVolumeStart" value="9, 7, 21#2, 0, 1#22, 7, 21#22, 7, 8#9, 7, 8#8, 13, 6"/>
    <property name="SleeperVolumeSize" value="12, 5, 12#39, 6, 44#12, 5, 12#12, 5, 12#12, 5, 12#28, 6, 29"/>
    <property name="SleeperVolumeGroup" value=",3,4,,13,13,,3,4,,3,4,,3,4,,8,8"/>
    <property name="SleeperVolumeGameStageAdjust" value=",hard,,,,"/>
    <property name="SleeperIsLootVolume" value="False,True,False,False,False,False"/>
    <property name="SleeperIsQuestExclude" value="False,False,False,False,False,False"/>
    <property name="SleeperVolumeFlags" value="0,2,0,0,0,0"/>
    <property name="SleeperVolumeGroupId" value="0,0,0,0,0,0"/>
    <property name="ShowQuestClearCount" value="0,0,0,0,0,0"/>
</prefab>
