<?xml version="1.0" encoding="UTF-8"?>
<prefab>
    <property name="CopyAirBlocks" value="True"/>
    <property name="AllowTopSoilDecorations" value="True"/>
    <property name="ExcludeDistantPOIMesh" value="False"/>
    <property name="ExcludePOICulling" value="False"/>
    <property name="QuestTags" value="clear,fetch"/>
    <property name="DifficultyTier" value="2"/>
    <property name="Zoning" value="Residential"/>
    <property name="RotationToFaceNorth" value="3"/>
    <property name="YOffset" value="-2"/>
    <property name="DistantPOIYOffset" value="-0.1"/>
    <property name="AllowedBiomes" value="snow,pine_forest,desert"/>
    <property name="AllowedTownships" value="city,town"/>
    <property name="EditorGroups" value="house new, house old, House medium, HOUSE CONST"/>
    <property name="SleeperVolumeStart" value="23, 2, 7#11, 2, 0#6, 3, 14#9, 3, 7#15, 3, 13#10, 3, 17#10, 6, 8"/>
    <property name="SleeperVolumeSize" value="7, 3, 26#19, 3, 6#6, 2, 3#10, 2, 7#4, 2, 4#12, 2, 10#8, 4, 9"/>
    <property name="SleeperVolumeGroup" value=",4,4,,3,3,,2,2,,4,4,,3,3,,6,6,,6,6"/>
    <property name="SleeperVolumeGameStageAdjust" value=",,,,,,"/>
    <property name="SleeperIsLootVolume" value="False,False,False,False,False,False,False"/>
    <property name="SleeperIsQuestExclude" value="False,False,False,False,False,False,False"/>
    <property name="SleeperVolumeFlags" value="2,2,0,0,0,0,0"/>
    <property name="SleeperVolumeGroupId" value="1,1,0,0,0,0,0"/>
    <property name="ShowQuestClearCount" value="0,0,0,0,0,0,0"/>
</prefab>
