<?xml version="1.0" encoding="UTF-8"?>
<prefab>
    <property name="CopyAirBlocks" value="True"/>
    <property name="AllowTopSoilDecorations" value="True"/>
    <property name="ExcludeDistantPOIMesh" value="False"/>
    <property name="ExcludePOICulling" value="False"/>
    <property name="QuestTags" value="clear,fetch"/>
    <property name="DifficultyTier" value="5"/>
    <property name="Zoning" value="Commercial,Residential"/>
    <property name="RotationToFaceNorth" value="3"/>
    <property name="YOffset" value="-6"/>
    <property name="DistantPOIYOffset" value="0"/>
    <property name="AllowedBiomes" value="wasteland"/>
    <property name="AllowedTownships" value="rural,town"/>
    <property name="EditorGroups" value="industrial, commercial, downtown, rural"/>
    <property name="SleeperVolumeStart" value="1, 6, 52#1, 6, 40#1, 5, 23#1, 6, 1#53, 6, 45#52, 6, 23#65, 6, 1#136, 6, 1#85, 6, 23#119, 6, 23#155, 6, 23#172, 6, 40#160, 6, 40#126, 6, 43#181, 6, 1#163, 6, 1#95, 9, 26"/>
    <property name="SleeperVolumeSize" value="52, 3, 14#43, 3, 12#51, 3, 17#64, 3, 22#73, 3, 23#33, 3, 22#71, 3, 22#27, 3, 22#34, 3, 22#36, 3, 19#44, 3, 17#26, 3, 27#11, 3, 11#32, 3, 24#23, 3, 22#18, 3, 22#10, 7, 9"/>
    <property name="SleeperVolumeGroup" value=",4,5,,5,7,,2,4,,8,9,,3,5,,6,9,,15,18,,8,10,,4,5,,5,8,,6,9,,4,7,,1,2,,4,6,,12,15,,8,11,,2,4"/>
    <property name="SleeperVolumeGameStageAdjust" value=",,,,,,,,,,,,,,,,"/>
    <property name="SleeperIsLootVolume" value="False,False,False,False,False,False,False,False,False,False,False,False,False,False,False,False,False"/>
    <property name="SleeperIsQuestExclude" value="False,False,False,False,False,False,False,False,False,False,False,False,False,False,False,False,False"/>
    <property name="SleeperVolumeFlags" value="0,0,0,0,0,0,0,0,0,0,0,0,0,0,2,0,0"/>
    <property name="SleeperVolumeGroupId" value="0,0,0,0,0,0,0,0,0,0,0,0,0,0,0,0,0"/>
    <property name="ShowQuestClearCount" value="0,0,0,0,0,0,0,0,0,0,0,0,0,0,0,0,0"/>
</prefab>
