<?xml version="1.0" encoding="UTF-8"?>
<prefab>
    <property name="CopyAirBlocks" value="True"/>
    <property name="AllowTopSoilDecorations" value="True"/>
    <property name="ExcludeDistantPOIMesh" value="False"/>
    <property name="ExcludePOICulling" value="False"/>
    <property name="QuestTags" value="clear,fetch"/>
    <property name="DifficultyTier" value="5"/>
    <property name="Zoning" value="Downtown,Residential"/>
    <property name="RotationToFaceNorth" value="3"/>
    <property name="YOffset" value="-14"/>
    <property name="DistantPOIYOffset" value="0"/>
    <property name="AllowedBiomes" value="pine_forest,wasteland"/>
    <property name="AllowedTownships" value="city,rural,town"/>
    <property name="EditorGroups" value="rural, downtown"/>
    <property name="SleeperVolumeStart" value="8, 14, 21#7, 14, 34#5, 14, 5#44, 14, 20#41, 14, 46#32, 14, 46#32, 3, 49#53, 5, 49#74, 4, 38#54, 10, 55#32, 3, 36#32, 9, 17#32, 14, 21#20, 14, 5#38, 14, 5#48, 14, 5#63, 14, 5#35, 17, 20#69, 14, 20#77, 14, 43#78, 14, 18#74, 4, 30#78, 4, 31#79, 11, 28#80, 19, 25#52, 5, 7#32, 4, 18#42, 4, 0#32, 4, 24#38, 20, 19"/>
    <property name="SleeperVolumeSize" value="21, 3, 14#24, 3, 21#9, 3, 14#12, 5, 26#22, 4, 15#7, 2, 13#19, 8, 11#24, 3, 12#8, 11, 9#21, 1, 6#9, 8, 12#9, 3, 13#8, 2, 7#16, 3, 13#11, 5, 15#15, 2, 12#13, 2, 15#9, 5, 26#8, 6, 25#11, 2, 5#10, 4, 6#3, 8, 6#11, 5, 15#10, 8, 5#10, 5, 14#22, 3, 10#9, 2, 12#9, 5, 27#3, 2, 5#13, 7, 27"/>
    <property name="SleeperVolumeGroup" value=",3,10,,3,9,,1,1,,5,7,,4,8,,5,8,,5,8,,8,9,,2,5,,1,3,,5,8,,7,10,,3,8,,1,4,,6,8,,3,8,,5,8,,8,12,,3,9,,1,1,,1,4,,1,4,,5,8,,1,1,,1,2,,5,8,,4,6,,1,3,,1,1,,5,6"/>
    <property name="SleeperVolumeGameStageAdjust" value=",,,,,,,,,,,,,,,,,,,,,,,,,,,,,"/>
    <property name="SleeperIsLootVolume" value="False,False,False,False,False,False,False,False,False,False,False,False,False,False,False,False,False,False,False,False,False,False,False,False,False,False,False,False,True,False"/>
    <property name="SleeperIsQuestExclude" value="False,False,False,False,False,False,False,False,False,False,False,False,False,False,False,False,False,False,False,False,False,False,False,False,False,False,False,False,False,False"/>
    <property name="SleeperVolumeFlags" value="0,0,0,0,0,0,0,0,0,0,0,0,0,0,0,0,0,0,0,0,0,0,0,0,0,0,0,0,0,0"/>
    <property name="SleeperVolumeGroupId" value="0,0,0,0,0,0,0,0,0,0,0,0,0,0,0,0,0,0,0,0,0,0,0,0,0,0,0,0,0,0"/>
    <property name="ShowQuestClearCount" value="0,0,0,0,0,0,0,0,0,0,0,0,0,0,0,0,0,0,0,0,0,0,0,0,0,0,0,0,0,0"/>
</prefab>
