<?xml version="1.0" encoding="UTF-8"?>
<prefab>
    <property name="CopyAirBlocks" value="True"/>
    <property name="AllowTopSoilDecorations" value="True"/>
    <property name="ExcludeDistantPOIMesh" value="False"/>
    <property name="ExcludePOICulling" value="False"/>
    <property name="QuestTags" value="clear,fetch"/>
    <property name="DifficultyTier" value="2"/>
    <property name="Zoning" value="Industrial,Residential"/>
    <property name="RotationToFaceNorth" value="2"/>
    <property name="YOffset" value="-2"/>
    <property name="DistantPOIYOffset" value="0"/>
    <property name="AllowedBiomes" value="snow,pine_forest"/>
    <property name="AllowedTownships" value="wilderness"/>
    <property name="EditorGroups" value="Wilderness, industrial"/>
    <property name="SleeperVolumeStart" value="23, 2, 5#9, 3, 14#4, 2, 9#4, 2, 8#4, 2, 23#19, 2, 8#3, 49, 20#17, 49, 20#11, 50, 7"/>
    <property name="SleeperVolumeSize" value="8, 7, 21#7, 54, 6#1, 1, 14#15, 1, 1#16, 1, 1#1, 1, 15#5, 1, 1#4, 1, 1#3, 2, 7"/>
    <property name="SleeperVolumeGroup" value=",3,4,,5,7,,0,0,,0,0,,0,0,,0,0,,4,4,,4,4,,10,14"/>
    <property name="SleeperVolumeGameStageAdjust" value=",,,,,,,,"/>
    <property name="SleeperIsLootVolume" value="False,False,False,False,False,False,False,False,False"/>
    <property name="SleeperIsQuestExclude" value="False,False,False,False,False,False,False,False,False"/>
    <property name="SleeperVolumeFlags" value="0,0,2,2,2,2,2,2,2"/>
    <property name="SleeperVolumeGroupId" value="0,0,1,1,1,1,1,1,1"/>
    <property name="ShowQuestClearCount" value="0,0,0,0,0,0,0,0,0"/>
</prefab>
