<?xml version="1.0" encoding="UTF-8"?>
<prefab>
    <property name="CopyAirBlocks" value="True"/>
    <property name="AllowTopSoilDecorations" value="True"/>
    <property name="ExcludeDistantPOIMesh" value="False"/>
    <property name="ExcludePOICulling" value="False"/>
    <property name="DifficultyTier" value="3"/>
    <property name="Zoning" value="Commercial,Residential"/>
    <property name="RotationToFaceNorth" value="3"/>
    <property name="YOffset" value="-5"/>
    <property name="DistantPOIYOffset" value="0"/>
    <property name="AllowedBiomes" value="burnt_forest,wasteland"/>
    <property name="AllowedTownships" value="city,rural,town,wilderness"/>
    <property name="EditorGroups" value="commercial, downtown, Cityblocks, rural, Wilderness, industrial"/>
    <property name="SleeperVolumeStart" value="17, 6, 43#30, 11, 44#29, 6, 46#17, 6, 23#30, 11, 27#21, 18, 29#18, 11, 36#26, 18, 38#28, 18, 23#62, 6, 2#46, 6, 23#46, 6, 60#14, 6, 54#31, 6, 30#32, 7, 26#18, 11, 35#18, 11, 24#29, 6, 43"/>
    <property name="SleeperVolumeSize" value="12, 4, 11#1, 2, 2#17, 5, 8#29, 3, 20#1, 2, 2#8, 4, 7#13, 4, 19#15, 3, 5#13, 6, 15#6, 2, 21#21, 4, 37#22, 2, 15#32, 4, 21#8, 3, 3#5, 3, 1#10, 3, 1#13, 3, 10#17, 3, 3"/>
    <property name="SleeperVolumeGroup" value=",4,5,,2,2,,2,7,,10,16,,2,2,,4,7,,4,5,,3,4,,5,6,,1,1,,5,11,,2,3,,3,8,,1,2,,0,0,,0,0,,1,3,,1,2"/>
    <property name="SleeperVolumeGameStageAdjust" value=",,,,,,,,,,,,,,,,,"/>
    <property name="SleeperIsLootVolume" value="True,True,True,False,True,True,True,True,True,True,True,True,True,True,False,False,False,False"/>
    <property name="SleeperIsQuestExclude" value="False,False,False,False,False,False,False,False,False,False,False,False,False,False,False,False,False,False"/>
    <property name="SleeperVolumeFlags" value="0,2,2,0,2,2,0,0,2,2,2,2,2,2,2,2,0,2"/>
    <property name="SleeperVolumeGroupId" value="0,1,0,0,11,14,0,0,0,0,0,0,0,25,11,14,0,1"/>
    <property name="ShowQuestClearCount" value="0,0,0,0,0,0,0,0,0,0,0,0,0,0,0,0,0,0"/>
</prefab>
