<?xml version="1.0" encoding="UTF-8"?>
<prefab>
    <property name="CopyAirBlocks" value="True"/>
    <property name="AllowTopSoilDecorations" value="True"/>
    <property name="ExcludeDistantPOIMesh" value="False"/>
    <property name="ExcludePOICulling" value="False"/>
    <property name="QuestTags" value="clear,fetch"/>
    <property name="DifficultyTier" value="2"/>
    <property name="Zoning" value="Residential"/>
    <property name="RotationToFaceNorth" value="1"/>
    <property name="YOffset" value="-1"/>
    <property name="DistantPOIYOffset" value="0"/>
    <property name="AllowedBiomes" value="snow,pine_forest,desert"/>
    <property name="AllowedTownships" value="city"/>
    <property name="EditorGroups" value="house new, House medium, house old"/>
    <property name="SleeperVolumeStart" value="5, 1, 3#0, 1, 1#1, 10, 2#1, 6, 2#4, 1, 1#4, 1, 13"/>
    <property name="SleeperVolumeSize" value="11, 4, 9#4, 4, 18#15, 5, 17#15, 4, 17#10, 4, 1#12, 4, 6"/>
    <property name="SleeperVolumeGroup" value=",4,4,,1,2,,1,3,,5,6,,1,2,,2,3"/>
    <property name="SleeperVolumeGameStageAdjust" value=",,,,,"/>
    <property name="SleeperIsLootVolume" value="False,False,False,False,False,False"/>
    <property name="SleeperIsQuestExclude" value="False,False,False,False,False,False"/>
    <property name="SleeperVolumeFlags" value="0,0,0,0,0,0"/>
    <property name="SleeperVolumeGroupId" value="0,0,0,0,0,0"/>
    <property name="ShowQuestClearCount" value="0,0,0,0,0,0"/>
</prefab>
