<?xml version="1.0" encoding="UTF-8"?>
<prefab>
    <property name="CopyAirBlocks" value="True"/>
    <property name="AllowTopSoilDecorations" value="True"/>
    <property name="ExcludeDistantPOIMesh" value="False"/>
    <property name="ExcludePOICulling" value="False"/>
    <property name="DifficultyTier" value="5"/>
    <property name="Zoning" value="Residential"/>
    <property name="RotationToFaceNorth" value="2"/>
    <property name="YOffset" value="-1"/>
    <property name="DistantPOIYOffset" value="0"/>
    <property name="AllowedBiomes" value="wasteland"/>
    <property name="AllowedTownships" value="city,rural,wilderness"/>
    <property name="EditorGroups" value="commercial, downtown, Cityblocks, rural, Wilderness"/>
    <property name="SleeperVolumeStart" value="25, 1, 1#67, 1, 40#124, 1, 42#124, 1, 86#31, 1, 100#90, 1, 102#31, 3, 100#23, 0, 100#23, 1, 42#1, 1, 46#1, 5, 46#1, 1, 28#52, 1, 50#99, 1, 40#67, 11, 40#114, 11, 41#114, 11, 73#108, 11, 95#81, 11, 95#52, 11, 94#22, 11, 94#22, 11, 42#1, 11, 42#1, 17, 70#1, 11, 94#1, 11, 27#77, 21, 40#125, 21, 41#111, 21, 89#86, 21, 93#39, 21, 93#52, 21, 40#39, 20, 41#23, 21, 41#23, 20, 77#1, 22, 27#1, 33, 27#21, 35, 41#119, 35, 41#119, 35, 92#125, 27, 41#76, 29, 40#18, 45, 27"/>
    <property name="SleeperVolumeSize" value="109, 6, 39#32, 4, 10#12, 3, 36#12, 3, 25#58, 1, 11#8, 3, 9#32, 4, 11#6, 4, 11#28, 4, 57#21, 4, 63#21, 4, 63#20, 4, 18#72, 4, 49#12, 7, 10#46, 8, 18#22, 8, 17#22, 8, 18#26, 3, 16#27, 3, 16#29, 7, 17#29, 7, 17#29, 7, 52#21, 5, 52#11, 3, 17#20, 7, 15#20, 7, 15#48, 5, 18#11, 5, 48#25, 5, 22#24, 5, 18#47, 8, 18#24, 5, 18#12, 5, 52#15, 5, 35#15, 11, 34#21, 10, 82#17, 17, 82#98, 9, 70#16, 5, 51#16, 5, 17#11, 5, 48#47, 3, 13#5, 6, 82"/>
    <property name="SleeperVolumeGroup" value=",10,15,,5,8,,7,10,,7,10,,20,22,,4,5,,2,4,,2,2,,20,20,,10,12,,3,5,,3,4,,15,15,,4,6,,12,20,,8,12,,8,12,,6,8,,6,8,,15,25,,10,15,,25,30,,18,20,,3,4,,7,8,,6,8,,25,30,,10,15,,5,7,,15,18,,30,30,,5,6,,12,15,,8,12,,10,15,,40,45,,30,35,,45,50,,6,8,,2,3,,6,8,,8,10,,0,0"/>
    <property name="SleeperVolumeGameStageAdjust" value="easy,,,,,,,,,,,,,,,,,,,,,,,,,,,,,,,,,,,,,,,,,,"/>
    <property name="SleeperIsLootVolume" value="False,False,False,False,False,False,False,False,False,False,False,False,False,False,False,False,False,False,False,False,False,False,False,False,False,False,False,False,False,False,False,False,False,False,False,False,False,False,False,False,False,False,False"/>
    <property name="SleeperIsQuestExclude" value="False,False,False,False,False,False,False,False,False,False,False,False,False,False,False,False,False,False,False,False,False,False,False,False,False,False,False,False,False,False,False,False,False,False,False,False,False,False,False,False,False,False,False"/>
    <property name="SleeperVolumeFlags" value="0,0,0,0,0,0,2,0,0,0,2,0,2,2,0,0,0,0,0,0,0,0,0,2,0,0,0,0,0,0,0,0,0,0,0,0,0,0,2,2,0,0,2"/>
    <property name="SleeperVolumeGroupId" value="0,0,0,0,0,0,0,0,0,1,1,0,0,0,0,0,0,0,0,0,0,0,2,2,0,0,0,0,0,0,0,0,0,0,0,0,0,3,3,3,0,0,3"/>
    <property name="ShowQuestClearCount" value="0,0,0,0,0,0,0,0,0,0,0,0,0,0,0,0,0,0,0,0,0,0,0,0,0,0,0,0,0,0,0,0,0,0,0,0,0,0,0,0,0,0,0"/>
</prefab>
