<?xml version="1.0" encoding="UTF-8"?>
<prefab>
    <property name="CopyAirBlocks" value="True"/>
    <property name="AllowTopSoilDecorations" value="True"/>
    <property name="ExcludeDistantPOIMesh" value="False"/>
    <property name="ExcludePOICulling" value="False"/>
    <property name="QuestTags" value="clear,fetch"/>
    <property name="DifficultyTier" value="2"/>
    <property name="Zoning" value="ResidentialOld,Residential"/>
    <property name="RotationToFaceNorth" value="2"/>
    <property name="YOffset" value="-4"/>
    <property name="DistantPOIYOffset" value="0"/>
    <property name="AllowedBiomes" value="burnt_forest"/>
    <property name="AllowedTownships" value="rural"/>
    <property name="DisallowedBiomes" value="snow,pine_forest,desert,wasteland"/>
    <property name="EditorGroups" value="Wilderness"/>
    <property name="SleeperVolumeStart" value="25, 3, 1#0, 3, 1#27, 4, 27#1, 4, 28#19, 4, 30"/>
    <property name="SleeperVolumeSize" value="18, 3, 22#20, 3, 22#17, 3, 17#17, 3, 15#7, 3, 14"/>
    <property name="SleeperVolumeGroup" value=",2,6,,2,6,,3,5,,3,5,,1,2"/>
    <property name="SleeperVolumeGameStageAdjust" value=",,,,"/>
    <property name="SleeperIsLootVolume" value="False,False,False,False,False"/>
    <property name="SleeperIsQuestExclude" value="False,False,False,False,False"/>
    <property name="SleeperVolumeFlags" value="0,0,0,0,0"/>
    <property name="SleeperVolumeGroupId" value="0,0,0,0,0"/>
    <property name="ShowQuestClearCount" value="0,0,0,0,0"/>
</prefab>
