<?xml version="1.0" encoding="UTF-8"?>
<prefab>
    <property name="CopyAirBlocks" value="True"/>
    <property name="AllowTopSoilDecorations" value="True"/>
    <property name="ExcludeDistantPOIMesh" value="False"/>
    <property name="ExcludePOICulling" value="False"/>
    <property name="QuestTags" value="clear,fetch"/>
    <property name="DifficultyTier" value="3"/>
    <property name="Zoning" value="ResidentialNew,Residential"/>
    <property name="RotationToFaceNorth" value="1"/>
    <property name="YOffset" value="-1"/>
    <property name="DistantPOIYOffset" value="0"/>
    <property name="AllowedBiomes" value="desert,wasteland"/>
    <property name="AllowedTownships" value="city"/>
    <property name="EditorGroups" value="house old, house new"/>
    <property name="SleeperVolumeStart" value="10, 13, 3#10, 9, 3#10, 13, 21#10, 1, 3#10, 5, 3#10, 5, 3#10, 9, 22#10, 5, 22#10, 1, 22#36, 1, 0#0, 1, 0"/>
    <property name="SleeperVolumeSize" value="26, 3, 18#26, 3, 17#26, 3, 18#26, 3, 17#26, 3, 17#26, 3, 17#26, 3, 17#26, 3, 17#26, 3, 17#6, 16, 41#10, 15, 42"/>
    <property name="SleeperVolumeGroup" value=",9,10,,9,10,,9,10,,9,10,,9,10,,5,6,,9,10,,9,10,,9,10,,1,2,,1,2"/>
    <property name="SleeperVolumeGameStageAdjust" value=",,,,,,,,,,"/>
    <property name="SleeperIsLootVolume" value="False,False,False,False,False,False,False,False,False,False,False"/>
    <property name="SleeperIsQuestExclude" value="False,False,False,False,False,False,False,False,False,False,False"/>
    <property name="SleeperVolumeFlags" value="0,0,0,0,0,0,0,0,0,0,0"/>
    <property name="SleeperVolumeGroupId" value="0,0,0,0,0,0,0,0,0,0,0"/>
    <property name="ShowQuestClearCount" value="0,0,0,0,0,0,0,0,0,0,0"/>
</prefab>
