<?xml version="1.0" encoding="UTF-8"?>
<prefab>
    <property name="CopyAirBlocks" value="True"/>
    <property name="AllowTopSoilDecorations" value="True"/>
    <property name="ExcludeDistantPOIMesh" value="False"/>
    <property name="ExcludePOICulling" value="False"/>
    <property name="QuestTags" value="clear,fetch"/>
    <property name="DifficultyTier" value="3"/>
    <property name="Zoning" value="ResidentialNew,Residential"/>
    <property name="RotationToFaceNorth" value="1"/>
    <property name="YOffset" value="-5"/>
    <property name="DistantPOIYOffset" value="0"/>
    <property name="AllowedBiomes" value="snow,pine_forest,desert"/>
    <property name="AllowedTownships" value="city,town"/>
    <property name="EditorGroups" value="house new"/>
    <property name="SleeperVolumeStart" value="20, 1, 15#12, 5, 18#12, 5, 5#25, 5, 1#1, 5, 0#1, 5, 5#12, 10, 11#14, 10, 5#14, 14, 5#3, 8, 17"/>
    <property name="SleeperVolumeSize" value="6, 3, 10#22, 3, 10#13, 3, 13#9, 3, 17#24, 3, 5#11, 3, 23#9, 3, 14#10, 3, 6#7, 3, 20#5, 9, 7"/>
    <property name="SleeperVolumeGroup" value=",3,4,,3,4,,3,4,,3,4,,2,4,,3,5,,3,4,,1,3,,4,6,,1,2"/>
    <property name="SleeperVolumeGameStageAdjust" value=",,,,,,,,,"/>
    <property name="SleeperIsLootVolume" value="False,False,False,False,False,False,False,False,False,False"/>
    <property name="SleeperIsQuestExclude" value="False,False,False,False,False,False,False,False,False,False"/>
    <property name="SleeperVolumeFlags" value="0,0,0,0,0,0,0,0,0,0"/>
    <property name="SleeperVolumeGroupId" value="0,0,0,0,0,0,0,0,0,0"/>
    <property name="ShowQuestClearCount" value="0,0,0,0,0,0,0,0,0,0"/>
</prefab>
