<?xml version="1.0" encoding="UTF-8"?>
<prefab>
    <property name="CopyAirBlocks" value="True"/>
    <property name="AllowTopSoilDecorations" value="True"/>
    <property name="ExcludeDistantPOIMesh" value="False"/>
    <property name="ExcludePOICulling" value="False"/>
    <property name="DifficultyTier" value="1"/>
    <property name="Zoning" value="ResidentialNew,Residential"/>
    <property name="RotationToFaceNorth" value="3"/>
    <property name="YOffset" value="-1"/>
    <property name="DistantPOIYOffset" value="0"/>
    <property name="AllowedBiomes" value="snow,pine_forest,desert"/>
    <property name="AllowedTownships" value="city,rural,wilderness"/>
    <property name="EditorGroups" value="house new, house old"/>
    <property name="SleeperVolumeStart" value="12, 1, 9#31, 1, 20#14, 1, 18#13, 6, 9#23, 6, 9#32, 6, 9#16, 13, 17#27, 6, 21"/>
    <property name="SleeperVolumeSize" value="29, 3, 11#16, 3, 16#17, 3, 13#10, 3, 21#9, 3, 26#9, 3, 22#6, 3, 6#4, 3, 3"/>
    <property name="SleeperVolumeGroup" value=",8,9,,8,9,,8,9,,8,9,,8,9,,4,5,,2,2,,3,3"/>
    <property name="SleeperVolumeGameStageAdjust" value=",,,,,,,"/>
    <property name="SleeperIsLootVolume" value="False,False,False,False,False,False,False,True"/>
    <property name="SleeperIsQuestExclude" value="False,False,False,False,False,False,False,False"/>
    <property name="SleeperVolumeFlags" value="0,0,0,0,0,0,0,0"/>
    <property name="SleeperVolumeGroupId" value="0,0,0,0,0,0,0,0"/>
    <property name="ShowQuestClearCount" value="0,0,0,0,0,0,0,0"/>
</prefab>
