<?xml version="1.0" encoding="UTF-8"?>
<prefab>
    <property name="CopyAirBlocks" value="True"/>
    <property name="AllowTopSoilDecorations" value="True"/>
    <property name="ExcludeDistantPOIMesh" value="False"/>
    <property name="ExcludePOICulling" value="False"/>
    <property name="QuestTags" value="clear,fetch"/>
    <property name="DifficultyTier" value="2"/>
    <property name="Zoning" value="Residential"/>
    <property name="RotationToFaceNorth" value="3"/>
    <property name="YOffset" value="-2"/>
    <property name="DistantPOIYOffset" value="0"/>
    <property name="AllowedBiomes" value="snow,pine_forest,desert"/>
    <property name="AllowedTownships" value="city"/>
    <property name="EditorGroups" value="house new, house old, House medium, HOUSE CONST"/>
    <property name="SleeperVolumeStart" value="13, 3, 20#23, 3, 20#13, 8, 20#15, 13, 23#13, 18, 22#31, 2, 22#31, 2, 6#14, 7, 13#3, 2, 4"/>
    <property name="SleeperVolumeSize" value="9, 3, 15#5, 4, 12#15, 3, 15#12, 3, 12#16, 3, 12#5, 5, 5#2, 3, 5#8, 2, 4#35, 1, 44"/>
    <property name="SleeperVolumeGroup" value=",3,4,,2,3,,5,6,,5,6,,5,6,,1,2,,1,1,,1,2,,0,0"/>
    <property name="SleeperVolumeGameStageAdjust" value=",,,,,,,,"/>
    <property name="SleeperIsLootVolume" value="False,False,False,False,False,False,False,False,False"/>
    <property name="SleeperIsQuestExclude" value="False,False,False,False,False,False,False,False,False"/>
    <property name="SleeperVolumeFlags" value="0,0,0,0,0,0,2,0,2"/>
    <property name="SleeperVolumeGroupId" value="0,0,0,0,0,0,1,0,1"/>
    <property name="ShowQuestClearCount" value="0,0,0,0,0,0,0,0,0"/>
</prefab>
