<?xml version="1.0" encoding="UTF-8"?>
<prefab>
    <property name="CopyAirBlocks" value="True"/>
    <property name="AllowTopSoilDecorations" value="True"/>
    <property name="ExcludeDistantPOIMesh" value="False"/>
    <property name="ExcludePOICulling" value="False"/>
    <property name="QuestTags" value="clear,fetch"/>
    <property name="DifficultyTier" value="5"/>
    <property name="Zoning" value="Downtown,Residential"/>
    <property name="RotationToFaceNorth" value="2"/>
    <property name="YOffset" value="-8"/>
    <property name="DistantPOIYOffset" value="0"/>
    <property name="AllowedBiomes" value="burnt_forest,desert"/>
    <property name="AllowedTownships" value="city"/>
    <property name="EditorGroups" value="downtown"/>
    <property name="SleeperVolumeStart" value="20, 4, 1#48, 4, 1#44, 0, 23#19, 0, 23#0, 0, 23#0, 4, 18#0, 11, 18#0, 6, 1#19, 4, 19#43, 12, 23#18, 15, 21#18, 20, 32#5, 21, 23#17, 31, -2#18, 11, 23#18, 20, 19#49, 19, 30#49, 4, 45#27, 2, 45#8, 2, 45#18, 6, 61#8, 6, 61#-1, 6, 61#-1, 6, 44"/>
    <property name="SleeperVolumeSize" value="28, 15, 18#21, 8, 44#25, 3, 22#25, 3, 22#19, 4, 22#19, 7, 27#18, 10, 27#19, 12, 16#29, 7, 26#25, 7, 22#25, 5, 24#25, 10, 13#13, 9, 22#42, 15, 29#25, 4, 22#25, 10, 13#5, 16, 15#20, 7, 22#21, 7, 22#19, 5, 16#9, 9, 7#10, 9, 7#9, 7, 7#9, 7, 17"/>
    <property name="SleeperVolumeGroup" value=",4,5,,4,6,,4,6,,3,5,,3,4,,3,6,,7,10,,3,5,,7,9,,2,4,,6,9,,6,8,,15,20,,4,6,,3,5,,4,7,,1,1,,2,3,,1,2,,1,1,,2,3,,3,5,,1,2,,1,2"/>
    <property name="SleeperVolumeGameStageAdjust" value=",,,,,,,,,,,,,,,,,,,,,,,"/>
    <property name="SleeperIsLootVolume" value="False,False,False,False,False,False,False,False,False,False,False,False,False,False,False,False,False,False,False,False,False,False,False,False"/>
    <property name="SleeperIsQuestExclude" value="False,False,False,False,False,False,False,False,False,False,False,False,False,False,False,False,False,False,False,False,False,False,False,False"/>
    <property name="SleeperVolumeFlags" value="0,0,0,0,0,0,0,0,0,0,0,0,0,0,0,0,0,0,0,0,0,0,0,0"/>
    <property name="SleeperVolumeGroupId" value="0,0,0,0,0,0,0,0,0,0,0,0,0,0,0,0,0,0,0,0,0,0,0,0"/>
    <property name="ShowQuestClearCount" value="0,0,0,0,0,0,0,0,0,0,0,0,0,0,0,0,0,0,0,0,0,0,0,0"/>
</prefab>
