<?xml version="1.0" encoding="UTF-8"?>
<prefab>
    <property name="CopyAirBlocks" value="True"/>
    <property name="AllowTopSoilDecorations" value="True"/>
    <property name="ExcludeDistantPOIMesh" value="False"/>
    <property name="ExcludePOICulling" value="False"/>
    <property name="QuestTags" value="clear,fetch"/>
    <property name="DifficultyTier" value="3"/>
    <property name="Zoning" value="Industrial,Residential"/>
    <property name="RotationToFaceNorth" value="3"/>
    <property name="YOffset" value="-2"/>
    <property name="DistantPOIYOffset" value="0"/>
    <property name="AllowedBiomes" value="desert"/>
    <property name="AllowedTownships" value="city,town"/>
    <property name="EditorGroups" value="industrial"/>
    <property name="SleeperVolumeStart" value="2, 2, 2#19, 2, 25#19, 2, 2"/>
    <property name="SleeperVolumeSize" value="17, 3, 27#26, 3, 18#25, 3, 23"/>
    <property name="SleeperVolumeGroup" value=",9,10,,5,6,,9,14"/>
    <property name="SleeperVolumeGameStageAdjust" value=",,"/>
    <property name="SleeperIsLootVolume" value="False,False,False"/>
    <property name="SleeperIsQuestExclude" value="False,False,False"/>
    <property name="SleeperVolumeFlags" value="0,0,0"/>
    <property name="SleeperVolumeGroupId" value="0,0,0"/>
    <property name="ShowQuestClearCount" value="0,0,0"/>
</prefab>
