<?xml version="1.0" encoding="UTF-8"?>
<prefab>
    <property name="CopyAirBlocks" value="True"/>
    <property name="AllowTopSoilDecorations" value="True"/>
    <property name="ExcludeDistantPOIMesh" value="False"/>
    <property name="ExcludePOICulling" value="False"/>
    <property name="QuestTags" value="clear,fetch"/>
    <property name="DifficultyTier" value="2"/>
    <property name="Zoning" value="Industrial,Residential"/>
    <property name="RotationToFaceNorth" value="2"/>
    <property name="YOffset" value="-1"/>
    <property name="DistantPOIYOffset" value="0"/>
    <property name="AllowedBiomes" value="burnt_forest,desert,wasteland"/>
    <property name="AllowedTownships" value="city,town"/>
    <property name="EditorGroups" value="industrial"/>
    <property name="SleeperVolumeStart" value="22, 0, 2#22, 5, 25#9, 0, 22#2, 6, 11#12, 6, 9#12, 2, 8#12, 10, 9#11, 14, 8#2, 2, 11"/>
    <property name="SleeperVolumeSize" value="11, 3, 20#10, 3, 7#24, 3, 11#9, 2, 9#10, 3, 12#9, 2, 13#8, 3, 12#11, 4, 13#8, 2, 9"/>
    <property name="SleeperVolumeGroup" value=",3,5,,1,2,,3,5,,2,3,,3,4,,3,5,,2,3,,3,5,,2,3"/>
    <property name="SleeperVolumeGameStageAdjust" value=",,,,,,,,"/>
    <property name="SleeperIsLootVolume" value="False,False,False,False,False,False,False,False,False"/>
    <property name="SleeperIsQuestExclude" value="False,False,False,False,False,False,False,False,False"/>
    <property name="SleeperVolumeFlags" value="0,0,0,0,0,0,0,0,0"/>
    <property name="SleeperVolumeGroupId" value="0,0,0,0,0,0,0,0,0"/>
    <property name="ShowQuestClearCount" value="0,0,0,0,0,0,0,0,0"/>
</prefab>
