<?xml version="1.0" encoding="UTF-8"?>
<prefab>
    <property name="CopyAirBlocks" value="True"/>
    <property name="AllowTopSoilDecorations" value="True"/>
    <property name="ExcludeDistantPOIMesh" value="False"/>
    <property name="ExcludePOICulling" value="False"/>
    <property name="QuestTags" value="clear,fetch"/>
    <property name="DifficultyTier" value="5"/>
    <property name="Zoning" value="Downtown,Residential"/>
    <property name="RotationToFaceNorth" value="1"/>
    <property name="YOffset" value="-9"/>
    <property name="DistantPOIYOffset" value="0"/>
    <property name="AllowedBiomes" value="burnt_forest,wasteland"/>
    <property name="AllowedTownships" value="city,town,wilderness"/>
    <property name="EditorGroups" value="rural, Wilderness, downtown, Cityblocks"/>
    <property name="SleeperVolumeStart" value="3, 9, 5#9, 15, 5#60, 15, 5#62, 29, 5#40, 3, 16#64, 3, 3#53, 3, 22#53, 3, 10#59, 3, 10#59, 3, 22#37, 3, 16#65, 14, 4#65, 14, 32"/>
    <property name="SleeperVolumeSize" value="68, 4, 27#51, 3, 27#12, 10, 27#9, 4, 27#24, 3, 5#6, 2, 31#4, 2, 6#4, 2, 5#4, 2, 5#4, 2, 5#3, 2, 6#4, 3, 1#4, 3, 1"/>
    <property name="SleeperVolumeGroup" value=",15,25,,20,20,,7,12,,8,9,,3,3,,3,3,,2,3,,1,3,,3,4,,4,6,,0,0,,0,0,,0,0"/>
    <property name="SleeperVolumeGameStageAdjust" value="medium,,,,,,,,,,,,"/>
    <property name="SleeperIsLootVolume" value="False,False,False,False,False,False,False,False,False,False,False,False,False"/>
    <property name="SleeperIsQuestExclude" value="False,False,False,False,False,False,False,False,False,False,False,False,False"/>
    <property name="SleeperVolumeFlags" value="0,2,0,0,2,0,2,2,2,2,2,2,0"/>
    <property name="SleeperVolumeGroupId" value="0,2,0,0,0,0,1,1,1,1,1,2,2"/>
    <property name="ShowQuestClearCount" value="0,0,0,0,0,0,0,0,0,0,0,0,0"/>
</prefab>
