<?xml version="1.0" encoding="UTF-8"?>
<prefab>
    <property name="CopyAirBlocks" value="True"/>
    <property name="AllowTopSoilDecorations" value="True"/>
    <property name="ExcludeDistantPOIMesh" value="False"/>
    <property name="ExcludePOICulling" value="False"/>
    <property name="DifficultyTier" value="2"/>
    <property name="Zoning" value="Residential"/>
    <property name="RotationToFaceNorth" value="0"/>
    <property name="YOffset" value="-1"/>
    <property name="DistantPOIYOffset" value="0"/>
    <property name="AllowedBiomes" value="pine_forest"/>
    <property name="AllowedTownships" value="city,rural,town"/>
    <property name="EditorGroups" value="house new, rural"/>
    <property name="SleeperVolumeStart" value="8, 2, 36#12, 2, 21#7, 2, 5#4, 2, 22#10, 6, 14"/>
    <property name="SleeperVolumeSize" value="11, 2, 5#11, 2, 14#14, 3, 16#8, 2, 12#9, 4, 22"/>
    <property name="SleeperVolumeGroup" value=",1,3,,3,6,,4,8,,3,5,,4,6"/>
    <property name="SleeperVolumeGameStageAdjust" value="0,0,0,0,0"/>
    <property name="SleeperIsLootVolume" value="False,False,False,False,False"/>
    <property name="SleeperIsQuestExclude" value="False,False,False,False,False"/>
    <property name="SleeperVolumeFlags" value="0,0,0,0,0"/>
    <property name="SleeperVolumeGroupId" value="0,0,0,0,0"/>
    <property name="ShowQuestClearCount" value="0,0,0,0,0"/>
</prefab>
