<?xml version="1.0" encoding="UTF-8"?>
<prefab>
    <property name="CopyAirBlocks" value="True"/>
    <property name="AllowTopSoilDecorations" value="True"/>
    <property name="ExcludeDistantPOIMesh" value="False"/>
    <property name="ExcludePOICulling" value="False"/>
    <property name="QuestTags" value="clear,fetch"/>
    <property name="DifficultyTier" value="1"/>
    <property name="Zoning" value="Industrial,Residential"/>
    <property name="RotationToFaceNorth" value="2"/>
    <property name="YOffset" value="-2"/>
    <property name="DistantPOIYOffset" value="0"/>
    <property name="AllowedBiomes" value="snow,pine_forest,desert"/>
    <property name="AllowedTownships" value="city,rural,town"/>
    <property name="EditorGroups" value="industrial"/>
    <property name="SleeperVolumeStart" value="18, 2, 10#19, 2, 0#0, 2, 0"/>
    <property name="SleeperVolumeSize" value="1, 3, 9#6, 3, 27#18, 3, 27"/>
    <property name="SleeperVolumeGroup" value=",1,1,,1,2,,2,4"/>
    <property name="SleeperVolumeGameStageAdjust" value=",,"/>
    <property name="SleeperIsLootVolume" value="True,False,False"/>
    <property name="SleeperIsQuestExclude" value="False,False,False"/>
    <property name="SleeperVolumeFlags" value="2,0,0"/>
    <property name="SleeperVolumeGroupId" value="0,0,0"/>
    <property name="ShowQuestClearCount" value="0,0,0"/>
</prefab>
