<?xml version="1.0" encoding="UTF-8"?>
<prefab>
    <property name="CopyAirBlocks" value="True"/>
    <property name="AllowTopSoilDecorations" value="True"/>
    <property name="ExcludeDistantPOIMesh" value="False"/>
    <property name="ExcludePOICulling" value="False"/>
    <property name="QuestTags" value="clear,fetch"/>
    <property name="DifficultyTier" value="1"/>
    <property name="Zoning" value="Downtown,Residential"/>
    <property name="RotationToFaceNorth" value="1"/>
    <property name="YOffset" value="-1"/>
    <property name="DistantPOIYOffset" value="0"/>
    <property name="AllowedBiomes" value="burnt_forest,snow,pine_forest,desert,wasteland"/>
    <property name="AllowedTownships" value="rural"/>
    <property name="EditorGroups" value="rural, downtown"/>
    <property name="SleeperVolumeStart" value="2, 1, 2#1, 5, 1"/>
    <property name="SleeperVolumeSize" value="20, 3, 33#15, 3, 33"/>
    <property name="SleeperVolumeGroup" value=",4,5,,5,6"/>
    <property name="SleeperVolumeGameStageAdjust" value=","/>
    <property name="SleeperIsLootVolume" value="False,False"/>
    <property name="SleeperIsQuestExclude" value="False,False"/>
    <property name="SleeperVolumeFlags" value="0,0"/>
    <property name="SleeperVolumeGroupId" value="0,0"/>
    <property name="ShowQuestClearCount" value="0,0"/>
</prefab>
