<?xml version="1.0" encoding="UTF-8"?>
<prefab>
    <property name="CopyAirBlocks" value="True"/>
    <property name="AllowTopSoilDecorations" value="True"/>
    <property name="ExcludeDistantPOIMesh" value="False"/>
    <property name="ExcludePOICulling" value="False"/>
    <property name="QuestTags" value="clear,fetch"/>
    <property name="DifficultyTier" value="5"/>
    <property name="Zoning" value="Residential"/>
    <property name="RotationToFaceNorth" value="0"/>
    <property name="YOffset" value="-5"/>
    <property name="DistantPOIYOffset" value="0"/>
    <property name="AllowedBiomes" value="snow"/>
    <property name="AllowedTownships" value="city,rural,town"/>
    <property name="EditorGroups" value="rural, settlements, commercial"/>
    <property name="SleeperVolumeStart" value="4, 8, 14#4, 13, 17#37, 1, 17#4, 2, 26#4, 2, 17#4, 2, 13#4, 2, 5#17, 2, 9#26, 2, 7#17, 8, 4#4, 8, 4#35, 8, 26#35, 8, 4#14, 13, 4#34, 13, 15#9, 17, 6#34, 13, 4#14, 5, 20#1, 5, 34#15, 5, 34#33, 5, 33#14, 8, 14#4, 13, 4"/>
    <property name="SleeperVolumeSize" value="10, 2, 19#10, 2, 16#8, 2, 16#10, 2, 7#10, 2, 9#12, 2, 4#12, 2, 8#8, 2, 7#16, 2, 8#18, 2, 15#13, 2, 10#11, 2, 6#11, 2, 22#20, 2, 16#12, 2, 18#31, 4, 12#12, 2, 11#19, 8, 14#14, 4, 14#18, 5, 14#16, 5, 15#4, 3, 6#10, 2, 13"/>
    <property name="SleeperVolumeGroup" value=",1,3,,3,4,,3,4,,1,2,,3,4,,1,2,,3,5,,3,5,,3,5,,5,7,,3,4,,2,3,,4,5,,3,4,,2,5,,5,7,,3,4,,4,9,,3,5,,6,9,,3,5,,1,1,,3,4"/>
    <property name="SleeperVolumeGameStageAdjust" value=",,,,,,,,,,,,,,,,,,,,,,"/>
    <property name="SleeperIsLootVolume" value="False,False,False,False,False,False,False,False,False,False,False,False,False,False,False,False,False,False,False,False,False,False,False"/>
    <property name="SleeperIsQuestExclude" value="False,False,False,False,False,False,False,False,False,False,False,False,False,False,False,False,False,False,False,False,False,False,False"/>
    <property name="SleeperVolumeFlags" value="0,0,0,0,0,0,0,0,2,0,0,0,0,0,0,0,0,0,0,0,0,0,0"/>
    <property name="SleeperVolumeGroupId" value="0,0,0,0,0,0,0,0,0,0,0,0,0,0,0,0,0,0,0,0,0,0,0"/>
    <property name="ShowQuestClearCount" value="0,0,0,0,0,0,0,0,0,0,0,0,0,0,0,0,0,0,0,0,0,0,0"/>
</prefab>
