<?xml version="1.0" encoding="UTF-8"?>
<prefab>
    <property name="CopyAirBlocks" value="True"/>
    <property name="AllowTopSoilDecorations" value="True"/>
    <property name="ExcludeDistantPOIMesh" value="False"/>
    <property name="ExcludePOICulling" value="False"/>
    <property name="DifficultyTier" value="5"/>
    <property name="Zoning" value="Industrial,Residential"/>
    <property name="RotationToFaceNorth" value="2"/>
    <property name="YOffset" value="-28"/>
    <property name="DistantPOIYOffset" value="0"/>
    <property name="AllowedBiomes" value="burnt_forest,wasteland"/>
    <property name="AllowedTownships" value="city"/>
    <property name="EditorGroups" value="industrial"/>
    <property name="SleeperVolumeStart" value="0, 0, 0#0, 3, 0#0, 6, 0#0, 9, 0#0, 12, 0#0, 15, 0#0, 19, 0#0, 22, 0#0, 28, 0"/>
    <property name="SleeperVolumeSize" value="35, 3, 52#35, 3, 52#35, 3, 52#35, 3, 52#35, 3, 52#35, 4, 52#35, 3, 52#35, 3, 52#35, 3, 52"/>
    <property name="SleeperVolumeGroup" value=",15,20,,8,10,,12,17,,10,13,,5,7,,7,10,,5,7,,4,5,,8,10"/>
    <property name="SleeperVolumeGameStageAdjust" value=",,,,,,,,"/>
    <property name="SleeperIsLootVolume" value="False,False,False,False,False,False,False,False,False"/>
    <property name="SleeperIsQuestExclude" value="False,False,False,False,False,False,False,False,False"/>
    <property name="SleeperVolumeFlags" value="0,0,0,0,0,0,0,2,2"/>
    <property name="SleeperVolumeGroupId" value="0,0,0,0,0,0,0,0,0"/>
    <property name="ShowQuestClearCount" value="0,0,0,0,0,0,0,0,0"/>
</prefab>
