<?xml version="1.0" encoding="UTF-8"?>
<prefab>
    <property name="CopyAirBlocks" value="True"/>
    <property name="AllowTopSoilDecorations" value="True"/>
    <property name="ExcludeDistantPOIMesh" value="False"/>
    <property name="ExcludePOICulling" value="False"/>
    <property name="QuestTags" value="clear,fetch"/>
    <property name="DifficultyTier" value="3"/>
    <property name="Zoning" value="ResidentialOld,Residential"/>
    <property name="RotationToFaceNorth" value="3"/>
    <property name="YOffset" value="-5"/>
    <property name="DistantPOIYOffset" value="0"/>
    <property name="AllowedBiomes" value="pine_forest"/>
    <property name="AllowedTownships" value="rural,town"/>
    <property name="EditorGroups" value="rural"/>
    <property name="SleeperVolumeStart" value="0, 5, 11#0, 5, 19#0, 5, 35#9, 5, 35#9, 5, 19#20, 5, 22#20, 5, 42#20, 5, 11#28, 5, 34#28, 5, 11#27, 8, 30#36, 9, 26#27, 9, 22#28, 9, 12#37, 9, 12#24, 10, 15#27, 13, 12"/>
    <property name="SleeperVolumeSize" value="20, 3, 8#9, 3, 16#9, 3, 20#11, 3, 20#11, 3, 16#7, 3, 20#8, 3, 13#8, 2, 11#17, 3, 21#16, 2, 22#9, 3, 3#8, 3, 7#9, 3, 8#8, 2, 10#7, 2, 14#4, 3, 6#17, 2, 21"/>
    <property name="SleeperVolumeGroup" value=",1,2,,1,2,,2,3,,3,5,,1,2,,2,3,,1,2,,1,3,,3,4,,6,7,,1,1,,1,3,,2,3,,2,4,,2,5,,2,3,,6,8"/>
    <property name="SleeperVolumeGameStageAdjust" value=",,,,,,0,,,,,,,,,,"/>
    <property name="SleeperIsLootVolume" value="False,False,False,False,False,False,False,False,False,False,False,False,False,False,False,False,False"/>
    <property name="SleeperIsQuestExclude" value="False,False,False,False,False,False,False,False,False,False,False,False,False,False,False,False,False"/>
    <property name="SleeperVolumeFlags" value="0,0,0,0,1,0,0,0,0,0,0,0,0,0,0,0,0"/>
    <property name="SleeperVolumeGroupId" value="0,0,0,0,0,0,0,0,0,0,0,0,0,0,0,0,0"/>
    <property name="ShowQuestClearCount" value="0,0,0,0,0,0,0,0,0,0,0,0,0,0,0,0,0"/>
</prefab>
