<?xml version="1.0" encoding="UTF-8"?>
<prefab>
    <property name="CopyAirBlocks" value="True"/>
    <property name="AllowTopSoilDecorations" value="True"/>
    <property name="ExcludeDistantPOIMesh" value="False"/>
    <property name="ExcludePOICulling" value="False"/>
    <property name="QuestTags" value="clear,fetch"/>
    <property name="DifficultyTier" value="1"/>
    <property name="Zoning" value="Industrial,Residential"/>
    <property name="RotationToFaceNorth" value="1"/>
    <property name="YOffset" value="-6"/>
    <property name="DistantPOIYOffset" value="0"/>
    <property name="AllowedBiomes" value="burnt_forest,snow,pine_forest"/>
    <property name="AllowedTownships" value="rural,town"/>
    <property name="EditorGroups" value="Wilderness, industrial"/>
    <property name="SleeperVolumeStart" value="-9, 6, -7#0, 6, 16#31, 7, 35"/>
    <property name="SleeperVolumeSize" value="70, 22, 66#37, 3, 19#6, 3, 9"/>
    <property name="SleeperVolumeGroup" value=",4,4,,4,4,,4,4"/>
    <property name="SleeperVolumeGameStageAdjust" value=",,"/>
    <property name="SleeperIsLootVolume" value="False,True,True"/>
    <property name="SleeperIsQuestExclude" value="False,False,False"/>
    <property name="SleeperVolumeFlags" value="0,0,0"/>
    <property name="SleeperVolumeGroupId" value="0,0,0"/>
    <property name="ShowQuestClearCount" value="0,0,0"/>
</prefab>
