<?xml version="1.0" encoding="UTF-8"?>
<prefab>
    <property name="CopyAirBlocks" value="True"/>
    <property name="AllowTopSoilDecorations" value="True"/>
    <property name="ExcludeDistantPOIMesh" value="False"/>
    <property name="ExcludePOICulling" value="False"/>
    <property name="QuestTags" value="clear,fetch"/>
    <property name="DifficultyTier" value="5"/>
    <property name="Zoning" value="ResidentialOld,Residential"/>
    <property name="RotationToFaceNorth" value="2"/>
    <property name="YOffset" value="-1"/>
    <property name="DistantPOIYOffset" value="0"/>
    <property name="AllowedBiomes" value="burnt_forest,pine_forest,desert"/>
    <property name="AllowedTownships" value="rural,wilderness"/>
    <property name="EditorGroups" value="rural, Wilderness, house new"/>
    <property name="SleeperVolumeStart" value="12, 1, 19#53, 0, 61#80, 15, 25#89, 15, 51#21, 1, 21#15, 2, 31#31, 2, 34#2, 1, 40#37, 2, 19#55, 2, 18#65, 1, 17#81, 2, 27#91, 1, 26#85, 1, 41#73, 2, 48#60, 2, 46#69, 2, 30#43, 2, 34#26, 2, 45#4, 1, 52#14, 2, 38#14, 9, 20#32, 9, 18#51, 9, 17#58, 9, 30#61, 9, 41#62, 9, 56#91, 9, 33#69, 9, 24#64, 16, 23#45, 16, 20#18, 16, 23#17, 16, 51#65, 16, 48#79, 16, 39#86, 16, 44#77, 9, 18#90, 9, 18#43, 6, 31#17, 21, 38#13, 16, 35#1, 8, 48#23, 18, 49#22, 9, 40#18, 9, 49#82, 9, 40#1, 8, 37#45, 2, 33#53, 2, 32#46, 2, 15#48, 16, 13#48, 1, 2"/>
    <property name="SleeperVolumeSize" value="8, 3, 12#14, 14, 9#12, 3, 11#8, 3, 5#15, 3, 9#20, 3, 3#12, 3, 11#11, 4, 12#17, 3, 13#7, 3, 20#27, 3, 13#9, 3, 10#9, 3, 17#15, 4, 16#10, 3, 13#8, 3, 12#11, 3, 14#15, 3, 5#16, 5, 14#21, 3, 9#12, 3, 15#18, 3, 14#11, 3, 21#18, 3, 12#9, 5, 8#15, 3, 15#15, 3, 15#8, 3, 21#19, 5, 16#15, 3, 12#18, 3, 17#16, 3, 11#12, 3, 4#13, 3, 12#7, 3, 13#12, 3, 13#15, 3, 6#7, 3, 15#15, 4, 8#15, 3, 15#3, 3, 9#15, 8, 12#1, 2, 1#13, 3, 7#17, 3, 10#10, 3, 11#11, 11, 8#3, 2, 2#2, 2, 3#8, 5, 3#4, 1, 1#4, 3, 4"/>
    <property name="SleeperVolumeGroup" value=",4,5,,5,5,,4,4,,2,3,,5,6,,4,5,,4,5,,5,6,,5,6,,4,5,,5,12,,3,3,,5,6,,5,6,,3,4,,2,3,,5,6,,2,3,,7,8,,1,4,,5,6,,9,10,,6,7,,4,5,,4,4,,2,3,,2,3,,4,4,,5,6,,5,6,,5,5,,4,5,,3,4,,9,10,,2,2,,4,4,,4,4,,3,3,,5,6,,3,3,,2,3,,7,8,,3,4,,4,4,,1,3,,4,4,,5,5,,1,1,,1,1,,2,4,,2,2,,0,0"/>
    <property name="SleeperVolumeGameStageAdjust" value=",,,,,,,,,,,,,,,,,,,,,,,,,,,,,,,,,,,,,,,,,,,,,,,,,,,"/>
    <property name="SleeperIsLootVolume" value="False,False,False,False,False,False,False,False,True,False,False,False,False,False,False,False,False,False,False,False,False,False,False,False,False,False,False,False,False,False,False,False,False,False,False,False,False,False,False,False,False,False,False,False,False,False,False,True,True,False,False,False"/>
    <property name="SleeperIsQuestExclude" value="False,False,False,False,False,False,False,False,False,False,False,False,False,False,False,False,False,False,False,False,False,False,False,False,False,False,False,False,False,False,False,False,False,False,False,False,False,False,False,False,False,False,False,False,False,False,False,False,False,False,False,False"/>
    <property name="SleeperVolumeFlags" value="2,2,2,0,2,2,2,2,2,2,2,2,2,2,2,2,2,2,2,2,2,2,2,2,2,0,0,2,2,2,2,2,2,2,2,2,2,2,2,2,2,2,2,2,2,2,2,2,2,2,2,2"/>
    <property name="SleeperVolumeGroupId" value="0,0,0,0,0,0,0,0,0,0,0,0,0,0,0,0,0,0,0,0,0,0,0,0,0,0,0,0,0,0,0,0,0,0,0,0,0,0,0,1,0,0,1,0,0,0,0,0,0,0,20,20"/>
    <property name="ShowQuestClearCount" value="0,0,0,0,0,0,0,0,0,0,0,0,0,0,0,0,0,0,0,0,0,0,0,0,0,0,0,0,0,0,0,0,0,0,0,0,0,0,0,0,0,0,0,0,0,0,0,0,0,0,0,0"/>
</prefab>
