<?xml version="1.0" encoding="UTF-8"?>
<prefab>
    <property name="CopyAirBlocks" value="True"/>
    <property name="AllowTopSoilDecorations" value="True"/>
    <property name="ExcludeDistantPOIMesh" value="False"/>
    <property name="ExcludePOICulling" value="False"/>
    <property name="DifficultyTier" value="1"/>
    <property name="Zoning" value="Industrial,Residential"/>
    <property name="RotationToFaceNorth" value="2"/>
    <property name="YOffset" value="-12"/>
    <property name="DistantPOIYOffset" value="0"/>
    <property name="AllowedBiomes" value="snow,pine_forest,desert"/>
    <property name="AllowedTownships" value="city"/>
    <property name="EditorGroups" value="industrial"/>
    <property name="SleeperVolumeStart" value="19, 19, 7#22, 19, 7#27, 19, 7#32, 19, 7#19, 19, 14#19, 24, 12#34, 24, 12#19, 24, 7#19, 22, 7#19, 28, 12#19, 26, 22#38, 32, 41#42, 27, 38#37, 14, 39#11, 12, 36#19, 12, 22#16, 13, 6#51, 7, 10#47, 4, 33#45, 4, 17#27, 13, 6#26, 13, 13#26, 13, 20#26, 13, 27#21, 18, 37#23, 13, 37#21, 17, 57#18, 13, 51#11, 13, 49#11, 17, 49#4, 12, 2#27, 12, 2#47, 12, 2#52, 39, 10"/>
    <property name="SleeperVolumeSize" value="3, 2, 3#5, 2, 7#5, 2, 7#5, 2, 7#19, 2, 5#14, 2, 7#4, 2, 7#19, 2, 5#2, 1, 2#19, 2, 6#19, 6, 10#4, 4, 7#5, 4, 5#10, 13, 10#11, 6, 12#6, 4, 12#10, 5, 16#7, 3, 6#7, 3, 7#9, 3, 16#27, 3, 7#21, 5, 7#21, 5, 7#21, 5, 9#14, 6, 14#12, 5, 14#14, 2, 2#17, 2, 8#11, 2, 10#8, 2, 10#21, 2, 4#20, 2, 4#15, 2, 5#5, 5, 5"/>
    <property name="SleeperVolumeGroup" value=",3,4,,2,2,,2,4,,1,2,,4,6,,3,3,,1,2,,1,3,,1,1,,2,4,,1,2,,3,4,,5,5,,2,4,,4,4,,3,4,,3,5,,7,8,,2,3,,4,6,,3,6,,4,6,,5,6,,4,6,,3,3,,6,6,,3,4,,1,3,,3,3,,1,2,,2,2,,2,4,,1,3,,5,5"/>
    <property name="SleeperVolumeGameStageAdjust" value=",,,,,,,,,,,,,,,,,,,,,,,,,,,,,,,,,"/>
    <property name="SleeperIsLootVolume" value="False,False,False,False,False,False,False,False,False,False,False,False,False,False,False,False,False,False,False,False,False,False,False,False,False,False,False,False,False,False,False,False,False,False"/>
    <property name="SleeperIsQuestExclude" value="False,False,False,False,False,False,False,False,False,False,False,False,False,False,False,False,False,False,False,False,False,False,False,False,False,False,False,False,False,False,False,False,False,False"/>
    <property name="SleeperVolumeFlags" value="0,0,0,0,0,0,0,0,0,0,0,0,0,0,0,0,0,0,0,0,0,0,0,0,0,0,0,0,0,0,0,0,0,0"/>
    <property name="SleeperVolumeGroupId" value="0,0,0,0,0,0,0,0,0,0,0,0,0,0,0,0,0,0,0,0,0,0,0,0,0,0,0,0,0,0,0,0,0,0"/>
    <property name="ShowQuestClearCount" value="0,0,0,0,0,0,0,0,0,0,0,0,0,0,0,0,0,0,0,0,0,0,0,0,0,0,0,0,0,0,0,0,0,0"/>
</prefab>
