<?xml version="1.0" encoding="UTF-8"?>
<prefab>
    <property name="CopyAirBlocks" value="True"/>
    <property name="AllowTopSoilDecorations" value="True"/>
    <property name="ExcludeDistantPOIMesh" value="False"/>
    <property name="ExcludePOICulling" value="False"/>
    <property name="QuestTags" value="clear,fetch"/>
    <property name="DifficultyTier" value="2"/>
    <property name="Zoning" value="ResidentialNew,Residential"/>
    <property name="RotationToFaceNorth" value="3"/>
    <property name="YOffset" value="-1"/>
    <property name="DistantPOIYOffset" value="0"/>
    <property name="AllowedBiomes" value="snow,pine_forest,desert"/>
    <property name="AllowedTownships" value="city"/>
    <property name="EditorGroups" value="house new, house old, House medium, HOUSE CONST"/>
    <property name="SleeperVolumeStart" value="0, -1, 1#14, -1, 1#17, 0, 10#24, 0, 20#26, 0, 10#17, 0, 16#36, -1, 6#17, 6, 9#25, 6, 18#17, 6, 9#17, 0, 20#17, 6, 18"/>
    <property name="SleeperVolumeSize" value="17, 6, 24#22, 6, 9#9, 5, 6#12, 5, 7#10, 5, 6#19, 5, 4#21, 6, 27#9, 12, 9#11, 12, 9#19, 12, 9#7, 5, 9#8, 12, 9"/>
    <property name="SleeperVolumeGroup" value=",1,2,,1,2,,2,3,,1,1,,3,4,,1,1,,3,4,,2,3,,2,3,,4,5,,1,2,,2,3"/>
    <property name="SleeperVolumeGameStageAdjust" value="medium,200,400,350,250,medium,easy,medium,350,250,,"/>
    <property name="SleeperIsLootVolume" value="False,False,False,False,True,False,False,False,False,False,False,False"/>
    <property name="SleeperIsQuestExclude" value="False,False,False,False,False,False,False,False,False,False,False,False"/>
    <property name="SleeperVolumeFlags" value="0,0,0,0,0,0,0,0,0,0,0,0"/>
    <property name="SleeperVolumeGroupId" value="0,0,0,0,0,0,0,0,0,0,0,0"/>
    <property name="ShowQuestClearCount" value="0,0,0,0,0,0,0,0,0,0,0,0"/>
</prefab>
