<?xml version="1.0" encoding="UTF-8"?>
<prefab>
    <property name="CopyAirBlocks" value="True"/>
    <property name="AllowTopSoilDecorations" value="True"/>
    <property name="ExcludeDistantPOIMesh" value="False"/>
    <property name="ExcludePOICulling" value="False"/>
    <property name="QuestTags" value="clear,fetch"/>
    <property name="DifficultyTier" value="5"/>
    <property name="Zoning" value="ResidentialOld,Residential"/>
    <property name="RotationToFaceNorth" value="2"/>
    <property name="YOffset" value="-2"/>
    <property name="DistantPOIYOffset" value="0"/>
    <property name="AllowedBiomes" value="desert"/>
    <property name="AllowedTownships" value="rural,wilderness"/>
    <property name="EditorGroups" value="Wilderness, rural"/>
    <property name="SleeperVolumeStart" value="20, 1, 127#29, 1, 90#47, 1, 94#46, 1, 118#12, 1, 76#46, 1, 72#21, 2, 118#9, 1, 61#9, 1, 49#14, 0, 94#46, 1, 51#46, 1, 28#1, 1, 29#9, 1, 11#3, 8, 29#55, 8, 29#46, 1, 11#28, 1, 15"/>
    <property name="SleeperVolumeSize" value="36, 3, 16#17, 4, 37#14, 3, 24#9, 3, 9#19, 3, 17#33, 3, 21#9, 3, 9#19, 10, 15#19, 3, 12#14, 3, 24#33, 3, 21#33, 3, 23#27, 4, 20#19, 4, 18#16, 3, 19#13, 3, 19#19, 3, 17#18, 3, 61"/>
    <property name="SleeperVolumeGroup" value=",5,6,,3,4,,5,6,,3,3,,6,8,,5,6,,2,2,,5,7,,3,4,,5,6,,6,8,,5,6,,5,7,,3,4,,4,5,,4,5,,3,4,,6,8"/>
    <property name="SleeperVolumeGameStageAdjust" value=",,,,,,,,,,,,,,,,,"/>
    <property name="SleeperIsLootVolume" value="False,False,False,False,False,False,False,False,False,False,False,False,False,False,False,False,False,False"/>
    <property name="SleeperIsQuestExclude" value="False,False,False,False,False,False,False,False,False,False,False,False,False,False,False,False,False,False"/>
    <property name="SleeperVolumeFlags" value="0,0,0,0,0,0,0,0,0,0,0,0,0,0,0,0,0,0"/>
    <property name="SleeperVolumeGroupId" value="0,1,0,1,0,0,1,0,0,0,0,0,0,0,0,0,0,0"/>
    <property name="ShowQuestClearCount" value="0,0,0,0,0,0,0,0,0,0,0,0,0,0,0,0,0,0"/>
</prefab>
