<?xml version="1.0" encoding="UTF-8"?>
<prefab>
    <property name="CopyAirBlocks" value="True"/>
    <property name="AllowTopSoilDecorations" value="True"/>
    <property name="ExcludeDistantPOIMesh" value="False"/>
    <property name="ExcludePOICulling" value="False"/>
    <property name="QuestTags" value="clear,fetch"/>
    <property name="DifficultyTier" value="3"/>
    <property name="Zoning" value="Industrial,Residential"/>
    <property name="RotationToFaceNorth" value="0"/>
    <property name="YOffset" value="-5"/>
    <property name="DistantPOIYOffset" value="0"/>
    <property name="AllowedBiomes" value="pine_forest"/>
    <property name="AllowedTownships" value="rural,wilderness"/>
    <property name="EditorGroups" value="Wilderness, rural, industrial"/>
    <property name="SleeperVolumeStart" value="22, 6, 1#49, 6, 1#39, 0, 40#2, 4, 44#3, 3, 68"/>
    <property name="SleeperVolumeSize" value="12, 17, 15#17, 8, 16#6, 8, 6#39, 8, 41#5, 7, 5"/>
    <property name="SleeperVolumeGroup" value=",3,7,,3,7,,1,1,,12,20,,2,4"/>
    <property name="SleeperVolumeGameStageAdjust" value="easy,,,,"/>
    <property name="SleeperIsLootVolume" value="False,False,False,False,True"/>
    <property name="SleeperIsQuestExclude" value="False,False,False,False,False"/>
    <property name="SleeperVolumeFlags" value="0,0,0,0,0"/>
    <property name="SleeperVolumeGroupId" value="0,0,0,0,0"/>
    <property name="ShowQuestClearCount" value="0,0,0,0,0"/>
</prefab>
