<?xml version="1.0" encoding="UTF-8"?>
<prefab>
    <property name="CopyAirBlocks" value="True"/>
    <property name="AllowTopSoilDecorations" value="True"/>
    <property name="ExcludeDistantPOIMesh" value="False"/>
    <property name="ExcludePOICulling" value="False"/>
    <property name="QuestTags" value="clear,fetch"/>
    <property name="DifficultyTier" value="4"/>
    <property name="Zoning" value="Downtown,Residential"/>
    <property name="RotationToFaceNorth" value="1"/>
    <property name="YOffset" value="-5"/>
    <property name="DistantPOIYOffset" value="0"/>
    <property name="Condition" value="New"/>
    <property name="Age" value="Normal"/>
    <property name="AllowedBiomes" value="snow,pine_forest,desert"/>
    <property name="AllowedTownships" value="city,town"/>
    <property name="EditorGroups" value="rural"/>
    <property name="SleeperVolumeStart" value="0, 4, 5#16, 5, 11#0, 4, 11#16, 4, 33#39, 4, 6#16, 12, 11#11, 1, 7"/>
    <property name="SleeperVolumeSize" value="39, 4, 6#23, 4, 23#16, 4, 44#23, 7, 22#19, 4, 52#23, 4, 23#33, 2, 32"/>
    <property name="SleeperVolumeGroup" value=",4,5,,3,7,,5,7,,8,13,,7,12,,4,6,,9,20"/>
    <property name="SleeperVolumeGameStageAdjust" value="medium,200,250,250,200,250,"/>
    <property name="SleeperIsLootVolume" value="False,False,False,False,False,False,False"/>
    <property name="SleeperIsQuestExclude" value="False,False,False,False,False,False,False"/>
    <property name="SleeperVolumeFlags" value="0,0,0,0,0,0,2"/>
    <property name="SleeperVolumeGroupId" value="0,0,0,0,0,0,0"/>
    <property name="ShowQuestClearCount" value="0,0,0,0,0,0,0"/>
</prefab>
