<?xml version="1.0" encoding="UTF-8"?>
<prefab>
    <property name="CopyAirBlocks" value="True"/>
    <property name="AllowTopSoilDecorations" value="True"/>
    <property name="ExcludeDistantPOIMesh" value="False"/>
    <property name="ExcludePOICulling" value="False"/>
    <property name="QuestTags" value="clear,fetch"/>
    <property name="DifficultyTier" value="5"/>
    <property name="Zoning" value="Industrial,Residential"/>
    <property name="RotationToFaceNorth" value="2"/>
    <property name="YOffset" value="-1"/>
    <property name="DistantPOIYOffset" value="0"/>
    <property name="AllowedBiomes" value="snow,pine_forest"/>
    <property name="AllowedTownships" value="city"/>
    <property name="EditorGroups" value="industrial"/>
    <property name="SleeperVolumeStart" value="0, 1, 6#24, 1, 57#24, -7, 46#27, -1, 32#24, 1, 11#24, 12, 11#43, 12, 11#24, 12, 32#26, 19, 11#4, 7, 10#26, 27, 11#24, 14, 57#0, 0, 80#43, 19, 11"/>
    <property name="SleeperVolumeSize" value="24, 6, 74#38, 13, 23#36, 19, 11#35, 13, 25#47, 11, 21#19, 7, 20#19, 7, 21#38, 17, 25#17, 8, 21#20, 8, 70#36, 6, 21#38, 7, 23#99, 11, 16#19, 8, 21"/>
    <property name="SleeperVolumeGroup" value=",3,7,,3,12,,3,8,,5,12,,4,12,,2,6,,2,5,,7,14,,3,7,,3,8,,3,6,,2,5,,1,2,,3,9"/>
    <property name="SleeperVolumeGameStageAdjust" value=",,,,,,,,,,,,,"/>
    <property name="SleeperIsLootVolume" value="False,False,False,False,False,False,False,False,False,False,False,False,False,False"/>
    <property name="SleeperIsQuestExclude" value="False,False,False,False,False,False,False,False,False,False,False,False,False,False"/>
    <property name="SleeperVolumeFlags" value="0,0,0,0,0,0,0,0,0,0,0,0,0,0"/>
    <property name="SleeperVolumeGroupId" value="0,0,0,0,0,0,0,0,0,0,0,0,0,0"/>
    <property name="ShowQuestClearCount" value="0,0,0,0,0,0,0,0,0,0,0,0,0,0"/>
</prefab>
