<?xml version="1.0" encoding="UTF-8"?>
<prefab>
    <property name="CopyAirBlocks" value="True"/>
    <property name="AllowTopSoilDecorations" value="True"/>
    <property name="ExcludeDistantPOIMesh" value="False"/>
    <property name="ExcludePOICulling" value="False"/>
    <property name="QuestTags" value="clear,fetch"/>
    <property name="DifficultyTier" value="3"/>
    <property name="Zoning" value="Downtown,Residential"/>
    <property name="RotationToFaceNorth" value="1"/>
    <property name="YOffset" value="-5"/>
    <property name="DistantPOIYOffset" value="0"/>
    <property name="AllowedBiomes" value="snow"/>
    <property name="AllowedTownships" value="city,town"/>
    <property name="EditorGroups" value="downtown"/>
    <property name="SleeperVolumeStart" value="1, 0, 1#1, 0, 14#1, 0, 29#3, 1, 19#1, 4, 15#1, 4, 2#10, 4, 15#1, 4, 31#10, 4, 2#35, 4, 14#10, 4, 31#35, 4, 2#35, 4, 33"/>
    <property name="SleeperVolumeSize" value="4, 4, 13#4, 4, 15#3, 4, 16#5, 3, 5#9, 11, 16#9, 11, 13#25, 11, 16#9, 11, 14#25, 11, 13#10, 11, 19#25, 11, 14#10, 11, 12#10, 11, 12"/>
    <property name="SleeperVolumeGroup" value=",1,2,,1,1,,1,1,,1,3,,1,2,,1,2,,5,7,,1,2,,4,7,,3,5,,2,3,,3,5,,2,5"/>
    <property name="SleeperVolumeGameStageAdjust" value="50,0,0,0,0,0,0,0,0,0,0,0,0"/>
    <property name="SleeperIsLootVolume" value="False,False,False,False,False,False,False,False,False,False,False,False,False"/>
    <property name="SleeperIsQuestExclude" value="False,False,False,False,False,False,False,False,False,False,False,False,False"/>
    <property name="SleeperVolumeFlags" value="0,0,0,0,0,0,0,0,0,0,0,0,0"/>
    <property name="SleeperVolumeGroupId" value="0,0,0,0,0,0,0,0,0,0,0,0,0"/>
    <property name="ShowQuestClearCount" value="0,0,0,0,0,0,0,0,0,0,0,0,0"/>
</prefab>
