<?xml version="1.0" encoding="UTF-8"?>
<prefab>
    <property name="CopyAirBlocks" value="True"/>
    <property name="AllowTopSoilDecorations" value="True"/>
    <property name="ExcludeDistantPOIMesh" value="False"/>
    <property name="ExcludePOICulling" value="False"/>
    <property name="QuestTags" value="clear,fetch"/>
    <property name="DifficultyTier" value="3"/>
    <property name="Zoning" value="ResidentialOld,Residential"/>
    <property name="RotationToFaceNorth" value="0"/>
    <property name="YOffset" value="-1"/>
    <property name="DistantPOIYOffset" value="0"/>
    <property name="AllowedBiomes" value="snow,pine_forest,desert"/>
    <property name="AllowedTownships" value="rural,town,wilderness"/>
    <property name="EditorGroups" value="Wilderness, rural"/>
    <property name="SleeperVolumeStart" value="11, 2, 3#0, 1, 0#2, 1, 24#2, 1, 0#29, 1, 0#2, 2, 2#2, 2, 8#12, 3, 9#13, 6, 17#20, 6, 10#20, 6, 2#5, 6, 2"/>
    <property name="SleeperVolumeSize" value="16, 2, 20#2, 3, 26#28, 3, 2#28, 3, 2#11, 3, 26#9, 3, 6#9, 2, 16#7, 5, 8#14, 2, 6#7, 2, 6#7, 3, 8#6, 3, 6"/>
    <property name="SleeperVolumeGroup" value=",5,7,,1,3,,1,3,,1,2,,3,4,,2,3,,4,6,,2,3,,3,4,,1,2,,2,3,,2,3"/>
    <property name="SleeperVolumeGameStageAdjust" value=",,,,,,,,,,,"/>
    <property name="SleeperIsLootVolume" value="False,False,False,False,False,False,False,False,False,False,False,False"/>
    <property name="SleeperIsQuestExclude" value="False,False,False,False,False,False,False,False,False,False,False,False"/>
    <property name="SleeperVolumeFlags" value="0,1,0,0,0,0,0,2,0,0,0,0"/>
    <property name="SleeperVolumeGroupId" value="0,0,0,0,0,0,0,0,0,0,0,0"/>
    <property name="ShowQuestClearCount" value="0,0,0,0,0,0,0,0,0,0,0,0"/>
</prefab>
