<?xml version="1.0" encoding="UTF-8"?>
<prefab>
    <property name="CopyAirBlocks" value="True"/>
    <property name="AllowTopSoilDecorations" value="True"/>
    <property name="ExcludeDistantPOIMesh" value="False"/>
    <property name="ExcludePOICulling" value="False"/>
    <property name="DifficultyTier" value="1"/>
    <property name="Zoning" value="Industrial,Residential"/>
    <property name="RotationToFaceNorth" value="2"/>
    <property name="YOffset" value="-3"/>
    <property name="DistantPOIYOffset" value="0"/>
    <property name="AllowedBiomes" value="burnt_forest,wasteland"/>
    <property name="AllowedTownships" value="rural,town,wilderness"/>
    <property name="EditorGroups" value="industrial"/>
    <property name="SleeperVolumeStart" value="4, 9, 42#0, 3, 15#4, 2, 33#1, 2, 42#5, 14, 15#5, 2, 15#24, 2, 15#0, 3, 0#14, 9, 35#4, 10, 14#14, 10, 14#4, 9, 34"/>
    <property name="SleeperVolumeSize" value="16, 6, 5#4, 3, 27#18, 5, 9#23, 5, 7#18, 7, 26#19, 5, 18#3, 3, 27#28, 3, 13#10, 4, 7#10, 3, 20#10, 4, 21#10, 4, 8"/>
    <property name="SleeperVolumeGroup" value=",3,4,,2,2,,3,5,,2,3,,3,4,,6,8,,1,2,,2,4,,2,3,,2,3,,1,2,,1,2"/>
    <property name="SleeperVolumeGameStageAdjust" value="250,medium,250,easy,250,250,250,easy,250,250,250,350"/>
    <property name="SleeperIsLootVolume" value="False,False,False,False,False,True,False,False,False,False,False,False"/>
    <property name="SleeperIsQuestExclude" value="False,False,False,False,False,False,False,False,False,False,False,False"/>
    <property name="SleeperVolumeFlags" value="0,0,0,0,0,0,0,0,0,0,0,0"/>
    <property name="SleeperVolumeGroupId" value="0,0,0,0,0,0,0,0,0,0,0,0"/>
    <property name="ShowQuestClearCount" value="0,0,0,0,0,0,0,0,0,0,0,0"/>
</prefab>
