<?xml version="1.0" encoding="UTF-8"?>
<prefab>
    <property name="CopyAirBlocks" value="True"/>
    <property name="AllowTopSoilDecorations" value="True"/>
    <property name="ExcludeDistantPOIMesh" value="False"/>
    <property name="ExcludePOICulling" value="False"/>
    <property name="DifficultyTier" value="5"/>
    <property name="Zoning" value="Industrial,Residential"/>
    <property name="RotationToFaceNorth" value="1"/>
    <property name="YOffset" value="-1"/>
    <property name="DistantPOIYOffset" value="0"/>
    <property name="AllowedBiomes" value="pine_forest,wasteland"/>
    <property name="AllowedTownships" value="city"/>
    <property name="EditorGroups" value="industrial"/>
    <property name="SleeperVolumeStart" value="25, 2, 21#12, 2, 16#12, 2, 36#11, 2, 57#26, 2, 46#42, 2, 46#56, 2, 56#71, 2, 56#62, 2, 39#62, 2, 17#51, 2, 17#34, 2, 13#49, 7, 31#45, 7, 50#62, 7, 60#43, 7, 59#27, 7, 60#12, 7, 59#22, 7, 44#36, 7, 45#24, 7, 28#39, 7, 28#13, 7, 39#13, 7, 14#24, 7, 15#46, 7, 14#64, 7, 14#64, 7, 30#64, 7, 45#39, 7, 39#42, 13, 38#55, 13, 27#37, 12, 27#31, 13, 49#29, 13, 29#12, 13, 13#12, 13, 27#12, 13, 41#12, 13, 59#27, 13, 62#45, 13, 63#64, 13, 59#73, 13, 59#67, 13, 43#67, 13, 13#52, 13, 13#22, 13, 14#42, 25, 26#65, 31, 49#38, 36, 59#50, 19, 13#34, 19, 13#21, 19, 13#12, 19, 13#11, 19, 23#12, 19, 33#22, 19, 30#12, 19, 43#11, 19, 57#11, 19, 67#21, 19, 57#30, 19, 63#40, 19, 63#57, 19, 63#65, 19, 64#68, 19, 54#67, 19, 30#66, 19, 13#72, 23, 13#80, 25, 13#68, 25, 24#67, 25, 39#67, 25, 53#67, 25, 63#52, 25, 63#35, 25, 63#23, 25, 63#11, 25, 67#11, 25, 57#13, 25, 37#12, 25, 22#12, 25, 13#26, 25, 12#37, 25, 12#52, 25, 13#35, 31, 13#12, 31, 12#12, 31, 26#12, 31, 50#12, 31, 69#27, 31, 62#42, 31, 63#60, 31, 63#72, 31, 69#67, 31, 34#67, 31, 23#50, 31, 12#29, 37, 12#44, 37, 13#56, 37, 13#69, 37, 13#67, 37, 25#67, 37, 37#67, 37, 59#53, 37, 63#10, 44, 13#45, 44, 13#48, 1, 90#66, 44, 12#65, 44, 41#0, 1, 90#28, 44, 63#11, 44, 44#12, 44, 26#12, 37, 63#12, 37, 48#12, 37, 33#12, 37, 20#14, 37, 13#9, 39, 12#5, 40, 29#66, 51, 62#50, 51, 63#49, 51, 70#27, 51, 62#24, 51, 71#12, 51, 68#18, 51, 60#8, 51, 48#18, 51, 42#18, 51, 23#12, 51, 32#23, 51, 11#41, 51, 13#66, 51, 25#75, 51, 25#66, 51, 39#75, 51, 41#12, 58, 51#12, 58, 31#12, 58, 63#28, 58, 63#15, 58, 13#36, 58, 13#54, 58, 14#65, 58, 23#67, 58, 52#6, 65, 9#26, 65, 5#28, 65, 42"/>
    <property name="SleeperVolumeSize" value="8, 3, 15#12, 3, 20#13, 3, 21#15, 3, 19#16, 3, 30#14, 3, 29#15, 3, 20#9, 3, 19#17, 3, 16#18, 3, 21#11, 3, 15#17, 3, 23#14, 3, 19#18, 3, 9#18, 3, 15#17, 3, 16#15, 3, 15#15, 3, 15#14, 3, 16#7, 3, 14#14, 3, 20#17, 3, 2#9, 3, 19#11, 3, 23#21, 3, 11#18, 3, 13#16, 3, 16#15, 3, 15#15, 3, 13#10, 3, 6#13, 3, 9#10, 3, 22#18, 10, 11#35, 3, 11#9, 3, 20#10, 3, 12#16, 4, 14#16, 3, 18#15, 3, 17#17, 3, 14#19, 3, 15#9, 3, 17#7, 3, 17#13, 4, 15#14, 3, 29#15, 3, 13#27, 3, 12#20, 7, 5#8, 7, 14#15, 5, 10#15, 3, 12#16, 3, 15#13, 3, 15#9, 3, 10#10, 3, 9#10, 3, 10#6, 3, 13#18, 3, 13#11, 3, 9#10, 3, 10#9, 3, 19#10, 5, 14#17, 5, 12#8, 3, 13#15, 3, 12#12, 3, 10#13, 3, 25#14, 3, 17#8, 5, 7#3, 3, 17#13, 3, 15#13, 3, 14#14, 3, 10#13, 3, 13#15, 3, 13#15, 3, 13#12, 3, 13#12, 3, 9#12, 3, 10#15, 5, 20#18, 3, 15#13, 3, 12#11, 3, 12#15, 3, 15#17, 3, 12#15, 4, 18#23, 3, 14#16, 3, 24#15, 3, 19#13, 3, 8#15, 4, 15#18, 3, 15#13, 3, 13#7, 3, 7#16, 3, 15#15, 3, 11#17, 3, 13#15, 5, 18#12, 3, 12#13, 3, 12#11, 3, 12#13, 3, 12#14, 3, 22#13, 3, 16#14, 4, 13#35, 3, 13#22, 3, 12#38, 15, 32#14, 3, 29#15, 3, 37#48, 14, 32#37, 3, 13#17, 4, 33#15, 3, 18#26, 3, 10#16, 5, 15#15, 3, 15#16, 3, 13#11, 3, 7#5, 3, 15#6, 5, 20#15, 3, 15#18, 3, 7#17, 3, 7#23, 3, 9#25, 4, 5#6, 3, 8#9, 3, 16#10, 3, 20#11, 3, 18#11, 3, 19#6, 3, 16#18, 3, 14#41, 3, 12#9, 3, 14#5, 3, 16#9, 3, 24#5, 3, 21#9, 3, 7#16, 3, 32#16, 3, 16#39, 3, 13#21, 3, 21#21, 3, 12#26, 3, 10#15, 3, 29#14, 3, 24#24, 3, 72#64, 3, 37#57, 3, 41"/>
    <property name="SleeperVolumeGroup" value=",2,3,,1,1,,1,1,,1,2,,2,3,,2,3,,2,3,,1,1,,1,1,,1,2,,1,1,,1,2,,2,3,,1,1,,2,3,,1,1,,1,2,,1,2,,1,2,,1,1,,1,1,,1,1,,1,1,,1,2,,1,1,,1,2,,1,2,,1,2,,2,3,,1,1,,1,1,,1,2,,2,4,,2,3,,1,1,,1,1,,1,2,,1,1,,1,2,,1,2,,1,1,,1,1,,1,1,,1,1,,2,3,,1,2,,1,2,,1,1,,2,3,,2,3,,2,4,,2,3,,2,3,,1,1,,1,1,,1,1,,1,1,,3,4,,1,1,,1,1,,2,3,,2,3,,4,6,,1,2,,2,3,,1,2,,2,3,,2,4,,1,1,,1,1,,2,3,,2,3,,2,3,,1,1,,1,2,,1,1,,1,1,,1,1,,1,1,,3,5,,1,2,,1,2,,1,1,,1,1,,2,3,,1,2,,3,4,,2,4,,3,4,,1,1,,1,1,,1,2,,1,2,,1,1,,2,3,,1,1,,1,1,,3,5,,2,3,,1,2,,1,2,,2,3,,3,4,,2,4,,2,3,,6,10,,4,6,,2,3,,5,7,,5,8,,2,3,,4,7,,6,10,,3,5,,2,4,,3,4,,3,4,,4,6,,2,3,,1,1,,2,3,,2,3,,2,3,,2,3,,2,3,,3,4,,1,1,,2,4,,3,4,,4,6,,4,6,,1,2,,3,4,,5,8,,2,4,,1,1,,4,7,,2,4,,1,1,,5,7,,2,3,,4,6,,2,4,,1,2,,2,3,,3,4,,2,3,,2,3,,2,4,,3,4"/>
    <property name="SleeperVolumeGameStageAdjust" value=",,,,,,,,,,,,,,,,,,,,,,,,,,,,,,,,,,,,,,,,,,,,,,,,,,,,,,,,,,,,,,,,,,,,,,,,,,,,,,,,,,,,,,,,,,,,,,,,,,,,,,,,,,,,,,,,,,,,,,,,,,,,,,,,,,,,,,,,,,,,,,,,,,,,,"/>
    <property name="SleeperIsLootVolume" value="False,False,False,False,False,False,False,False,False,False,False,False,False,False,False,False,False,False,False,False,False,False,False,False,False,False,False,False,False,False,False,False,False,False,False,False,False,False,False,False,False,False,False,False,False,False,False,False,False,False,False,False,False,False,False,False,False,False,False,False,False,False,False,False,False,False,False,False,False,False,False,False,False,False,False,False,False,False,False,False,False,False,False,False,False,False,False,False,False,False,False,False,False,False,False,False,False,False,False,False,False,False,False,False,False,False,False,False,False,False,False,False,False,False,False,False,False,False,False,False,False,False,False,False,False,False,False,False,False,False,False,False,False,False,False,False,False,False,False,False,False,False,False,False,False,False,False,False,False,False"/>
    <property name="SleeperIsQuestExclude" value="False,False,False,False,False,False,False,False,False,False,False,False,False,False,False,False,False,False,False,False,False,False,False,False,False,False,False,False,False,False,False,False,False,False,False,False,False,False,False,False,False,False,False,False,False,False,False,False,False,False,False,False,False,False,False,False,False,False,False,False,False,False,False,False,False,False,False,False,False,False,False,False,False,False,False,False,False,False,False,False,False,False,False,False,False,False,False,False,False,False,False,False,False,False,False,False,False,False,False,False,False,False,False,False,False,False,False,False,False,False,False,False,False,False,False,False,False,False,False,False,False,False,False,False,False,False,False,False,False,False,False,False,False,False,False,False,False,False,False,False,False,False,False,False,False,False,False,False,False,False"/>
    <property name="SleeperVolumeFlags" value="0,0,0,0,0,0,0,0,0,0,0,0,0,0,0,0,0,0,0,0,0,0,0,0,0,0,0,0,0,0,0,0,0,0,0,0,0,0,0,0,0,0,0,0,0,0,0,0,0,0,0,0,0,0,0,0,0,0,0,0,0,0,0,0,0,0,0,0,0,0,0,0,0,0,0,0,0,0,0,0,0,0,0,0,0,0,0,0,0,0,0,0,0,0,0,0,0,0,0,0,0,0,0,0,0,0,0,0,0,0,0,0,0,0,0,0,0,0,0,0,0,0,0,0,0,0,0,0,0,0,0,0,0,0,0,0,0,0,0,0,0,0,0,0,0,0,0,0,0,0"/>
    <property name="SleeperVolumeGroupId" value="0,0,0,0,0,0,0,0,0,0,0,0,0,0,0,0,0,0,0,0,0,0,0,0,0,0,0,0,0,0,0,0,0,0,0,0,0,0,0,0,0,0,0,0,0,0,0,0,0,0,0,0,0,0,0,0,0,0,0,0,0,0,0,0,0,0,0,0,0,0,0,0,0,0,0,0,0,0,0,0,0,0,0,0,0,0,0,0,0,0,0,0,0,0,0,0,0,0,0,0,0,0,0,0,0,0,0,0,0,0,0,0,0,0,0,0,0,0,0,0,0,0,0,0,0,0,0,0,0,0,0,0,0,0,0,0,0,0,0,0,0,0,0,0,0,0,0,0,0,0"/>
    <property name="ShowQuestClearCount" value="0,0,0,0,0,0,0,0,0,0,0,0,0,0,0,0,0,0,0,0,0,0,0,0,0,0,0,0,0,0,0,0,0,0,0,0,0,0,0,0,0,0,0,0,0,0,0,0,0,0,0,0,0,0,0,0,0,0,0,0,0,0,0,0,0,0,0,0,0,0,0,0,0,0,0,0,0,0,0,0,0,0,0,0,0,0,0,0,0,0,0,0,0,0,0,0,0,0,0,0,0,0,0,0,0,0,0,0,0,0,0,0,0,0,0,0,0,0,0,0,0,0,0,0,0,0,0,0,0,0,0,0,0,0,0,0,0,0,0,0,0,0,0,0,0,0,0,0,0,0"/>
</prefab>
