<?xml version="1.0" encoding="UTF-8"?>
<prefab>
    <property name="CopyAirBlocks" value="True"/>
    <property name="AllowTopSoilDecorations" value="True"/>
    <property name="ExcludeDistantPOIMesh" value="False"/>
    <property name="ExcludePOICulling" value="False"/>
    <property name="DifficultyTier" value="5"/>
    <property name="Zoning" value="ResidentialNew,Residential"/>
    <property name="RotationToFaceNorth" value="2"/>
    <property name="YOffset" value="-10"/>
    <property name="DistantPOIYOffset" value="0"/>
    <property name="AllowedBiomes" value="pine_forest,desert"/>
    <property name="AllowedTownships" value="city,rural,town"/>
    <property name="EditorGroups" value="house new, rural"/>
    <property name="SleeperVolumeStart" value="22, 1, 26#2, 1, 19#8, 1, 14#14, 1, 14#28, 1, 12#43, 1, 20#38, 1, 26#42, 9, 17#0, 10, 15"/>
    <property name="SleeperVolumeSize" value="15, 3, 7#6, 4, 11#6, 4, 16#13, 3, 9#15, 3, 11#10, 3, 13#5, 3, 9#9, 7, 11#19, 3, 25"/>
    <property name="SleeperVolumeGroup" value=",1,3,,1,2,,3,6,,2,4,,2,4,,2,4,,1,2,,2,4,,4,8"/>
    <property name="SleeperVolumeGameStageAdjust" value=",,,,,,,,"/>
    <property name="SleeperIsLootVolume" value="False,False,False,False,False,False,False,False,False"/>
    <property name="SleeperIsQuestExclude" value="False,False,False,False,False,False,False,False,False"/>
    <property name="SleeperVolumeFlags" value="0,0,0,0,0,0,0,0,0"/>
    <property name="SleeperVolumeGroupId" value="0,0,0,0,0,0,0,0,0"/>
    <property name="ShowQuestClearCount" value="0,0,0,0,0,0,0,0,0"/>
</prefab>
