<?xml version="1.0" encoding="UTF-8"?>
<prefab>
    <property name="CopyAirBlocks" value="True"/>
    <property name="AllowTopSoilDecorations" value="True"/>
    <property name="ExcludeDistantPOIMesh" value="False"/>
    <property name="ExcludePOICulling" value="False"/>
    <property name="QuestTags" value="clear,fetch"/>
    <property name="DifficultyTier" value="4"/>
    <property name="Zoning" value="Residential"/>
    <property name="RotationToFaceNorth" value="2"/>
    <property name="YOffset" value="-5"/>
    <property name="DistantPOIYOffset" value="0"/>
    <property name="AllowedBiomes" value="burnt_forest,snow,wasteland"/>
    <property name="AllowedTownships" value="town"/>
    <property name="EditorGroups" value="house old, house new, House medium"/>
    <property name="SleeperVolumeStart" value="17, 1, 13#17, 1, 5#31, 1, 5#26, 1, 5#10, 6, 5#16, 6, 4#24, 6, 5#40, 10, 3#14, 11, 5#24, 11, 4#24, 10, 13#16, 15, 16#31, 15, 6#15, 15, 7#10, 5, 0#47, 5, 1#35, 10, 12#30, 10, 12"/>
    <property name="SleeperVolumeSize" value="9, 3, 6#9, 3, 8#7, 3, 14#5, 5, 14#5, 3, 14#8, 3, 15#20, 3, 15#6, 3, 17#10, 3, 14#16, 3, 9#6, 5, 7#8, 3, 3#8, 3, 12#12, 3, 8#36, 3, 4#26, 3, 24#5, 3, 8#5, 3, 8"/>
    <property name="SleeperVolumeGroup" value=",3,3,,2,2,,3,4,,2,4,,1,2,,1,2,,4,5,,1,2,,3,4,,2,3,,1,2,,1,2,,1,3,,1,2,,1,1,,5,7,,1,2,,2,3"/>
    <property name="SleeperVolumeGameStageAdjust" value=",,,,,easy,,,,,,,,,,,,"/>
    <property name="SleeperIsLootVolume" value="False,False,False,False,False,False,False,False,False,False,False,False,False,False,False,False,False,False"/>
    <property name="SleeperIsQuestExclude" value="False,False,False,False,False,False,False,False,False,False,False,False,False,False,False,False,False,False"/>
    <property name="SleeperVolumeFlags" value="0,0,0,0,0,0,0,0,0,0,0,0,0,0,0,0,0,2"/>
    <property name="SleeperVolumeGroupId" value="0,0,0,0,0,0,0,0,0,0,0,0,0,0,0,0,0,0"/>
    <property name="ShowQuestClearCount" value="0,0,0,0,0,0,0,0,0,0,0,0,0,0,0,0,0,0"/>
</prefab>
