<?xml version="1.0" encoding="UTF-8"?>
<prefab>
    <property name="CopyAirBlocks" value="True"/>
    <property name="AllowTopSoilDecorations" value="True"/>
    <property name="ExcludeDistantPOIMesh" value="False"/>
    <property name="ExcludePOICulling" value="False"/>
    <property name="QuestTags" value="clear,fetch"/>
    <property name="DifficultyTier" value="4"/>
    <property name="Zoning" value="Industrial,Residential"/>
    <property name="RotationToFaceNorth" value="1"/>
    <property name="YOffset" value="-20"/>
    <property name="DistantPOIYOffset" value="0"/>
    <property name="AllowedBiomes" value="burnt_forest"/>
    <property name="AllowedTownships" value="wilderness"/>
    <property name="EditorGroups" value="Wilderness"/>
    <property name="SleeperVolumeStart" value="14, 17, 17#19, 14, 16#11, 1, 16#17, 0, 2#18, 5, 2#5, 11, 3#3, 1, 2#2, 6, 13#7, 1, 12#10, 4, 11#12, 10, 6"/>
    <property name="SleeperVolumeSize" value="4, 3, 6#4, 3, 2#4, 4, 8#8, 4, 6#5, 4, 8#3, 2, 3#11, 6, 8#4, 2, 3#4, 2, 3#4, 4, 4#14, 4, 7"/>
    <property name="SleeperVolumeGroup" value=",1,3,,1,3,,3,4,,4,5,,4,8,,2,5,,2,5,,2,3,,1,3,,2,5,,3,8"/>
    <property name="SleeperVolumeGameStageAdjust" value=",,,,,,,,,,"/>
    <property name="SleeperIsLootVolume" value="False,False,False,False,False,False,False,False,False,False,False"/>
    <property name="SleeperIsQuestExclude" value="False,False,False,False,False,False,False,False,False,False,False"/>
    <property name="SleeperVolumeFlags" value="0,0,0,0,0,0,0,0,0,0,0"/>
    <property name="SleeperVolumeGroupId" value="0,0,0,0,0,0,0,0,0,0,0"/>
    <property name="ShowQuestClearCount" value="0,0,0,0,0,0,0,0,0,0,0"/>
</prefab>
