<?xml version="1.0" encoding="UTF-8"?>
<prefab>
    <property name="CopyAirBlocks" value="True"/>
    <property name="AllowTopSoilDecorations" value="True"/>
    <property name="ExcludeDistantPOIMesh" value="False"/>
    <property name="ExcludePOICulling" value="False"/>
    <property name="DifficultyTier" value="1"/>
    <property name="Zoning" value="Commercial,Residential"/>
    <property name="RotationToFaceNorth" value="0"/>
    <property name="YOffset" value="-2"/>
    <property name="DistantPOIYOffset" value="0"/>
    <property name="AllowedBiomes" value="snow,desert"/>
    <property name="AllowedTownships" value="city"/>
    <property name="EditorGroups" value="Cityblocks, commercial"/>
    <property name="SleeperVolumeStart" value="1, 2, 1#1, 2, 28#23, 2, 37#53, 2, 1#15, 143, 18#27, 143, 18#32, 2, 37#74, 2, 37#83, 2, 37#66, 143, 20#78, 143, 20"/>
    <property name="SleeperVolumeSize" value="52, 3, 27#22, 3, 36#9, 3, 28#52, 3, 27#12, 10, 29#12, 10, 29#42, 3, 27#9, 3, 28#22, 3, 27#12, 10, 27#13, 10, 27"/>
    <property name="SleeperVolumeGroup" value=",6,7,,3,4,,3,4,,4,5,,6,7,,4,5,,1,2,,1,2,,1,2,,4,5,,4,5"/>
    <property name="SleeperVolumeGameStageAdjust" value="250,350,350,350,medium,350,,,,,"/>
    <property name="SleeperIsLootVolume" value="False,False,False,False,False,False,False,False,False,False,False"/>
    <property name="SleeperIsQuestExclude" value="False,False,False,False,False,False,False,False,False,False,False"/>
    <property name="SleeperVolumeFlags" value="0,0,0,0,0,0,0,0,0,0,0"/>
    <property name="SleeperVolumeGroupId" value="0,0,0,0,0,0,0,0,0,0,0"/>
    <property name="ShowQuestClearCount" value="0,0,0,0,0,0,0,0,0,0,0"/>
</prefab>
