<?xml version="1.0" encoding="UTF-8"?>
<prefab>
    <property name="CopyAirBlocks" value="True"/>
    <property name="AllowTopSoilDecorations" value="True"/>
    <property name="ExcludeDistantPOIMesh" value="False"/>
    <property name="ExcludePOICulling" value="False"/>
    <property name="QuestTags" value="clear,fetch"/>
    <property name="DifficultyTier" value="3"/>
    <property name="Zoning" value="Commercial,Residential"/>
    <property name="RotationToFaceNorth" value="3"/>
    <property name="YOffset" value="-6"/>
    <property name="DistantPOIYOffset" value="0"/>
    <property name="AllowedBiomes" value="burnt_forest,snow,pine_forest,desert,wasteland"/>
    <property name="AllowedTownships" value="city,town"/>
    <property name="EditorGroups" value="Cityblocks, commercial, downtown, rural"/>
    <property name="SleeperVolumeStart" value="15, 2, 25#28, 2, 23#14, 6, 24#41, 6, 24#35, 6, 37#48, 6, -1#15, 10, 23#71, 6, -1"/>
    <property name="SleeperVolumeSize" value="12, 2, 13#19, 2, 14#21, 3, 16#7, 2, 14#37, 3, 18#23, 3, 38#34, 4, 18#16, 6, 41"/>
    <property name="SleeperVolumeGroup" value=",1,1,,2,3,,3,4,,1,2,,2,3,,1,2,,2,3,,2,3"/>
    <property name="SleeperVolumeGameStageAdjust" value="hard,hard,hard,hard,hard,hard,hard,hard"/>
    <property name="SleeperIsLootVolume" value="False,False,False,False,False,False,False,False"/>
    <property name="SleeperIsQuestExclude" value="False,False,False,False,False,False,False,False"/>
    <property name="SleeperVolumeFlags" value="0,0,0,0,0,0,0,0"/>
    <property name="SleeperVolumeGroupId" value="0,0,0,0,0,0,0,0"/>
    <property name="ShowQuestClearCount" value="0,0,0,0,0,0,0,0"/>
</prefab>
