<?xml version="1.0" encoding="UTF-8"?>
<prefab>
    <property name="CopyAirBlocks" value="True"/>
    <property name="AllowTopSoilDecorations" value="True"/>
    <property name="ExcludeDistantPOIMesh" value="False"/>
    <property name="ExcludePOICulling" value="False"/>
    <property name="QuestTags" value="clear,fetch"/>
    <property name="DifficultyTier" value="5"/>
    <property name="Zoning" value="ResidentialOld,Residential"/>
    <property name="RotationToFaceNorth" value="1"/>
    <property name="YOffset" value="-28"/>
    <property name="DistantPOIYOffset" value="0"/>
    <property name="AllowedBiomes" value="pine_forest"/>
    <property name="AllowedTownships" value="rural,wilderness"/>
    <property name="EditorGroups" value="Wilderness, rural, house old"/>
    <property name="SleeperVolumeStart" value="21, 33, 14#28, 29, 11#37, 28, 13#23, 21, 9#34, 21, 9#31, 21, 11#36, 21, 18#33, 11, 9#31, 11, 15#24, 11, 18#24, 11, 3#22, 15, 8#30, 11, 10#7, 5, 1#31, 11, 5#23, 21, 12#33, 11, 12"/>
    <property name="SleeperVolumeSize" value="5, 3, 4#2, 3, 11#1, 3, 7#6, 3, 2#5, 3, 6#1, 2, 1#3, 3, 3#7, 3, 2#3, 3, 3#5, 3, 2#5, 3, 2#6, 1, 7#1, 3, 3#10, 3, 12#3, 3, 3#6, 3, 2#7, 3, 2"/>
    <property name="SleeperVolumeGroup" value=",1,2,,3,5,,0,0,,2,4,,5,7,,0,0,,1,2,,4,6,,2,3,,3,5,,3,5,,38,40,,0,0,,14,16,,2,3,,2,4,,4,6"/>
    <property name="SleeperVolumeGameStageAdjust" value=",,,,,,,,,,,,,,,,"/>
    <property name="SleeperIsLootVolume" value="False,False,False,False,False,False,False,False,False,False,False,False,False,False,False,False,False"/>
    <property name="SleeperIsQuestExclude" value="False,False,False,False,False,False,False,False,False,False,False,False,False,False,False,False,False"/>
    <property name="SleeperVolumeFlags" value="2,2,2,2,2,2,2,2,2,2,2,2,2,2,2,0,0"/>
    <property name="SleeperVolumeGroupId" value="0,1,1,2,2,2,0,3,3,3,3,3,3,0,3,2,3"/>
    <property name="ShowQuestClearCount" value="0,0,0,0,0,0,0,0,0,0,0,0,0,0,0,0,0"/>
</prefab>
