<?xml version="1.0" encoding="UTF-8"?>
<prefab>
    <property name="CopyAirBlocks" value="True"/>
    <property name="AllowTopSoilDecorations" value="True"/>
    <property name="ExcludeDistantPOIMesh" value="False"/>
    <property name="ExcludePOICulling" value="False"/>
    <property name="DifficultyTier" value="3"/>
    <property name="Zoning" value="ResidentialNew,Residential"/>
    <property name="RotationToFaceNorth" value="3"/>
    <property name="YOffset" value="-1"/>
    <property name="DistantPOIYOffset" value="0"/>
    <property name="AllowedBiomes" value="snow,pine_forest,desert"/>
    <property name="AllowedTownships" value="city,town"/>
    <property name="EditorGroups" value="house new, House medium, house old, HOUSE CONST"/>
    <property name="SleeperVolumeStart" value="16, 1, 23#17, 6, 16#23, 6, 24#23, 1, 25#22, 6, 16#21, 6, 11#22, 6, 3#23, 0, 15#17, 0, 15#22, 0, 2#23, 6, 12"/>
    <property name="SleeperVolumeSize" value="5, 4, 9#5, 4, 16#6, 4, 8#6, 4, 7#7, 4, 7#9, 3, 5#7, 4, 6#6, 5, 9#6, 4, 3#7, 5, 14#5, 1, 1"/>
    <property name="SleeperVolumeGroup" value=",4,6,,4,6,,5,9,,2,4,,3,5,,2,3,,35,35,,7,10,,3,5,,6,9,,0,0"/>
    <property name="SleeperVolumeGameStageAdjust" value=",,,,,,,,,,"/>
    <property name="SleeperIsLootVolume" value="False,False,False,False,False,False,False,False,False,False,False"/>
    <property name="SleeperIsQuestExclude" value="False,False,False,False,False,False,False,False,False,False,False"/>
    <property name="SleeperVolumeFlags" value="2,0,0,0,0,0,2,0,0,0,2"/>
    <property name="SleeperVolumeGroupId" value="0,0,0,0,0,0,1,0,0,0,1"/>
    <property name="ShowQuestClearCount" value="0,0,0,0,0,0,0,0,0,0,0"/>
</prefab>
