<?xml version="1.0" encoding="UTF-8"?>
<prefab>
    <property name="CopyAirBlocks" value="True"/>
    <property name="AllowTopSoilDecorations" value="True"/>
    <property name="ExcludeDistantPOIMesh" value="False"/>
    <property name="ExcludePOICulling" value="False"/>
    <property name="DifficultyTier" value="5"/>
    <property name="Zoning" value="Industrial,Residential"/>
    <property name="RotationToFaceNorth" value="2"/>
    <property name="YOffset" value="-7"/>
    <property name="DistantPOIYOffset" value="0"/>
    <property name="AllowedBiomes" value="burnt_forest,wasteland"/>
    <property name="AllowedTownships" value="city"/>
    <property name="EditorGroups" value="Wilderness, industrial"/>
    <property name="SleeperVolumeStart" value="21, 2, 55#106, 2, 54#51, 2, 23#75, 2, 3#130, 2, 26#61, 2, 2#17, 2, 15#22, 2, 3#8, 2, 33#15, 2, 32#89, 6, 25#30, 2, 24#90, 7, 0#42, 7, 0#65, 2, 53#79, 7, 45#29, 7, 21#14, 17, 50#8, 7, 26#0, 7, 8#51, 8, 22"/>
    <property name="SleeperVolumeSize" value="27, 3, 27#27, 3, 28#29, 3, 32#30, 2, 21#11, 2, 11#16, 2, 15#55, 2, 8#22, 5, 11#9, 3, 6#7, 3, 13#23, 6, 16#18, 3, 31#39, 3, 25#48, 3, 21#32, 3, 31#17, 7, 39#22, 3, 27#39, 3, 38#20, 2, 19#10, 3, 13#28, 3, 32"/>
    <property name="SleeperVolumeGroup" value=",3,4,,1,2,,3,4,,5,6,,5,6,,2,4,,5,6,,1,1,,1,1,,1,1,,4,5,,3,4,,7,12,,4,5,,4,5,,3,4,,1,1,,6,6,,3,4,,2,4,,4,5"/>
    <property name="SleeperVolumeGameStageAdjust" value=",,,,,,,,,,,,,,,,,,,,"/>
    <property name="SleeperIsLootVolume" value="False,False,False,False,False,False,False,False,False,False,False,False,False,False,False,False,False,False,False,False,False"/>
    <property name="SleeperIsQuestExclude" value="False,False,False,False,False,False,False,False,False,False,False,False,False,False,False,False,False,False,False,False,False"/>
    <property name="SleeperVolumeFlags" value="0,0,0,0,0,0,0,0,0,0,0,0,0,0,0,0,0,0,0,0,0"/>
    <property name="SleeperVolumeGroupId" value="0,0,0,0,0,0,0,0,0,0,0,0,0,0,0,0,0,0,0,0,0"/>
    <property name="ShowQuestClearCount" value="0,0,0,0,0,0,0,0,0,0,0,0,0,0,0,0,0,0,0,0,0"/>
</prefab>
