<?xml version="1.0" encoding="UTF-8"?>
<prefab>
    <property name="CopyAirBlocks" value="True"/>
    <property name="AllowTopSoilDecorations" value="True"/>
    <property name="ExcludeDistantPOIMesh" value="False"/>
    <property name="ExcludePOICulling" value="False"/>
    <property name="DifficultyTier" value="5"/>
    <property name="Zoning" value="ResidentialOld,Residential"/>
    <property name="RotationToFaceNorth" value="1"/>
    <property name="YOffset" value="-124"/>
    <property name="DistantPOIYOffset" value="0"/>
    <property name="AllowedBiomes" value="burnt_forest,wasteland"/>
    <property name="AllowedTownships" value="wilderness"/>
    <property name="EditorGroups" value="Wilderness"/>
    <property name="SleeperVolumeStart" value="11, 9, 17#11, 36, 17#11, 56, 17#11, 73, 17#11, 87, 17#57, 14, 39#23, 42, 34#50, 89, 37#8, 124, 56#18, 124, 51#58, 124, 44#76, 124, 24#58, 124, 24#65, 124, 3#33, 124, 3#43, 122, 24#16, 123, 24#16, 124, 0#16, 124, 12#1, 124, 5#52, 11, 37"/>
    <property name="SleeperVolumeSize" value="55, 14, 53#55, 12, 51#55, 16, 51#55, 13, 52#55, 13, 52#1, 2, 2#12, 5, 6#12, 7, 10#10, 16, 12#25, 8, 18#24, 4, 28#6, 3, 20#18, 3, 20#15, 4, 21#32, 5, 21#15, 9, 43#27, 16, 27#17, 8, 12#17, 12, 12#15, 14, 51#3, 3, 6"/>
    <property name="SleeperVolumeGroup" value=",15,20,,9,10,,9,10,,9,10,,9,10,,1,1,,1,2,,1,2,,3,9,,4,9,,5,6,,1,2,,1,2,,2,5,,4,8,,2,5,,3,7,,1,2,,1,1,,5,11,,0,0"/>
    <property name="SleeperVolumeGameStageAdjust" value=",,,,,,,,,,,,,,,,,,,,"/>
    <property name="SleeperIsLootVolume" value="False,False,False,False,False,False,False,False,False,False,False,False,False,False,False,False,False,False,False,False,False"/>
    <property name="SleeperIsQuestExclude" value="False,False,False,False,False,False,False,False,False,False,False,False,False,False,False,False,False,False,False,False,False"/>
    <property name="SleeperVolumeFlags" value="0,0,0,0,0,2,0,2,0,0,0,0,0,0,0,0,0,0,0,0,2"/>
    <property name="SleeperVolumeGroupId" value="0,0,0,0,0,1,0,0,0,0,0,0,0,0,0,0,0,0,0,0,1"/>
    <property name="ShowQuestClearCount" value="0,0,0,0,0,0,0,0,0,0,0,0,0,0,0,0,0,0,0,0,0"/>
</prefab>
