<?xml version="1.0" encoding="UTF-8"?>
<prefab>
    <property name="CopyAirBlocks" value="True"/>
    <property name="AllowTopSoilDecorations" value="True"/>
    <property name="ExcludeDistantPOIMesh" value="False"/>
    <property name="ExcludePOICulling" value="False"/>
    <property name="QuestTags" value="clear,fetch"/>
    <property name="DifficultyTier" value="2"/>
    <property name="Zoning" value="Residential"/>
    <property name="RotationToFaceNorth" value="0"/>
    <property name="YOffset" value="-15"/>
    <property name="DistantPOIYOffset" value="-15"/>
    <property name="AllowedBiomes" value="pine_forest"/>
    <property name="AllowedTownships" value="wilderness"/>
    <property name="EditorGroups" value="Wilderness"/>
    <property name="SleeperVolumeStart" value="22, 1, 19#21, 6, 18#36, 11, 12#6, 11, 31#31, 11, 26"/>
    <property name="SleeperVolumeSize" value="27, 3, 27#29, 3, 29#22, 3, 14#25, 3, 30#31, 3, 27"/>
    <property name="SleeperVolumeGroup" value=",4,6,,1,2,,1,1,,3,6,,5,10"/>
    <property name="SleeperVolumeGameStageAdjust" value=",,,,"/>
    <property name="SleeperIsLootVolume" value="False,False,False,False,False"/>
    <property name="SleeperIsQuestExclude" value="False,False,False,False,False"/>
    <property name="SleeperVolumeFlags" value="0,0,0,0,0"/>
    <property name="SleeperVolumeGroupId" value="0,0,0,0,0"/>
    <property name="ShowQuestClearCount" value="0,0,0,0,0"/>
</prefab>
