<?xml version="1.0" encoding="UTF-8"?>
<prefab>
    <property name="CopyAirBlocks" value="True"/>
    <property name="AllowTopSoilDecorations" value="True"/>
    <property name="ExcludeDistantPOIMesh" value="False"/>
    <property name="ExcludePOICulling" value="False"/>
    <property name="QuestTags" value="clear,fetch"/>
    <property name="DifficultyTier" value="5"/>
    <property name="Zoning" value="ResidentialOld,Residential"/>
    <property name="RotationToFaceNorth" value="0"/>
    <property name="YOffset" value="-28"/>
    <property name="DistantPOIYOffset" value="0"/>
    <property name="AllowedBiomes" value="snow,pine_forest,desert"/>
    <property name="AllowedTownships" value="rural,wilderness"/>
    <property name="EditorGroups" value="rural, Wilderness"/>
    <property name="SleeperVolumeStart" value="6, 26, 17#18, 21, 15#17, 27, 2#19, 21, 4#10, 21, 4#8, 21, 6#3, 23, 5#1, 26, 2#1, 26, 37#50, 26, 37#51, 26, 2#9, 27, 7#10, 27, 4#8, 31, 4#10, 35, 6#32, 28, 3#41, 24, 4#53, 22, 4#50, 22, 38#27, 27, 35#17, 23, 37#2, 23, 20#13, 15, 25#13, 16, 18#6, 17, 16#1, 17, 6#1, 16, 25#20, 13, 17#20, 13, 27#19, 13, 14#14, 12, 15#14, 13, 10#6, 13, 12#6, 13, 23#2, 7, 15#10, 7, 15#20, 7, 15#25, 7, 15#2, 7, 2#8, 7, 2#1, 11, 8#1, 7, 33#12, 7, 33#26, 4, 27#26, 1, 27#2, 1, 19#2, 1, 13#15, 1, 13#30, 1, 13#39, 1, 16#30, 7, 13#38, 18, 20#38, 5, 20#27, 23, 4#1, 17, 19#14, 14, 1#36, 28, 34"/>
    <property name="SleeperVolumeSize" value="19, 3, 10#10, 4, 14#15, 3, 15#6, 4, 9#9, 4, 8#2, 3, 7#3, 3, 12#6, 4, 6#6, 4, 6#6, 4, 6#5, 4, 6#6, 3, 5#4, 2, 3#8, 4, 10#4, 2, 6#15, 2, 10#9, 1, 4#3, 3, 30#4, 3, 3#7, 4, 6#7, 2, 4#5, 2, 21#7, 5, 14#7, 4, 8#1, 2, 9#6, 4, 9#6, 4, 9#9, 4, 10#9, 4, 3#10, 4, 3#4, 3, 14#4, 2, 5#7, 2, 11#7, 2, 9#6, 4, 16#6, 2, 16#6, 2, 17#4, 2, 16#5, 3, 11#3, 3, 11#4, 4, 21#9, 3, 10#13, 3, 10#3, 2, 5#3, 2, 5#23, 4, 13#12, 4, 6#14, 3, 6#20, 5, 19#5, 4, 11#22, 19, 19#3, 3, 5#3, 3, 5#8, 2, 2#5, 4, 4#6, 6, 5#12, 3, 8"/>
    <property name="SleeperVolumeGroup" value=",2,4,,2,6,,2,3,,2,4,,5,6,,1,3,,1,2,,1,3,,1,3,,1,3,,1,3,,1,3,,1,2,,1,4,,1,2,,2,4,,1,3,,1,2,,1,2,,1,3,,1,2,,1,2,,1,3,,1,3,,2,4,,1,3,,1,3,,2,4,,1,3,,1,2,,1,2,,1,1,,2,6,,1,6,,1,3,,2,4,,1,8,,2,9,,2,5,,1,7,,1,3,,3,6,,4,6,,1,3,,1,2,,4,12,,1,4,,1,4,,4,8,,1,3,,10,20,,1,1,,1,1,,1,1,,1,2,,1,4,,2,4"/>
    <property name="SleeperVolumeGameStageAdjust" value=",,,,,,,,,,,,,,,,,,,,,,,,,,,,,,,,,,,,,,,,,,,,,,,,,,,,,,,,"/>
    <property name="SleeperIsLootVolume" value="False,False,False,False,False,False,False,False,False,False,False,False,False,False,False,False,False,False,False,False,False,False,False,False,False,False,False,False,False,False,False,False,False,False,False,False,False,False,False,False,False,False,False,False,False,False,False,False,False,True,False,True,True,False,True,False,False"/>
    <property name="SleeperIsQuestExclude" value="False,False,False,False,False,False,False,False,False,False,False,False,False,False,False,False,False,False,False,False,False,False,False,False,False,False,False,False,False,False,False,False,False,False,False,False,False,False,False,False,False,False,False,False,False,False,False,False,False,False,False,False,False,False,False,False,False"/>
    <property name="SleeperVolumeFlags" value="0,0,0,0,0,0,0,0,0,0,0,0,0,0,0,0,0,0,0,0,0,0,0,0,0,0,0,0,0,0,0,0,0,0,0,0,0,0,0,0,0,0,0,0,0,0,0,0,0,0,0,0,0,0,0,0,0"/>
    <property name="SleeperVolumeGroupId" value="0,0,0,0,0,0,0,0,0,0,0,0,0,0,0,0,0,0,0,0,0,0,0,0,0,0,0,0,0,0,0,0,0,0,0,0,0,0,0,0,0,0,0,0,0,0,0,0,0,0,0,0,0,0,0,0,0"/>
    <property name="ShowQuestClearCount" value="0,0,0,0,0,0,0,0,0,0,0,0,0,0,0,0,0,0,0,0,0,0,0,0,0,0,0,0,0,0,0,0,0,0,0,0,0,0,0,0,0,0,0,0,0,0,0,0,0,0,0,0,0,0,0,0,0"/>
</prefab>
