<?xml version="1.0" encoding="UTF-8"?>
<prefab>
    <property name="CopyAirBlocks" value="True"/>
    <property name="AllowTopSoilDecorations" value="True"/>
    <property name="ExcludeDistantPOIMesh" value="False"/>
    <property name="ExcludePOICulling" value="False"/>
    <property name="QuestTags" value="clear,fetch"/>
    <property name="DifficultyTier" value="4"/>
    <property name="Zoning" value="Industrial,Residential"/>
    <property name="RotationToFaceNorth" value="2"/>
    <property name="YOffset" value="-6"/>
    <property name="DistantPOIYOffset" value="0"/>
    <property name="AllowedBiomes" value="snow,pine_forest,desert"/>
    <property name="AllowedTownships" value="city"/>
    <property name="EditorGroups" value="rural, Wilderness"/>
    <property name="SleeperVolumeStart" value="14, 0, 13#30, 6, 5#21, 6, 4#4, 6, 4#4, 10, 4#31, 10, 3#22, 10, 4"/>
    <property name="SleeperVolumeSize" value="10, 5, 9#15, 3, 16#9, 3, 18#17, 3, 18#18, 3, 18#17, 3, 19#9, 4, 7"/>
    <property name="SleeperVolumeGroup" value=",1,2,,3,4,,3,4,,17,23,,7,8,,8,10,,3,4"/>
    <property name="SleeperVolumeGameStageAdjust" value=",,,,,,"/>
    <property name="SleeperIsLootVolume" value="False,False,False,False,False,False,False"/>
    <property name="SleeperIsQuestExclude" value="False,False,False,False,False,False,False"/>
    <property name="SleeperVolumeFlags" value="0,0,0,0,0,0,0"/>
    <property name="SleeperVolumeGroupId" value="0,0,0,0,0,0,0"/>
    <property name="ShowQuestClearCount" value="0,0,0,0,0,0,0"/>
</prefab>
