<?xml version="1.0" encoding="UTF-8"?>
<prefab>
    <property name="CopyAirBlocks" value="True"/>
    <property name="AllowTopSoilDecorations" value="True"/>
    <property name="ExcludeDistantPOIMesh" value="False"/>
    <property name="ExcludePOICulling" value="False"/>
    <property name="QuestTags" value="clear,fetch"/>
    <property name="DifficultyTier" value="2"/>
    <property name="Zoning" value="Commercial,Residential"/>
    <property name="RotationToFaceNorth" value="2"/>
    <property name="YOffset" value="-1"/>
    <property name="DistantPOIYOffset" value="0"/>
    <property name="AllowedBiomes" value="snow"/>
    <property name="AllowedTownships" value="rural,town"/>
    <property name="EditorGroups" value="rural, commercial"/>
    <property name="SleeperVolumeStart" value="2, 1, 2#7, 8, 7#4, 14, 4#11, 25, 11#9, 18, 9"/>
    <property name="SleeperVolumeSize" value="22, 3, 22#12, 3, 12#18, 4, 18#4, 6, 4#8, 7, 8"/>
    <property name="SleeperVolumeGroup" value=",6,8,,5,7,,6,8,,1,1,,2,3"/>
    <property name="SleeperVolumeGameStageAdjust" value=",,,,"/>
    <property name="SleeperIsLootVolume" value="False,False,False,False,False"/>
    <property name="SleeperIsQuestExclude" value="False,False,False,False,False"/>
    <property name="SleeperVolumeFlags" value="0,0,0,0,0"/>
    <property name="SleeperVolumeGroupId" value="0,0,0,0,0"/>
    <property name="ShowQuestClearCount" value="0,0,0,0,0"/>
</prefab>
