<?xml version="1.0" encoding="UTF-8"?>
<prefab>
    <property name="CopyAirBlocks" value="True"/>
    <property name="AllowTopSoilDecorations" value="True"/>
    <property name="ExcludeDistantPOIMesh" value="False"/>
    <property name="ExcludePOICulling" value="False"/>
    <property name="QuestTags" value="clear,fetch"/>
    <property name="DifficultyTier" value="5"/>
    <property name="Zoning" value="Commercial,Residential"/>
    <property name="RotationToFaceNorth" value="2"/>
    <property name="YOffset" value="-2"/>
    <property name="DistantPOIYOffset" value="0"/>
    <property name="AllowedBiomes" value="pine_forest,wasteland"/>
    <property name="AllowedTownships" value="city"/>
    <property name="EditorGroups" value="Cityblocks, commercial"/>
    <property name="SleeperVolumeStart" value="51, 1, 14#0, 1, 0#0, 1, 14#5, 1, 45#5, 1, 14#23, 8, 14#5, 18, 14#5, 23, 14#5, 28, 14#5, 33, 14#5, 165, 14#5, 161, 14#5, 149, 14#5, 144, 14#5, 139, 14#5, 134, 14#5, 129, 14#5, 124, 14#5, 119, 14#5, 114, 14#5, 38, 14#5, 43, 14#5, 48, 14#5, 53, 14#5, 58, 14#5, 63, 14#5, 68, 14#5, 73, 14#5, 78, 14#5, 83, 14#5, 88, 14#24, 88, 14#5, 98, 14#5, 103, 14#5, 108, 14#5, 8, 14#23, 13, 14#24, 93, 14#5, 154, 14"/>
    <property name="SleeperVolumeSize" value="5, 3, 35#56, 3, 14#5, 3, 35#46, 3, 4#46, 7, 31#28, 5, 31#46, 5, 31#46, 5, 31#46, 5, 31#46, 5, 31#46, 6, 31#46, 4, 31#46, 5, 31#46, 5, 31#46, 5, 31#46, 5, 31#46, 5, 31#46, 5, 31#46, 5, 31#46, 5, 31#46, 5, 31#46, 5, 31#46, 5, 31#46, 5, 31#46, 5, 31#46, 5, 31#46, 5, 31#46, 5, 31#46, 5, 31#46, 5, 31#19, 10, 31#27, 5, 31#46, 5, 31#46, 5, 31#46, 6, 31#18, 10, 31#28, 5, 31#27, 5, 31#46, 7, 31"/>
    <property name="SleeperVolumeGroup" value=",1,5,,3,8,,1,5,,1,5,,5,13,,5,12,,5,12,,5,13,,6,13,,5,13,,10,20,,5,13,,5,13,,5,13,,5,13,,5,13,,5,13,,5,13,,5,13,,5,13,,6,13,,6,13,,6,13,,6,13,,6,13,,6,12,,6,13,,6,13,,5,13,,5,12,,5,13,,2,9,,5,13,,5,13,,5,13,,1,3,,5,10,,5,13,,5,13"/>
    <property name="SleeperVolumeGameStageAdjust" value=",,,,,,,,,,,,,,,,,,,,,,,,,,,,,,,,,,,,,,"/>
    <property name="SleeperIsLootVolume" value="False,False,False,False,False,False,False,False,False,False,False,False,False,False,False,False,False,False,False,False,False,False,False,False,False,False,False,False,False,False,False,False,False,False,False,False,False,False,False"/>
    <property name="SleeperIsQuestExclude" value="False,False,False,False,False,False,False,False,False,False,False,False,False,False,False,False,False,False,False,False,False,False,False,False,False,False,False,False,False,False,False,False,False,False,False,False,False,False,False"/>
    <property name="SleeperVolumeFlags" value="0,0,0,0,0,0,0,0,0,0,0,0,0,0,0,0,0,0,0,0,0,0,0,0,0,0,0,0,0,0,0,0,0,0,0,0,0,0,0"/>
    <property name="SleeperVolumeGroupId" value="0,0,0,0,0,0,0,0,0,0,0,0,0,0,0,0,0,0,0,0,0,0,0,0,0,0,0,0,0,0,0,0,0,0,0,0,0,0,0"/>
    <property name="ShowQuestClearCount" value="0,0,0,0,0,0,0,0,0,0,0,0,0,0,0,0,0,0,0,0,0,0,0,0,0,0,0,0,0,0,0,0,0,0,0,0,0,0,0"/>
</prefab>
