<?xml version="1.0" encoding="UTF-8"?>
<prefab>
    <property name="CopyAirBlocks" value="True"/>
    <property name="AllowTopSoilDecorations" value="True"/>
    <property name="ExcludeDistantPOIMesh" value="False"/>
    <property name="ExcludePOICulling" value="False"/>
    <property name="DifficultyTier" value="1"/>
    <property name="Zoning" value="Downtown,Residential"/>
    <property name="RotationToFaceNorth" value="1"/>
    <property name="YOffset" value="-3"/>
    <property name="DistantPOIYOffset" value="0"/>
    <property name="AllowedBiomes" value="snow,pine_forest"/>
    <property name="AllowedTownships" value="city"/>
    <property name="EditorGroups" value="Cityblocks, commercial, downtown"/>
    <property name="SleeperVolumeStart" value="10, 2, 66#65, 2, 66#65, 2, 13#10, 2, 13#39, 2, 39#13, 9, 66#66, 9, 66#66, 9, 13#13, 9, 13#13, 16, 65#66, 16, 65#66, 16, 13#13, 16, 13#13, 23, 66#65, 23, 66#65, 23, 13#13, 23, 13#13, 30, 66#66, 30, 66#66, 30, 13#13, 30, 13#13, 37, 66#66, 37, 66#66, 37, 13#13, 37, 13#13, 44, 66#65, 44, 66#65, 44, 13#13, 44, 13#13, 51, 66#66, 51, 66#66, 51, 13#13, 51, 13#13, 58, 66#66, 58, 66#66, 58, 13#13, 58, 13"/>
    <property name="SleeperVolumeSize" value="54, 7, 51#53, 7, 51#53, 7, 52#54, 7, 52#52, 7, 52#52, 7, 51#52, 7, 51#52, 7, 52#52, 7, 52#52, 7, 52#52, 7, 52#52, 7, 51#52, 7, 51#51, 7, 51#53, 7, 51#53, 7, 52#51, 7, 52#52, 7, 51#52, 7, 51#52, 7, 52#52, 7, 52#52, 7, 51#52, 7, 51#52, 7, 52#52, 7, 52#51, 7, 51#53, 7, 51#53, 7, 52#51, 7, 52#52, 7, 51#52, 7, 51#52, 7, 52#52, 7, 52#52, 7, 51#52, 7, 51#52, 7, 52#52, 7, 52"/>
    <property name="SleeperVolumeGroup" value=",13,17,,12,15,,9,10,,15,20,,5,6,,12,15,,5,6,,11,16,,10,12,,9,10,,12,15,,9,10,,12,15,,9,10,,12,15,,12,15,,7,8,,5,6,,8,9,,12,15,,12,15,,8,9,,5,6,,9,10,,9,10,,9,10,,5,6,,12,15,,12,15,,9,10,,8,9,,9,10,,8,9,,8,9,,5,6,,5,6,,8,9"/>
    <property name="SleeperVolumeGameStageAdjust" value="1000,1000,1000,1000,1000,3000,800,2000,600,550,250,4000,5000,350,400,medium,easy,3000,950,800,4000,,1000,200,400,1000,,800,,1000,,,,,950,5000,2000"/>
    <property name="SleeperIsLootVolume" value="False,False,False,False,False,False,False,False,False,False,False,False,False,False,False,False,False,False,False,False,False,False,False,False,False,False,False,False,False,False,False,False,False,False,False,False,False"/>
    <property name="SleeperIsQuestExclude" value="False,False,False,False,False,False,False,False,False,False,False,False,False,False,False,False,False,False,False,False,False,False,False,False,False,False,False,False,False,False,False,False,False,False,False,False,False"/>
    <property name="SleeperVolumeFlags" value="0,0,0,0,0,0,0,0,0,0,0,0,0,0,0,0,0,0,0,0,0,0,0,0,0,0,0,0,0,0,0,0,0,0,0,0,0"/>
    <property name="SleeperVolumeGroupId" value="0,0,0,0,0,0,0,0,0,0,0,0,0,0,0,0,0,0,0,0,0,0,0,0,0,0,0,0,0,0,0,0,0,0,0,0,0"/>
    <property name="ShowQuestClearCount" value="0,0,0,0,0,0,0,0,0,0,0,0,0,0,0,0,0,0,0,0,0,0,0,0,0,0,0,0,0,0,0,0,0,0,0,0,0"/>
</prefab>
