<?xml version="1.0" encoding="UTF-8"?>
<prefab>
    <property name="CopyAirBlocks" value="True"/>
    <property name="AllowTopSoilDecorations" value="True"/>
    <property name="ExcludeDistantPOIMesh" value="False"/>
    <property name="ExcludePOICulling" value="False"/>
    <property name="DifficultyTier" value="4"/>
    <property name="Zoning" value="Commercial,Residential"/>
    <property name="RotationToFaceNorth" value="1"/>
    <property name="YOffset" value="-3"/>
    <property name="DistantPOIYOffset" value="0"/>
    <property name="AllowedBiomes" value="pine_forest"/>
    <property name="AllowedTownships" value="city"/>
    <property name="EditorGroups" value="Cityblocks, commercial"/>
    <property name="SleeperVolumeStart" value="2, 1, 30#22, 1, 30#2, 1, 18#20, 1, 2#2, 1, 2#31, 5, 7#24, 50, 7#24, 50, 24#7, 50, 7#7, 50, 24#8, 6, 8"/>
    <property name="SleeperVolumeSize" value="20, 4, 16#24, 4, 16#49, 4, 12#26, 4, 16#18, 4, 16#10, 45, 10#17, 12, 17#17, 12, 17#17, 12, 17#17, 12, 17#8, 7, 8"/>
    <property name="SleeperVolumeGroup" value=",3,4,,2,3,,4,5,,4,5,,3,4,,4,5,,4,5,,5,6,,3,4,,2,3,,3,4"/>
    <property name="SleeperVolumeGameStageAdjust" value=",,,,,,,,,,"/>
    <property name="SleeperIsLootVolume" value="False,False,False,False,False,False,False,False,False,False,True"/>
    <property name="SleeperIsQuestExclude" value="False,False,False,False,False,False,False,False,False,False,False"/>
    <property name="SleeperVolumeFlags" value="0,0,0,0,0,0,0,0,0,0,0"/>
    <property name="SleeperVolumeGroupId" value="0,0,0,0,0,0,0,0,0,0,0"/>
    <property name="ShowQuestClearCount" value="0,0,0,0,0,0,0,0,0,0,0"/>
</prefab>
