<?xml version="1.0" encoding="UTF-8"?>
<prefab>
    <property name="CopyAirBlocks" value="True"/>
    <property name="AllowTopSoilDecorations" value="True"/>
    <property name="ExcludeDistantPOIMesh" value="False"/>
    <property name="ExcludePOICulling" value="False"/>
    <property name="DifficultyTier" value="2"/>
    <property name="Zoning" value="Industrial,Residential"/>
    <property name="RotationToFaceNorth" value="0"/>
    <property name="YOffset" value="-3"/>
    <property name="DistantPOIYOffset" value="0"/>
    <property name="AllowedBiomes" value="wasteland"/>
    <property name="AllowedTownships" value="wilderness"/>
    <property name="EditorGroups" value="Wilderness"/>
    <property name="SleeperVolumeStart" value="13, 2, 24#21, 3, 28#25, 2, 19#15, 3, 2#15, 9, 3#24, 3, 11#23, 3, 16#1, 3, 8#1, 3, 19#11, 1, 13#11, 11, 13#10, 15, 11"/>
    <property name="SleeperVolumeSize" value="8, 8, 20#4, 9, 5#6, 8, 12#6, 6, 10#9, 3, 9#8, 9, 5#9, 9, 3#12, 8, 11#9, 9, 7#11, 10, 11#11, 6, 11#14, 10, 15"/>
    <property name="SleeperVolumeGroup" value=",4,6,,1,2,,7,9,,2,4,,1,2,,1,3,,2,3,,1,2,,2,2,,4,6,,2,3,,6,8"/>
    <property name="SleeperVolumeGameStageAdjust" value=",,,,,,,,,,,"/>
    <property name="SleeperIsLootVolume" value="False,True,False,False,True,False,True,True,False,False,True,False"/>
    <property name="SleeperIsQuestExclude" value="False,False,False,False,False,False,False,False,False,False,False,False"/>
    <property name="SleeperVolumeFlags" value="0,0,0,0,0,0,0,0,0,0,0,0"/>
    <property name="SleeperVolumeGroupId" value="0,0,0,0,0,0,0,0,0,0,0,0"/>
    <property name="ShowQuestClearCount" value="0,0,0,0,0,0,0,0,0,0,0,0"/>
</prefab>
