<?xml version="1.0" encoding="UTF-8"?>
<prefab>
    <property name="CopyAirBlocks" value="True"/>
    <property name="AllowTopSoilDecorations" value="True"/>
    <property name="ExcludeDistantPOIMesh" value="False"/>
    <property name="ExcludePOICulling" value="False"/>
    <property name="QuestTags" value="clear,fetch"/>
    <property name="DifficultyTier" value="2"/>
    <property name="Zoning" value="Residential"/>
    <property name="RotationToFaceNorth" value="2"/>
    <property name="YOffset" value="-1"/>
    <property name="DistantPOIYOffset" value="0"/>
    <property name="AllowedBiomes" value="snow,pine_forest,desert"/>
    <property name="AllowedTownships" value="city,rural,town"/>
    <property name="EditorGroups" value="house old, house new, House medium, rural"/>
    <property name="SleeperVolumeStart" value="4, 1, 5#0, 1, 0#4, 1, 0#4, 1, 19#16, 1, 0#3, 4, 6#3, 5, 18"/>
    <property name="SleeperVolumeSize" value="12, 2, 14#3, 2, 26#12, 3, 5#12, 3, 6#15, 3, 26#13, 3, 12#12, 3, 5"/>
    <property name="SleeperVolumeGroup" value=",4,6,,1,3,,2,3,,1,2,,3,5,,6,9,,2,3"/>
    <property name="SleeperVolumeGameStageAdjust" value=",,,,,,"/>
    <property name="SleeperIsLootVolume" value="False,False,False,False,False,False,False"/>
    <property name="SleeperIsQuestExclude" value="False,False,False,False,False,False,False"/>
    <property name="SleeperVolumeFlags" value="0,0,0,0,0,0,0"/>
    <property name="SleeperVolumeGroupId" value="0,0,0,0,0,0,0"/>
    <property name="ShowQuestClearCount" value="0,0,0,0,0,0,0"/>
</prefab>
