<?xml version="1.0" encoding="UTF-8"?>
<prefab>
    <property name="CopyAirBlocks" value="True"/>
    <property name="AllowTopSoilDecorations" value="True"/>
    <property name="ExcludeDistantPOIMesh" value="False"/>
    <property name="ExcludePOICulling" value="False"/>
    <property name="QuestTags" value="clear,fetch"/>
    <property name="DifficultyTier" value="2"/>
    <property name="Zoning" value="Commercial,Residential"/>
    <property name="RotationToFaceNorth" value="2"/>
    <property name="YOffset" value="-7"/>
    <property name="DistantPOIYOffset" value="0"/>
    <property name="AllowedBiomes" value="snow,pine_forest"/>
    <property name="AllowedTownships" value="city"/>
    <property name="EditorGroups" value="commercial"/>
    <property name="SleeperVolumeStart" value="33, 1, 16#34, 9, 3#30, 13, 4#32, 19, 9#33, 25, 8#31, 31, 4#32, 37, 8#34, 2, 14#43, 2, 11"/>
    <property name="SleeperVolumeSize" value="19, 4, 23#18, 3, 29#23, 3, 26#22, 3, 21#19, 3, 23#21, 3, 26#21, 3, 21#3, 3, 2#6, 3, 4"/>
    <property name="SleeperVolumeGroup" value=",2,3,,4,5,,4,5,,2,3,,1,1,,4,5,,1,2,,1,1,,1,2"/>
    <property name="SleeperVolumeGameStageAdjust" value=",,,,,,,,"/>
    <property name="SleeperIsLootVolume" value="False,False,False,False,False,False,False,False,False"/>
    <property name="SleeperIsQuestExclude" value="False,False,False,False,False,False,False,False,False"/>
    <property name="SleeperVolumeFlags" value="0,0,0,0,0,0,0,0,0"/>
    <property name="SleeperVolumeGroupId" value="0,0,0,0,0,0,0,0,0"/>
    <property name="ShowQuestClearCount" value="0,0,0,0,0,0,0,0,0"/>
</prefab>
