<?xml version="1.0" encoding="UTF-8"?>
<prefab>
    <property name="CopyAirBlocks" value="True"/>
    <property name="AllowTopSoilDecorations" value="True"/>
    <property name="ExcludeDistantPOIMesh" value="False"/>
    <property name="ExcludePOICulling" value="False"/>
    <property name="DifficultyTier" value="1"/>
    <property name="Zoning" value="ResidentialOld,Residential"/>
    <property name="RotationToFaceNorth" value="0"/>
    <property name="YOffset" value="-7"/>
    <property name="DistantPOIYOffset" value="0"/>
    <property name="AllowedBiomes" value="burnt_forest,wasteland"/>
    <property name="AllowedTownships" value="city,rural,town,wilderness"/>
    <property name="EditorGroups" value="Wilderness, rural, house old"/>
    <property name="SleeperVolumeStart" value="40, 7, 13#34, 7, 13#26, 7, 13#7, 7, 13#40, 7, 6#40, 12, 6#26, 7, 6#18, 7, 6#9, 7, 6#9, 7, 1#10, 1, 4#9, 1, 7#17, 1, 7#24, 1, 7#32, 1, 7"/>
    <property name="SleeperVolumeSize" value="11, 2, 7#6, 2, 7#8, 2, 7#8, 2, 7#7, 4, 7#11, 4, 7#8, 7, 7#8, 7, 7#8, 7, 7#9, 2, 5#39, 2, 2#8, 4, 6#7, 4, 6#7, 4, 6#17, 4, 6"/>
    <property name="SleeperVolumeGroup" value=",1,3,,1,2,,1,1,,1,1,,1,3,,2,4,,1,2,,3,4,,4,4,,1,2,,6,8,,2,2,,2,3,,1,2,,2,6"/>
    <property name="SleeperVolumeGameStageAdjust" value=",,,,,,,,,,,,,,"/>
    <property name="SleeperIsLootVolume" value="False,False,False,False,False,False,False,False,False,False,False,False,False,False,False"/>
    <property name="SleeperIsQuestExclude" value="False,False,False,False,False,False,False,False,False,False,False,False,False,False,False"/>
    <property name="SleeperVolumeFlags" value="0,0,0,0,0,0,0,0,0,0,0,0,0,0,0"/>
    <property name="SleeperVolumeGroupId" value="0,0,0,0,0,0,0,0,0,0,0,0,0,0,0"/>
    <property name="ShowQuestClearCount" value="0,0,0,0,0,0,0,0,0,0,0,0,0,0,0"/>
</prefab>
