<?xml version="1.0" encoding="UTF-8"?>
<prefab>
    <property name="CopyAirBlocks" value="True"/>
    <property name="AllowTopSoilDecorations" value="True"/>
    <property name="ExcludeDistantPOIMesh" value="False"/>
    <property name="ExcludePOICulling" value="False"/>
    <property name="QuestTags" value="clear,fetch"/>
    <property name="DifficultyTier" value="3"/>
    <property name="Zoning" value="Residential"/>
    <property name="RotationToFaceNorth" value="3"/>
    <property name="YOffset" value="-8"/>
    <property name="DistantPOIYOffset" value="0"/>
    <property name="AllowedBiomes" value="pine_forest"/>
    <property name="AllowedTownships" value="city,rural,town,wilderness"/>
    <property name="EditorGroups" value="rural, Wilderness, house new"/>
    <property name="SleeperVolumeStart" value="10, 9, 11#19, 9, 25#11, 9, 26#19, 13, 22#11, 13, 22#11, 13, 10#10, 28, 18#12, 20, 15#12, 8, 22#27, 2, 24"/>
    <property name="SleeperVolumeSize" value="14, 3, 13#5, 3, 17#8, 3, 16#5, 3, 20#7, 3, 20#13, 3, 12#14, 20, 13#8, 2, 25#7, 3, 4#16, 3, 15"/>
    <property name="SleeperVolumeGroup" value=",5,8,,2,4,,3,4,,3,5,,2,4,,3,5,,2,3,,4,7,,1,1,,6,10"/>
    <property name="SleeperVolumeGameStageAdjust" value=",,,,,,,,,"/>
    <property name="SleeperIsLootVolume" value="False,False,False,False,False,False,False,False,False,False"/>
    <property name="SleeperIsQuestExclude" value="False,False,False,False,False,False,False,False,False,False"/>
    <property name="SleeperVolumeFlags" value="0,0,0,0,0,0,0,0,0,0"/>
    <property name="SleeperVolumeGroupId" value="0,0,0,0,0,0,0,0,0,0"/>
    <property name="ShowQuestClearCount" value="0,0,0,0,0,0,0,0,0,0"/>
</prefab>
