<?xml version="1.0" encoding="UTF-8"?>
<prefab>
    <property name="CopyAirBlocks" value="True"/>
    <property name="AllowTopSoilDecorations" value="True"/>
    <property name="ExcludeDistantPOIMesh" value="False"/>
    <property name="ExcludePOICulling" value="False"/>
    <property name="QuestTags" value="clear,fetch"/>
    <property name="DifficultyTier" value="1"/>
    <property name="Zoning" value="Residential"/>
    <property name="RotationToFaceNorth" value="2"/>
    <property name="YOffset" value="-4"/>
    <property name="DistantPOIYOffset" value="0"/>
    <property name="AllowedBiomes" value="snow"/>
    <property name="AllowedTownships" value="rural,town,wilderness"/>
    <property name="EditorGroups" value="Wilderness, house new, house old, rural"/>
    <property name="SleeperVolumeStart" value="10, 0, 10#10, 4, 10#9, 7, 9#13, 15, 9#13, 22, 8#0, 4, 0#0, 4, 26#37, 4, 10#0, 4, 10"/>
    <property name="SleeperVolumeSize" value="17, 3, 16#17, 3, 16#19, 8, 19#11, 7, 19#10, 13, 20#38, 3, 10#38, 3, 10#1, 3, 16#1, 3, 16"/>
    <property name="SleeperVolumeGroup" value=",1,3,,1,3,,1,2,,1,3,,1,3,,1,2,,1,2,,0,0,,0,0"/>
    <property name="SleeperVolumeGameStageAdjust" value=",,,,,,,,"/>
    <property name="SleeperIsLootVolume" value="False,False,False,False,False,False,False,False,False"/>
    <property name="SleeperIsQuestExclude" value="False,False,False,False,False,False,False,False,False"/>
    <property name="SleeperVolumeFlags" value="0,0,0,0,0,2,2,2,2"/>
    <property name="SleeperVolumeGroupId" value="0,0,0,0,0,1,2,1,2"/>
    <property name="ShowQuestClearCount" value="0,0,0,0,0,0,0,0,0"/>
</prefab>
