<?xml version="1.0" encoding="UTF-8"?>
<prefab>
    <property name="CopyAirBlocks" value="True"/>
    <property name="AllowTopSoilDecorations" value="True"/>
    <property name="ExcludeDistantPOIMesh" value="False"/>
    <property name="ExcludePOICulling" value="False"/>
    <property name="DifficultyTier" value="5"/>
    <property name="Zoning" value="Downtown,Residential"/>
    <property name="RotationToFaceNorth" value="1"/>
    <property name="YOffset" value="-14"/>
    <property name="DistantPOIYOffset" value="0"/>
    <property name="AllowedBiomes" value="snow,desert,wasteland"/>
    <property name="AllowedTownships" value="city,town"/>
    <property name="EditorGroups" value="downtown"/>
    <property name="SleeperVolumeStart" value="26, 14, 0#25, 21, 1#25, 21, 13#5, 21, 19#1, 21, 1#5, 21, 1#0, 14, 0#0, 14, 4#0, 14, 19#6, 21, 5#5, 16, 13#5, 16, 4#6, 11, 2#0, 6, 5#14, 6, 1#15, 1, 1#6, 1, 5#0, 26, 5"/>
    <property name="SleeperVolumeSize" value="10, 3, 23#5, 3, 9#5, 3, 9#20, 3, 3#4, 3, 21#20, 3, 3#26, 3, 4#5, 3, 15#26, 3, 4#19, 3, 14#21, 2, 6#21, 2, 6#8, 3, 19#14, 2, 13#20, 3, 21#19, 3, 21#9, 3, 13#31, 3, 12"/>
    <property name="SleeperVolumeGroup" value=",6,7,,2,3,,2,3,,2,3,,4,5,,2,3,,4,5,,2,3,,3,4,,8,10,,4,5,,4,5,,5,6,,10,12,,10,12,,15,17,,3,4,,11,12"/>
    <property name="SleeperVolumeGameStageAdjust" value=",,,,,,,,,,,,,,,,,"/>
    <property name="SleeperIsLootVolume" value="False,False,False,False,False,False,False,False,False,False,False,False,False,False,False,False,False,False"/>
    <property name="SleeperIsQuestExclude" value="False,False,False,False,False,False,False,False,False,False,False,False,False,False,False,False,False,False"/>
    <property name="SleeperVolumeFlags" value="0,0,0,0,0,0,0,0,0,0,0,0,0,0,0,2,2,2"/>
    <property name="SleeperVolumeGroupId" value="0,0,0,0,0,0,0,0,0,0,0,0,0,0,0,0,0,0"/>
    <property name="ShowQuestClearCount" value="0,0,0,0,0,0,0,0,0,0,0,0,0,0,0,0,0,0"/>
</prefab>
