<?xml version="1.0" encoding="UTF-8"?>
<prefab>
    <property name="CopyAirBlocks" value="True"/>
    <property name="AllowTopSoilDecorations" value="True"/>
    <property name="ExcludeDistantPOIMesh" value="False"/>
    <property name="ExcludePOICulling" value="False"/>
    <property name="DifficultyTier" value="1"/>
    <property name="Zoning" value="ResidentialOld,Residential"/>
    <property name="RotationToFaceNorth" value="0"/>
    <property name="YOffset" value="-11"/>
    <property name="DistantPOIYOffset" value="0"/>
    <property name="AllowedBiomes" value="burnt_forest,wasteland"/>
    <property name="AllowedTownships" value="rural,wilderness"/>
    <property name="EditorGroups" value="Wilderness, rural"/>
    <property name="SleeperVolumeStart" value="51, 0, 23#32, 10, 40#15, 11, 12#26, 11, 6#15, 10, 1#1, 2, 1#1, 10, 1#1, 9, 15#3, 11, 18#3, 16, 18#32, 15, 31#30, 10, 29#13, 11, 31#55, 11, 33#28, 11, 21#23, 12, 5"/>
    <property name="SleeperVolumeSize" value="8, 11, 9#17, 4, 12#10, 2, 13#3, 2, 4#7, 3, 8#15, 7, 14#15, 4, 14#7, 3, 2#5, 3, 13#9, 2, 13#16, 4, 12#19, 4, 9#17, 1, 22#2, 1, 2#17, 1, 8#2, 2, 4"/>
    <property name="SleeperVolumeGroup" value=",5,5,,3,5,,3,4,,2,2,,1,2,,2,4,,2,3,,1,2,,1,2,,3,6,,2,2,,2,2,,2,3,,0,1,,2,2,,2,2"/>
    <property name="SleeperVolumeGameStageAdjust" value=",,,,,,,,,,,,,,,"/>
    <property name="SleeperIsLootVolume" value="False,False,False,False,False,False,False,False,False,False,False,False,False,False,False,False"/>
    <property name="SleeperIsQuestExclude" value="False,False,False,False,False,False,False,False,False,False,False,False,False,False,False,False"/>
    <property name="SleeperVolumeFlags" value="0,0,0,0,0,0,0,0,0,0,0,0,0,0,0,0"/>
    <property name="SleeperVolumeGroupId" value="0,0,0,0,0,0,0,0,0,0,0,0,0,0,0,0"/>
    <property name="ShowQuestClearCount" value="0,0,0,0,0,0,0,0,0,0,0,0,0,0,0,0"/>
</prefab>
