<?xml version="1.0" encoding="UTF-8"?>
<prefab>
    <property name="CopyAirBlocks" value="True"/>
    <property name="AllowTopSoilDecorations" value="True"/>
    <property name="ExcludeDistantPOIMesh" value="False"/>
    <property name="ExcludePOICulling" value="False"/>
    <property name="QuestTags" value="clear,fetch"/>
    <property name="DifficultyTier" value="3"/>
    <property name="Zoning" value="Downtown,Residential"/>
    <property name="RotationToFaceNorth" value="2"/>
    <property name="YOffset" value="-9"/>
    <property name="DistantPOIYOffset" value="0"/>
    <property name="AllowedBiomes" value="pine_forest,wasteland"/>
    <property name="AllowedTownships" value="city"/>
    <property name="EditorGroups" value="downtown"/>
    <property name="SleeperVolumeStart" value="22, 3, 9#22, 3, 18#4, 3, 12#9, 3, 12#0, 9, 9#9, 9, 31#13, 9, 31#17, 9, 31#24, 9, 31#0, 9, 0"/>
    <property name="SleeperVolumeSize" value="7, 3, 9#7, 3, 12#5, 3, 13#13, 2, 13#29, 3, 31#3, 3, 3#3, 3, 3#7, 3, 3#3, 3, 8#29, 3, 8"/>
    <property name="SleeperVolumeGroup" value=",3,4,,2,4,,2,4,,5,7,,10,15,,2,3,,1,1,,1,2,,1,1,,1,2"/>
    <property name="SleeperVolumeGameStageAdjust" value=",,hard,,,,,,,"/>
    <property name="SleeperIsLootVolume" value="False,False,False,False,False,False,False,False,False,False"/>
    <property name="SleeperIsQuestExclude" value="False,False,False,False,False,False,False,False,False,False"/>
    <property name="SleeperVolumeFlags" value="0,0,0,0,0,0,0,0,0,0"/>
    <property name="SleeperVolumeGroupId" value="0,0,0,0,0,0,0,0,0,0"/>
    <property name="ShowQuestClearCount" value="0,0,0,0,0,0,0,0,0,0"/>
</prefab>
