<?xml version="1.0" encoding="UTF-8"?>
<prefab>
    <property name="CopyAirBlocks" value="True"/>
    <property name="AllowTopSoilDecorations" value="True"/>
    <property name="ExcludeDistantPOIMesh" value="False"/>
    <property name="ExcludePOICulling" value="False"/>
    <property name="QuestTags" value="fetch,hidden_cache"/>
    <property name="DifficultyTier" value="3"/>
    <property name="Zoning" value="Industrial,Residential"/>
    <property name="RotationToFaceNorth" value="0"/>
    <property name="YOffset" value="-1"/>
    <property name="DistantPOIYOffset" value="-1"/>
    <property name="AllowedBiomes" value="burnt_forest,wasteland"/>
    <property name="AllowedTownships" value="city,rural,town,wilderness"/>
    <property name="EditorGroups" value="Wilderness, rural, industrial"/>
    <property name="SleeperVolumeStart" value="24, 1, 29#1, 1, 29#1, 1, 1#23, 1, 1#7, 6, 0#32, 5, 28"/>
    <property name="SleeperVolumeSize" value="24, 3, 20#23, 3, 20#22, 3, 28#24, 3, 28#26, 4, 27#16, 6, 22"/>
    <property name="SleeperVolumeGroup" value=",10,12,,6,10,,8,10,,7,10,,6,7,,7,12"/>
    <property name="SleeperVolumeGameStageAdjust" value=",,,,,"/>
    <property name="SleeperIsLootVolume" value="False,False,False,True,False,False"/>
    <property name="SleeperIsQuestExclude" value="False,False,False,False,False,False"/>
    <property name="SleeperVolumeFlags" value="0,0,0,0,0,0"/>
    <property name="SleeperVolumeGroupId" value="0,0,0,0,0,0"/>
    <property name="ShowQuestClearCount" value="0,0,0,0,0,0"/>
</prefab>
