<?xml version="1.0" encoding="UTF-8"?>
<prefab>
    <property name="CopyAirBlocks" value="True"/>
    <property name="AllowTopSoilDecorations" value="True"/>
    <property name="ExcludeDistantPOIMesh" value="False"/>
    <property name="ExcludePOICulling" value="False"/>
    <property name="QuestTags" value="clear,fetch"/>
    <property name="DifficultyTier" value="3"/>
    <property name="Zoning" value="Commercial,Residential"/>
    <property name="RotationToFaceNorth" value="1"/>
    <property name="YOffset" value="-1"/>
    <property name="DistantPOIYOffset" value="-1"/>
    <property name="AllowedBiomes" value="desert"/>
    <property name="AllowedTownships" value="rural,town"/>
    <property name="EditorGroups" value="rural, commercial, industrial"/>
    <property name="SleeperVolumeStart" value="11, 0, 43#41, 0, 42#77, 0, 41#114, 0, 42#145, 0, 46#175, 0, 47#77, 1, 51#98, 1, 39#62, 1, 40#99, 6, 44"/>
    <property name="SleeperVolumeSize" value="14, 8, 15#14, 8, 16#14, 5, 10#14, 8, 16#14, 8, 15#14, 8, 11#17, 4, 7#10, 3, 16#15, 3, 18#7, 3, 9"/>
    <property name="SleeperVolumeGroup" value=",2,7,,2,8,,3,6,,5,10,,5,9,,5,11,,1,5,,1,2,,4,8,,2,5"/>
    <property name="SleeperVolumeGameStageAdjust" value="easy,medium,medium,medium,medium,250,,,,"/>
    <property name="SleeperIsLootVolume" value="False,False,False,False,False,True,False,False,False,False"/>
    <property name="SleeperIsQuestExclude" value="False,False,False,False,False,False,False,False,False,False"/>
    <property name="SleeperVolumeFlags" value="0,0,0,0,0,0,0,0,0,0"/>
    <property name="SleeperVolumeGroupId" value="0,0,0,0,0,0,0,0,0,0"/>
    <property name="ShowQuestClearCount" value="0,0,0,0,0,0,0,0,0,0"/>
</prefab>
