<?xml version="1.0" encoding="UTF-8"?>
<prefab>
    <property name="CopyAirBlocks" value="True"/>
    <property name="AllowTopSoilDecorations" value="True"/>
    <property name="ExcludeDistantPOIMesh" value="False"/>
    <property name="ExcludePOICulling" value="False"/>
    <property name="QuestTags" value="clear,fetch"/>
    <property name="DifficultyTier" value="5"/>
    <property name="Zoning" value="Industrial,Residential"/>
    <property name="RotationToFaceNorth" value="2"/>
    <property name="YOffset" value="-4"/>
    <property name="DistantPOIYOffset" value="0"/>
    <property name="Condition" value="New"/>
    <property name="AllowedBiomes" value="wasteland"/>
    <property name="AllowedTownships" value="wilderness"/>
    <property name="EditorGroups" value="Wilderness"/>
    <property name="SleeperVolumeStart" value="4, 12, 37#4, 1, 37#52, 9, 83#6, 4, 37#6, 4, 127#114, 4, 127#114, 4, 37"/>
    <property name="SleeperVolumeSize" value="136, 14, 115#136, 11, 115#39, 3, 22#23, 18, 23#23, 18, 23#23, 18, 23#23, 18, 23"/>
    <property name="SleeperVolumeGroup" value=",25,40,,35,43,,20,30,,9,10,,9,10,,9,10,,15,20"/>
    <property name="SleeperVolumeGameStageAdjust" value=",,,,,,"/>
    <property name="SleeperIsLootVolume" value="False,False,True,True,True,True,True"/>
    <property name="SleeperIsQuestExclude" value="False,False,False,False,False,False,False"/>
    <property name="SleeperVolumeFlags" value="0,0,2,0,0,0,0"/>
    <property name="SleeperVolumeGroupId" value="0,1,2,0,0,0,0"/>
    <property name="ShowQuestClearCount" value="0,0,0,0,0,0,0"/>
</prefab>
