<?xml version="1.0" encoding="UTF-8"?>
<prefab>
    <property name="CopyAirBlocks" value="True"/>
    <property name="AllowTopSoilDecorations" value="True"/>
    <property name="ExcludeDistantPOIMesh" value="False"/>
    <property name="ExcludePOICulling" value="False"/>
    <property name="QuestTags" value="clear,fetch"/>
    <property name="DifficultyTier" value="2"/>
    <property name="Zoning" value="ResidentialOld,Residential"/>
    <property name="RotationToFaceNorth" value="2"/>
    <property name="YOffset" value="-3"/>
    <property name="DistantPOIYOffset" value="0"/>
    <property name="AllowedBiomes" value="burnt_forest,wasteland"/>
    <property name="AllowedTownships" value="rural,wilderness"/>
    <property name="EditorGroups" value="rural, Wilderness"/>
    <property name="SleeperVolumeStart" value="0, 3, 3#3, 6, 3#10, 2, 3#10, 6, 3#10, 3, 13#21, 3, 14#19, 2, 3#10, 2, 0"/>
    <property name="SleeperVolumeSize" value="10, 2, 15#7, 2, 11#9, 2, 7#9, 2, 7#9, 2, 7#4, 2, 5#11, 2, 8#11, 2, 3"/>
    <property name="SleeperVolumeGroup" value=",3,5,,1,2,,1,2,,1,2,,1,2,,1,1,,3,4,,3,4"/>
    <property name="SleeperVolumeGameStageAdjust" value=",,,,,,,"/>
    <property name="SleeperIsLootVolume" value="False,False,False,False,False,False,False,False"/>
    <property name="SleeperIsQuestExclude" value="False,False,False,False,False,False,False,False"/>
    <property name="SleeperVolumeFlags" value="0,0,0,0,0,0,0,0"/>
    <property name="SleeperVolumeGroupId" value="0,0,0,0,0,0,0,0"/>
    <property name="ShowQuestClearCount" value="0,0,0,0,0,0,0,0"/>
</prefab>
