<?xml version="1.0" encoding="UTF-8"?>
<prefab>
    <property name="CopyAirBlocks" value="True"/>
    <property name="AllowTopSoilDecorations" value="True"/>
    <property name="ExcludeDistantPOIMesh" value="False"/>
    <property name="ExcludePOICulling" value="False"/>
    <property name="DifficultyTier" value="5"/>
    <property name="Zoning" value="Industrial,Residential"/>
    <property name="RotationToFaceNorth" value="0"/>
    <property name="YOffset" value="-67"/>
    <property name="DistantPOIYOffset" value="0"/>
    <property name="AllowedBiomes" value="wasteland"/>
    <property name="AllowedTownships" value="wilderness"/>
    <property name="EditorGroups" value="Wilderness"/>
    <property name="SleeperVolumeStart" value="20, 65, 20#17, 65, 48#25, 38, 25#49, 38, 31#48, 38, 24#48, 31, 20#47, 24, 21#18, 19, 32#23, 14, 39#30, 8, 39#48, 17, 20#48, 10, 20#45, 3, 20"/>
    <property name="SleeperVolumeSize" value="28, 3, 28#53, 13, 18#23, 3, 9#15, 2, 14#16, 2, 7#20, 4, 28#21, 5, 27#29, 8, 30#14, 1, 15#1, 3, 15#21, 3, 28#20, 3, 29#22, 6, 28"/>
    <property name="SleeperVolumeGroup" value=",5,7,,8,10,,10,13,,8,11,,8,12,,20,25,,25,30,,22,30,,60,70,,0,0,,18,23,,20,25,,20,25"/>
    <property name="SleeperVolumeGameStageAdjust" value=",,,,,,,,,,,,"/>
    <property name="SleeperIsLootVolume" value="False,False,False,False,False,False,False,False,False,False,False,False,False"/>
    <property name="SleeperIsQuestExclude" value="False,False,False,False,False,False,False,False,False,False,False,False,False"/>
    <property name="SleeperVolumeFlags" value="2,2,2,2,2,2,2,2,2,2,2,2,0"/>
    <property name="SleeperVolumeGroupId" value="0,0,0,0,0,0,0,0,1,1,0,0,0"/>
    <property name="ShowQuestClearCount" value="0,0,0,0,0,0,0,0,0,0,0,0,0"/>
</prefab>
