<?xml version="1.0" encoding="UTF-8"?>
<prefab>
    <property name="CopyAirBlocks" value="False"/>
    <property name="AllowTopSoilDecorations" value="True"/>
    <property name="ExcludeDistantPOIMesh" value="False"/>
    <property name="ExcludePOICulling" value="False"/>
    <property name="QuestTags" value="clear,fetch"/>
    <property name="DifficultyTier" value="2"/>
    <property name="Zoning" value="Downtown,Residential"/>
    <property name="RotationToFaceNorth" value="1"/>
    <property name="YOffset" value="-2"/>
    <property name="DistantPOIYOffset" value="0"/>
    <property name="AllowedBiomes" value="snow,pine_forest,desert"/>
    <property name="AllowedTownships" value="city,town"/>
    <property name="EditorGroups" value="rural"/>
    <property name="SleeperVolumeStart" value="51, 9, 5#0, 2, 0#19, 1, 23#0, 2, 50#19, 2, 0#42, 2, 23"/>
    <property name="SleeperVolumeSize" value="12, 15, 9#19, 6, 50#23, 4, 27#42, 6, 23#45, 6, 23#22, 5, 50"/>
    <property name="SleeperVolumeGroup" value=",3,6,,5,6,,8,10,,5,7,,5,6,,9,10"/>
    <property name="SleeperVolumeGameStageAdjust" value="200,250,medium,medium,easy,250"/>
    <property name="SleeperIsLootVolume" value="False,False,False,False,False,False"/>
    <property name="SleeperIsQuestExclude" value="False,False,False,False,False,False"/>
    <property name="SleeperVolumeFlags" value="2,0,0,0,0,0"/>
    <property name="SleeperVolumeGroupId" value="0,0,0,0,0,0"/>
    <property name="ShowQuestClearCount" value="0,0,0,0,0,0"/>
</prefab>
