<?xml version="1.0" encoding="UTF-8"?>
<prefab>
    <property name="CopyAirBlocks" value="True"/>
    <property name="AllowTopSoilDecorations" value="True"/>
    <property name="ExcludeDistantPOIMesh" value="False"/>
    <property name="ExcludePOICulling" value="False"/>
    <property name="DifficultyTier" value="4"/>
    <property name="Zoning" value="Commercial,Residential"/>
    <property name="RotationToFaceNorth" value="3"/>
    <property name="YOffset" value="-1"/>
    <property name="DistantPOIYOffset" value="0"/>
    <property name="AllowedBiomes" value="snow,pine_forest"/>
    <property name="AllowedTownships" value="city,town"/>
    <property name="EditorGroups" value="commercial, downtown, Cityblocks"/>
    <property name="SleeperVolumeStart" value="0, 1, 17#8, 0, 9#24, 0, 31#32, 1, 9#35, 15, 25#9, 10, 5#9, 15, 5#35, 15, 5#24, 1, 9"/>
    <property name="SleeperVolumeSize" value="11, 5, 24#16, 8, 36#8, 8, 13#17, 7, 36#19, 4, 24#44, 4, 44#26, 4, 44#18, 4, 20#8, 8, 22"/>
    <property name="SleeperVolumeGroup" value=",1,2,,7,8,,3,4,,11,11,,5,6,,9,10,,9,10,,7,8,,7,8"/>
    <property name="SleeperVolumeGameStageAdjust" value="250,350,100,200,medium,350,250,250,350"/>
    <property name="SleeperIsLootVolume" value="False,False,False,False,False,False,False,False,False"/>
    <property name="SleeperIsQuestExclude" value="False,False,False,False,False,False,False,False,False"/>
    <property name="SleeperVolumeFlags" value="0,0,0,0,0,0,0,0,0"/>
    <property name="SleeperVolumeGroupId" value="0,0,0,0,0,0,0,0,0"/>
    <property name="ShowQuestClearCount" value="0,0,0,0,0,0,0,0,0"/>
</prefab>
