<?xml version="1.0" encoding="UTF-8"?>
<prefab>
    <property name="CopyAirBlocks" value="True"/>
    <property name="AllowTopSoilDecorations" value="True"/>
    <property name="ExcludeDistantPOIMesh" value="False"/>
    <property name="ExcludePOICulling" value="False"/>
    <property name="QuestTags" value="clear,fetch"/>
    <property name="DifficultyTier" value="1"/>
    <property name="Zoning" value="Downtown,Residential"/>
    <property name="RotationToFaceNorth" value="2"/>
    <property name="YOffset" value="-2"/>
    <property name="DistantPOIYOffset" value="0"/>
    <property name="AllowedBiomes" value="pine_forest,wasteland"/>
    <property name="AllowedTownships" value="rural"/>
    <property name="EditorGroups" value="rural, downtown"/>
    <property name="SleeperVolumeStart" value="18, 8, 21#19, 15, 23#1, 1, 2#42, 4, 22#44, 4, 41#33, 4, 41#18, 3, 21#33, 4, 30#41, 9, 23#1, 0, 42#31, 23, 23#30, 20, 21#54, 2, 33"/>
    <property name="SleeperVolumeSize" value="23, 4, 27#34, 4, 19#13, 3, 32#11, 3, 10#9, 3, 6#9, 3, 6#13, 4, 27#6, 3, 5#11, 4, 22#14, 4, 9#10, 5, 15#13, 3, 19#4, 3, 10"/>
    <property name="SleeperVolumeGroup" value=",2,6,,3,9,,3,6,,1,3,,1,3,,2,5,,3,7,,2,3,,2,6,,2,4,,1,3,,2,4,,0,1"/>
    <property name="SleeperVolumeGameStageAdjust" value=",,,,,,,,,,,,"/>
    <property name="SleeperIsLootVolume" value="False,True,False,False,False,False,False,False,False,False,False,False,False"/>
    <property name="SleeperIsQuestExclude" value="False,False,False,False,False,False,False,False,False,False,False,False,False"/>
    <property name="SleeperVolumeFlags" value="0,0,0,0,0,0,0,0,0,0,0,0,0"/>
    <property name="SleeperVolumeGroupId" value="0,0,0,0,0,0,0,0,0,0,0,0,0"/>
    <property name="ShowQuestClearCount" value="0,0,0,0,0,0,0,0,0,0,0,0,0"/>
</prefab>
