<?xml version="1.0" encoding="UTF-8"?>
<prefab>
    <property name="CopyAirBlocks" value="True"/>
    <property name="AllowTopSoilDecorations" value="False"/>
    <property name="ExcludeDistantPOIMesh" value="False"/>
    <property name="ExcludePOICulling" value="False"/>
    <property name="DifficultyTier" value="2"/>
    <property name="Zoning" value="Industrial,Residential"/>
    <property name="RotationToFaceNorth" value="2"/>
    <property name="YOffset" value="-9"/>
    <property name="DistantPOIYOffset" value="0"/>
    <property name="AllowedBiomes" value="desert"/>
    <property name="AllowedTownships" value="city,town"/>
    <property name="EditorGroups" value="industrial, downtown"/>
    <property name="SleeperVolumeStart" value="1, 9, 2#4, 20, 6#4, 2, 10#21, 2, 2#6, 2, 4#14, 2, 4"/>
    <property name="SleeperVolumeSize" value="30, 10, 14#26, 8, 10#26, 3, 3#7, 3, 8#7, 3, 6#5, 3, 6"/>
    <property name="SleeperVolumeGroup" value=",3,6,,2,4,,3,4,,2,4,,3,4,,1,2"/>
    <property name="SleeperVolumeGameStageAdjust" value="easy,,,,,"/>
    <property name="SleeperIsLootVolume" value="False,False,False,False,False,False"/>
    <property name="SleeperIsQuestExclude" value="False,False,False,False,False,False"/>
    <property name="SleeperVolumeFlags" value="0,0,0,0,0,0"/>
    <property name="SleeperVolumeGroupId" value="0,0,0,0,0,0"/>
    <property name="ShowQuestClearCount" value="0,0,0,0,0,0"/>
</prefab>
