<?xml version="1.0" encoding="UTF-8"?>
<prefab>
    <property name="CopyAirBlocks" value="True"/>
    <property name="AllowTopSoilDecorations" value="True"/>
    <property name="ExcludeDistantPOIMesh" value="False"/>
    <property name="ExcludePOICulling" value="False"/>
    <property name="QuestTags" value="clear,fetch"/>
    <property name="DifficultyTier" value="4"/>
    <property name="Zoning" value="Downtown,Residential"/>
    <property name="RotationToFaceNorth" value="2"/>
    <property name="YOffset" value="-5"/>
    <property name="DistantPOIYOffset" value="0"/>
    <property name="AllowedBiomes" value="pine_forest,wasteland"/>
    <property name="AllowedTownships" value="city,rural,town,wilderness"/>
    <property name="EditorGroups" value="Wilderness, rural, downtown"/>
    <property name="SleeperVolumeStart" value="5, 3, 32#14, 4, 2#20, 5, 29#5, 5, 6#19, 5, 6#29, 5, 8#29, 5, 17#26, 8, 37#26, 8, 30"/>
    <property name="SleeperVolumeSize" value="15, 3, 11#5, 3, 3#23, 2, 15#14, 3, 26#10, 3, 23#12, 3, 9#13, 3, 12#14, 3, 3#14, 3, 5"/>
    <property name="SleeperVolumeGroup" value=",3,4,,1,2,,7,10,,5,7,,5,8,,1,3,,4,8,,2,4,,1,3"/>
    <property name="SleeperVolumeGameStageAdjust" value=",,,,,,,,"/>
    <property name="SleeperIsLootVolume" value="False,False,False,False,False,False,False,False,False"/>
    <property name="SleeperIsQuestExclude" value="False,False,False,False,False,False,False,False,False"/>
    <property name="SleeperVolumeFlags" value="0,0,0,0,0,0,0,0,0"/>
    <property name="SleeperVolumeGroupId" value="0,0,0,0,0,0,0,0,0"/>
    <property name="ShowQuestClearCount" value="0,0,0,0,0,0,0,0,0"/>
</prefab>
