<?xml version="1.0" encoding="UTF-8"?>
<prefab>
    <property name="CopyAirBlocks" value="True"/>
    <property name="AllowTopSoilDecorations" value="True"/>
    <property name="ExcludeDistantPOIMesh" value="False"/>
    <property name="ExcludePOICulling" value="False"/>
    <property name="QuestTags" value="clear,fetch"/>
    <property name="DifficultyTier" value="5"/>
    <property name="Zoning" value="Industrial,Residential"/>
    <property name="RotationToFaceNorth" value="0"/>
    <property name="YOffset" value="-13"/>
    <property name="DistantPOIYOffset" value="0"/>
    <property name="AllowedBiomes" value="snow,pine_forest,desert"/>
    <property name="AllowedTownships" value="city"/>
    <property name="EditorGroups" value="industrial"/>
    <property name="SleeperVolumeStart" value="21, 3, 24#7, 8, 11#25, 8, 11#30, 9, 18#21, 13, 3#3, 13, 3#3, 12, 11#17, 12, 38#26, 12, 38#35, 12, 47#27, 13, 35#27, 17, 35#12, 17, 35#3, 18, 20#3, 19, 5#17, 17, 4#21, 16, 11#5, 24, 4#12, 24, 4#19, 24, 4#17, 22, 34"/>
    <property name="SleeperVolumeSize" value="14, 3, 9#18, 3, 24#18, 3, 7#12, 3, 21#21, 3, 5#16, 3, 5#18, 5, 27#9, 4, 13#9, 4, 13#6, 4, 4#14, 4, 11#14, 5, 11#14, 5, 11#14, 4, 15#14, 4, 15#24, 5, 5#20, 7, 25#7, 5, 27#7, 6, 29#15, 6, 29#17, 6, 10"/>
    <property name="SleeperVolumeGroup" value=",4,5,,3,4,,2,3,,3,4,,1,2,,1,2,,3,4,,1,2,,3,4,,1,2,,5,6,,3,4,,3,4,,4,5,,2,3,,5,8,,5,6,,1,2,,1,2,,3,4,,2,3"/>
    <property name="SleeperVolumeGameStageAdjust" value=",,,,,,,,,,,,,,,,,,,,"/>
    <property name="SleeperIsLootVolume" value="False,False,False,False,False,False,False,False,False,False,False,False,False,False,False,False,False,False,False,False,False"/>
    <property name="SleeperIsQuestExclude" value="False,False,False,False,False,False,False,False,False,False,False,False,False,False,False,False,False,False,False,False,False"/>
    <property name="SleeperVolumeFlags" value="0,0,0,0,0,0,0,0,0,0,0,0,0,0,0,0,0,0,0,0,0"/>
    <property name="SleeperVolumeGroupId" value="0,0,0,0,0,0,0,0,0,0,0,0,0,0,0,0,0,0,0,0,0"/>
    <property name="ShowQuestClearCount" value="0,0,0,0,0,0,0,0,0,0,0,0,0,0,0,0,0,0,0,0,0"/>
</prefab>
