<?xml version="1.0" encoding="UTF-8"?>
<prefab>
    <property name="CopyAirBlocks" value="True"/>
    <property name="AllowTopSoilDecorations" value="True"/>
    <property name="ExcludeDistantPOIMesh" value="False"/>
    <property name="ExcludePOICulling" value="False"/>
    <property name="QuestTags" value="clear,fetch"/>
    <property name="DifficultyTier" value="5"/>
    <property name="Zoning" value="Residential"/>
    <property name="RotationToFaceNorth" value="0"/>
    <property name="YOffset" value="-11"/>
    <property name="DistantPOIYOffset" value="0"/>
    <property name="MaxPerHub" value="1"/>
    <property name="AllowedBiomes" value="snow"/>
    <property name="AllowedTownships" value="rural,wilderness"/>
    <property name="EditorGroups" value="Wilderness, rural"/>
    <property name="SleeperVolumeStart" value="101, 1, 88#0, 8, 92#7, 10, 68#43, 10, 73#78, 10, 73#135, 10, 69#137, 12, 82#143, 12, 87#112, 12, 81#111, 17, 85#123, 9, 17#90, 15, 90#118, 24, 91#86, 12, 86#86, 11, 108#64, 12, 90#64, 15, 90#47, 12, 85#47, 13, 93#49, 13, 99#46, 17, 90#47, 23, 91#43, 12, 86#26, 12, 86#26, 12, 92#37, 12, 92#0, 11, 101#26, 11, 104#63, 11, 100#112, 11, 100#133, 11, 99#85, 8, 54#1, 12, 86#4, 16, 91#87, 9, 17#169, 8, 71#85, 9, 15#85, 9, 17#1, 3, 67#1, 1, 7#143, 1, 9#167, 1, 9#65, 1, 9#11, 1, 9"/>
    <property name="SleeperVolumeSize" value="25, 10, 23#19, 3, 9#20, 2, 20#35, 2, 13#37, 2, 15#9, 2, 14#37, 3, 17#9, 8, 11#25, 3, 18#17, 6, 22#2, 3, 37#21, 10, 18#9, 5, 9#26, 3, 22#26, 3, 18#22, 3, 10#19, 9, 11#39, 3, 5#6, 3, 6#14, 3, 5#18, 4, 13#17, 3, 11#4, 3, 18#17, 3, 6#11, 4, 9#6, 3, 11#26, 3, 25#37, 3, 22#23, 3, 26#21, 3, 26#41, 3, 27#39, 3, 1#25, 4, 15#18, 6, 10#35, 18, 37#4, 4, 13#39, 3, 2#2, 2, 37#172, 6, 1#172, 8, 2#1, 8, 58#1, 8, 58#1, 8, 58#2, 8, 58"/>
    <property name="SleeperVolumeGroup" value=",15,30,,6,8,,4,8,,8,10,,6,10,,1,2,,15,21,,5,5,,15,20,,5,8,,10,20,,12,15,,1,1,,15,19,,6,8,,8,10,,5,8,,8,10,,2,3,,6,8,,10,12,,1,2,,2,3,,3,5,,6,8,,2,3,,10,12,,8,10,,5,6,,12,16,,8,10,,15,20,,27,33,,8,10,,40,50,,3,5,,10,20,,10,19,,0,0,,0,0,,0,0,,0,0,,0,0,,0,0"/>
    <property name="SleeperVolumeGameStageAdjust" value=",,,,,,,,,,,,,,,,,,,,,,,,,,,,,,,,,,,,,,,,,,,"/>
    <property name="SleeperIsLootVolume" value="False,False,False,False,False,False,False,False,False,False,False,False,False,False,False,False,False,False,False,False,False,False,False,False,True,False,False,False,False,False,False,True,False,True,False,False,False,False,False,False,False,False,False,False"/>
    <property name="SleeperIsQuestExclude" value="False,False,False,False,False,False,False,False,False,False,False,False,False,False,False,False,False,False,False,False,False,False,False,False,False,False,False,False,False,False,False,False,False,False,False,False,False,False,False,False,False,False,False,False"/>
    <property name="SleeperVolumeFlags" value="2,2,0,0,0,0,0,2,2,1,2,0,2,0,0,0,0,0,0,2,0,2,0,0,2,0,0,0,0,0,0,2,0,2,0,0,2,2,2,2,2,2,2,2"/>
    <property name="SleeperVolumeGroupId" value="0,0,0,0,0,0,0,0,0,0,2,0,0,0,0,0,0,0,0,0,0,0,0,0,0,0,0,0,0,0,0,1,0,0,0,0,3,4,1,3,2,2,4,4"/>
    <property name="ShowQuestClearCount" value="0,0,0,0,0,0,0,0,0,0,0,0,0,0,0,0,0,0,0,0,0,0,0,0,0,0,0,0,0,0,0,0,0,0,0,0,0,0,0,0,0,0,0,0"/>
</prefab>
