<?xml version="1.0" encoding="UTF-8"?>
<prefab>
    <property name="CopyAirBlocks" value="True"/>
    <property name="AllowTopSoilDecorations" value="True"/>
    <property name="ExcludeDistantPOIMesh" value="False"/>
    <property name="ExcludePOICulling" value="False"/>
    <property name="QuestTags" value="clear,fetch"/>
    <property name="DifficultyTier" value="5"/>
    <property name="Zoning" value="Industrial,Residential"/>
    <property name="RotationToFaceNorth" value="0"/>
    <property name="YOffset" value="-1"/>
    <property name="DistantPOIYOffset" value="0"/>
    <property name="AllowedBiomes" value="pine_forest"/>
    <property name="AllowedTownships" value="city"/>
    <property name="EditorGroups" value="industrial"/>
    <property name="SleeperVolumeStart" value="4, 41, 2#13, 2, 24#13, 7, 24#1, 2, 20#12, 2, 19#24, 1, 2#34, 4, 6#34, 8, 6#26, 10, 2#34, 12, 6#34, 12, 24#34, 16, 6#34, 16, 24#34, 20, 6#34, 24, 6#1, 2, 3#6, 2, 3#12, 1, 13#5, 6, 8#5, 6, 2#4, 11, 13#4, 11, 2#4, 16, 10#4, 16, 2#4, 21, 2#14, 21, 2#4, 21, 12#5, 27, 16#14, 26, 15#4, 26, 9#12, 26, 2#4, 26, 2#8, 32, 3#4, 31, 2#4, 31, 11#4, 36, 2#13, 12, 23#26, 22, 10#0, 1, 0#0, 0, 0#0, 0, 0#0, 0, 0#0, 0, 0#0, 0, 0#0, 0, 0#0, 0, 0#0, 0, 0#0, 0, 0#0, 0, 0#0, 0, 0#0, 0, 0#0, 0, 0#0, 0, 0#0, 0, 0#0, 0, 0#0, 0, 0#0, 0, 0#0, 0, 0#0, 0, 0#0, 0, 0#0, 0, 0#0, 0, 0#0, 0, 0#0, 0, 0#0, 0, 0#0, 0, 0#0, 0, 0#0, 0, 0#0, 0, 0#0, 0, 0#0, 0, 0#0, 0, 0#0, 0, 0"/>
    <property name="SleeperVolumeSize" value="20, 7, 14#20, 3, 10#20, 3, 10#11, 3, 15#22, 3, 4#9, 3, 17#8, 3, 17#8, 3, 17#8, 3, 17#8, 3, 17#8, 3, 5#8, 3, 17#8, 3, 5#8, 3, 24#8, 6, 22#5, 6, 17#14, 3, 9#10, 3, 5#19, 5, 12#19, 5, 6#20, 5, 7#20, 5, 11#20, 5, 10#20, 5, 8#10, 5, 10#10, 5, 10#20, 5, 8#9, 3, 3#10, 5, 5#20, 5, 6#12, 5, 7#8, 5, 7#4, 2, 3#20, 5, 9#20, 5, 9#20, 5, 18#18, 2, 7#6, 3, 5#4, 3, 2#3, 3, 3#3, 3, 3#3, 3, 3#3, 3, 3#3, 3, 3#3, 3, 3#3, 3, 3#3, 3, 3#3, 3, 3#3, 3, 3#3, 3, 3#3, 3, 3#3, 3, 3#3, 3, 3#3, 3, 3#3, 3, 3#3, 3, 3#3, 3, 3#3, 3, 3#3, 3, 3#3, 3, 3#3, 3, 3#3, 3, 3#3, 3, 3#3, 3, 3#3, 3, 3#3, 3, 3#3, 3, 3#3, 3, 3#3, 3, 3#3, 3, 3#3, 3, 3#3, 3, 3#3, 3, 3"/>
    <property name="SleeperVolumeGroup" value=",5,7,,3,5,,3,5,,2,4,,3,5,,3,5,,2,4,,2,4,,2,3,,2,5,,1,1,,2,5,,1,2,,3,5,,3,5,,2,7,,2,4,,1,4,,2,5,,1,2,,2,5,,2,5,,2,5,,2,5,,2,3,,2,3,,2,3,,2,3,,1,2,,2,4,,2,3,,1,2,,1,2,,2,3,,3,5,,5,7,,1,3,,1,2,,0,0,,1,2,,1,2,,1,2,,1,2,,1,2,,1,2,,1,2,,1,2,,1,2,,1,2,,1,2,,1,2,,1,2,,1,2,,1,2,,1,2,,1,2,,1,2,,1,2,,1,2,,1,2,,1,2,,1,2,,1,2,,1,2,,1,2,,1,2,,1,2,,1,2,,1,2,,1,2,,1,2,,1,2,,1,2"/>
    <property name="SleeperVolumeGameStageAdjust" value="0,,,,,,,,,,,,,,,,,,,,,,,,,,,,,,,,,,,,,,,,,,,,,,,,,,,,,,,,,,,,,,,,,,,,,,,,"/>
    <property name="SleeperIsLootVolume" value="False,False,False,False,False,False,False,False,False,False,False,False,False,False,False,False,False,False,False,False,False,False,False,False,False,False,False,False,False,False,False,False,False,False,False,False,False,False,False,False,False,False,False,False,False,False,False,False,False,False,False,False,False,False,False,False,False,False,False,False,False,False,False,False,False,False,False,False,False,False,False,False,False"/>
    <property name="SleeperIsQuestExclude" value="False,False,False,False,False,False,False,False,False,False,False,False,False,False,False,False,False,False,False,False,False,False,False,False,False,False,False,False,False,False,False,False,False,False,False,False,False,False,False,False,False,False,False,False,False,False,False,False,False,False,False,False,False,False,False,False,False,False,False,False,False,False,False,False,False,False,False,False,False,False,False,False,False"/>
    <property name="SleeperVolumeFlags" value="2,0,0,0,0,0,0,0,0,0,0,0,0,0,0,0,0,0,0,0,0,0,0,0,0,0,0,0,0,0,0,0,0,0,0,0,0,0,0,0,0,0,0,0,0,0,0,0,0,0,0,0,0,0,0,0,0,0,0,0,0,0,0,0,0,0,0,0,0,0,0,0,0"/>
    <property name="SleeperVolumeGroupId" value="0,0,0,0,0,0,0,0,0,0,0,0,0,0,0,1,0,0,0,0,0,0,0,0,0,0,0,0,0,0,0,0,0,0,0,0,0,0,1,0,0,0,0,0,0,0,0,0,0,0,0,0,0,0,0,0,0,0,0,0,0,0,0,0,0,0,0,0,0,0,0,0,0"/>
    <property name="ShowQuestClearCount" value="0,0,0,0,0,0,0,0,0,0,0,0,0,0,0,0,0,0,0,0,0,0,0,0,0,0,0,0,0,0,0,0,0,0,0,0,0,0,0,0,0,0,0,0,0,0,0,0,0,0,0,0,0,0,0,0,0,0,0,0,0,0,0,0,0,0,0,0,0,0,0,0,0"/>
</prefab>
