<?xml version="1.0" encoding="UTF-8"?>
<prefab>
    <property name="CopyAirBlocks" value="True"/>
    <property name="AllowTopSoilDecorations" value="True"/>
    <property name="ExcludeDistantPOIMesh" value="False"/>
    <property name="ExcludePOICulling" value="False"/>
    <property name="DifficultyTier" value="5"/>
    <property name="Zoning" value="Residential"/>
    <property name="RotationToFaceNorth" value="3"/>
    <property name="YOffset" value="-28"/>
    <property name="DistantPOIYOffset" value="0"/>
    <property name="AllowedBiomes" value="burnt_forest,wasteland"/>
    <property name="AllowedTownships" value="rural,town,wilderness"/>
    <property name="EditorGroups" value="house old, rural, Wilderness"/>
    <property name="SleeperVolumeStart" value="3, 24, 4#2, 28, 23#18, 20, 27#3, 20, 27#3, 20, 18#3, 20, 4#12, 20, 4#20, 20, 4#23, 16, 26#31, 20, 4#13, 20, 18#10, 16, 26#3, 16, 29#3, 16, 25#3, 16, 16#3, 16, 12#3, 16, 4#10, 16, 14#11, 16, 4#25, 16, 4#8, 16, 12#3, 12, 4#12, 27, 23#23, 29, 23#30, 28, 4#3, 28, 4#18, 16, 4#3, 7, 4#3, 1, 2"/>
    <property name="SleeperVolumeSize" value="35, 3, 27#7, 8, 12#20, 4, 5#14, 4, 5#9, 4, 9#9, 4, 13#8, 4, 13#11, 4, 13#15, 3, 6#7, 4, 23#18, 4, 9#8, 3, 6#6, 3, 3#6, 3, 3#5, 3, 4#5, 3, 3#5, 3, 7#8, 3, 8#6, 3, 8#13, 3, 8#30, 3, 2#35, 4, 28#7, 8, 10#6, 3, 10#10, 6, 10#16, 2, 10#6, 3, 8#35, 5, 28#35, 6, 30"/>
    <property name="SleeperVolumeGroup" value=",5,8,,3,7,,2,3,,2,3,,2,2,,1,1,,1,2,,1,3,,1,4,,1,3,,1,2,,1,3,,1,1,,1,1,,1,2,,1,1,,1,2,,1,3,,1,2,,1,2,,1,1,,10,15,,3,6,,1,5,,1,2,,1,2,,2,3,,5,12,,10,20"/>
    <property name="SleeperVolumeGameStageAdjust" value=",,,,,,,,,,,,,,,,,,,,,,,,,,,,"/>
    <property name="SleeperIsLootVolume" value="False,False,False,False,False,False,False,False,False,False,False,False,False,False,False,False,False,False,False,False,False,False,False,False,False,False,False,False,False"/>
    <property name="SleeperIsQuestExclude" value="False,False,False,False,False,False,False,False,False,False,False,False,False,False,False,False,False,False,False,False,False,False,False,False,False,False,False,False,False"/>
    <property name="SleeperVolumeFlags" value="0,0,0,0,0,0,0,0,0,0,0,0,0,0,0,0,0,0,0,0,2,0,0,0,0,0,0,0,2"/>
    <property name="SleeperVolumeGroupId" value="0,0,0,0,0,0,0,0,0,0,0,0,0,0,0,0,0,0,0,0,0,0,0,0,0,0,0,0,0"/>
    <property name="ShowQuestClearCount" value="0,0,0,0,0,0,0,0,0,0,0,0,0,0,0,0,0,0,0,0,0,0,0,0,0,0,0,0,0"/>
</prefab>
