<?xml version="1.0" encoding="UTF-8"?>
<prefab>
    <property name="CopyAirBlocks" value="True"/>
    <property name="AllowTopSoilDecorations" value="True"/>
    <property name="ExcludeDistantPOIMesh" value="False"/>
    <property name="ExcludePOICulling" value="False"/>
    <property name="DifficultyTier" value="5"/>
    <property name="Zoning" value="Commercial,Residential"/>
    <property name="RotationToFaceNorth" value="2"/>
    <property name="YOffset" value="-7"/>
    <property name="DistantPOIYOffset" value="0"/>
    <property name="AllowedBiomes" value="snow,pine_forest,desert"/>
    <property name="AllowedTownships" value="city"/>
    <property name="EditorGroups" value="Cityblocks, commercial"/>
    <property name="SleeperVolumeStart" value="135, 8, 47#34, 20, 48#46, 14, 83#34, 8, 81#34, 8, 48#151, 1, 75#33, 7, 0#126, 8, 46#139, 33, 51#77, 26, 93#33, 26, 45#69, 0, 28#29, 0, 14#184, 0, 33#172, 8, 61#182, 26, 43#77, 8, 108#144, 20, 76#152, 20, 76#34, 2, 47#80, 2, 97#147, 1, 14#79, 3, 107#33, 7, 91#0, 2, 0#148, 8, 91#113, 2, 97#117, 7, 129#191, 7, 0#161, 7, 95#125, 7, 98#77, 7, 131#117, 7, 91#143, 26, 85#77, 26, 46#139, 26, 51#165, 20, 76#175, 20, 83#171, 20, 91#185, 20, 84#175, 20, 73#175, 20, 62#175, 20, 45#163, 20, 47#154, 20, 47#143, 20, 47#143, 20, 62#107, 20, 58#51, 20, 58#87, 20, 50#87, 14, 48#50, 8, 59#78, 8, 47#80, 8, 78#50, 14, 58#107, 14, 58"/>
    <property name="SleeperVolumeSize" value="8, 3, 11#16, 4, 42#4, 3, 10#5, 3, 9#15, 4, 32#8, 4, 13#158, 22, 45#8, 3, 11#43, 3, 34#40, 6, 40#44, 6, 48#131, 6, 6#6, 6, 19#6, 6, 36#18, 9, 16#9, 3, 52#40, 5, 23#8, 3, 15#13, 3, 15#125, 3, 43#28, 3, 9#7, 4, 13#14, 3, 8#44, 17, 58#34, 22, 149#13, 3, 7#3, 3, 9#8, 1, 2#14, 19, 149#30, 19, 54#36, 19, 51#48, 17, 18#26, 3, 7#39, 3, 10#57, 6, 47#43, 5, 34#10, 3, 13#10, 3, 12#4, 3, 4#5, 3, 10#16, 5, 10#16, 3, 11#16, 3, 17#12, 3, 15#9, 3, 15#11, 3, 15#32, 3, 14#36, 3, 20#36, 3, 20#20, 3, 70#20, 3, 71#98, 3, 19#38, 3, 12#36, 3, 30#37, 3, 20#36, 3, 20"/>
    <property name="SleeperVolumeGroup" value=",1,2,,5,9,,1,2,,1,2,,6,8,,1,1,,60,65,,1,1,,17,19,,35,40,,28,30,,5,6,,6,8,,1,3,,11,13,,6,7,,5,6,,4,5,,5,6,,18,20,,1,2,,1,3,,1,2,,25,27,,65,70,,7,8,,15,17,,0,0,,25,26,,18,20,,14,16,,8,10,,4,5,,2,4,,32,35,,20,22,,5,7,,6,7,,1,1,,3,4,,5,6,,4,5,,12,13,,5,6,,5,6,,8,9,,16,19,,18,20,,13,14,,20,22,,22,25,,30,33,,8,9,,16,18,,15,16,,18,20"/>
    <property name="SleeperVolumeGameStageAdjust" value=",,,,,,,,,,,,,,,,,,,,,,,,,,,,,,,,,,,,,,,,,,,,,,,,,,,,,,,"/>
    <property name="SleeperIsLootVolume" value="False,False,False,False,False,False,False,False,False,False,False,False,False,False,False,False,False,False,False,False,False,False,False,False,False,False,False,False,False,False,False,False,False,False,False,False,False,False,False,False,False,False,False,False,False,False,False,False,False,False,False,False,False,False,False,False"/>
    <property name="SleeperIsQuestExclude" value="False,False,False,False,False,False,False,False,False,False,False,False,False,False,False,False,False,False,False,False,False,False,False,False,False,False,False,False,False,False,False,False,False,False,False,False,False,False,False,False,False,False,False,False,False,False,False,False,False,False,False,False,False,False,False,False"/>
    <property name="SleeperVolumeFlags" value="2,0,2,0,2,2,2,0,2,2,2,0,2,2,2,0,0,0,0,2,2,0,0,2,2,0,2,2,2,2,2,2,2,2,0,0,0,0,0,0,0,0,0,0,0,0,2,0,0,0,2,2,2,2,2,2"/>
    <property name="SleeperVolumeGroupId" value="0,0,0,0,0,0,0,0,0,0,0,0,0,0,0,0,0,0,0,0,0,0,0,0,0,0,1,1,0,0,0,0,0,0,0,0,0,0,0,0,0,0,0,0,0,0,0,0,0,0,0,0,0,0,0,0"/>
    <property name="ShowQuestClearCount" value="0,0,0,0,0,0,0,0,0,0,0,0,0,0,0,0,0,0,0,0,0,0,0,0,0,0,0,0,0,0,0,0,0,0,0,0,0,0,0,0,0,0,0,0,0,0,0,0,0,0,0,0,0,0,0,0"/>
</prefab>
