<?xml version="1.0" encoding="UTF-8"?>
<prefab>
    <property name="CopyAirBlocks" value="True"/>
    <property name="AllowTopSoilDecorations" value="True"/>
    <property name="ExcludeDistantPOIMesh" value="False"/>
    <property name="ExcludePOICulling" value="False"/>
    <property name="QuestTags" value="clear,fetch"/>
    <property name="DifficultyTier" value="1"/>
    <property name="Zoning" value="Downtown,Residential"/>
    <property name="RotationToFaceNorth" value="2"/>
    <property name="YOffset" value="-1"/>
    <property name="DistantPOIYOffset" value="0"/>
    <property name="AllowedBiomes" value="snow,pine_forest,desert"/>
    <property name="AllowedTownships" value="city"/>
    <property name="EditorGroups" value="downtown"/>
    <property name="SleeperVolumeStart" value="1, 10, 4#1, 10, 10#0, 1, 0#1, 4, 4"/>
    <property name="SleeperVolumeSize" value="18, 7, 6#18, 14, 7#20, 3, 18#18, 6, 13"/>
    <property name="SleeperVolumeGroup" value=",1,4,,5,10,,3,7,,3,7"/>
    <property name="SleeperVolumeGameStageAdjust" value=",,,"/>
    <property name="SleeperIsLootVolume" value="False,False,False,False"/>
    <property name="SleeperIsQuestExclude" value="False,False,False,False"/>
    <property name="SleeperVolumeFlags" value="0,2,0,0"/>
    <property name="SleeperVolumeGroupId" value="0,0,0,0"/>
    <property name="ShowQuestClearCount" value="0,0,0,0"/>
</prefab>
