<?xml version="1.0" encoding="UTF-8"?>
<prefab>
    <property name="CopyAirBlocks" value="True"/>
    <property name="AllowTopSoilDecorations" value="True"/>
    <property name="ExcludeDistantPOIMesh" value="False"/>
    <property name="ExcludePOICulling" value="False"/>
    <property name="QuestTags" value="clear,fetch"/>
    <property name="DifficultyTier" value="1"/>
    <property name="Zoning" value="Residential"/>
    <property name="RotationToFaceNorth" value="1"/>
    <property name="YOffset" value="-7"/>
    <property name="DistantPOIYOffset" value="0"/>
    <property name="AllowedBiomes" value="burnt_forest,wasteland"/>
    <property name="AllowedTownships" value="town"/>
    <property name="EditorGroups" value="Wilderness"/>
    <property name="SleeperVolumeStart" value="0, 6, 0"/>
    <property name="SleeperVolumeSize" value="17, 3, 17"/>
    <property name="SleeperVolumeGroup" value=",1,2"/>
    <property name="SleeperVolumeGameStageAdjust" value=""/>
    <property name="SleeperIsLootVolume" value="False"/>
    <property name="SleeperIsQuestExclude" value="False"/>
    <property name="SleeperVolumeFlags" value="0"/>
    <property name="SleeperVolumeGroupId" value="0"/>
    <property name="ShowQuestClearCount" value="1"/>
</prefab>
