<?xml version="1.0" encoding="UTF-8"?>
<prefab>
    <property name="CopyAirBlocks" value="True"/>
    <property name="AllowTopSoilDecorations" value="True"/>
    <property name="ExcludeDistantPOIMesh" value="False"/>
    <property name="ExcludePOICulling" value="False"/>
    <property name="QuestTags" value="clear"/>
    <property name="DifficultyTier" value="4"/>
    <property name="Zoning" value="Downtown,Residential"/>
    <property name="RotationToFaceNorth" value="2"/>
    <property name="YOffset" value="-2"/>
    <property name="DistantPOIYOffset" value="0"/>
    <property name="AllowedBiomes" value="burnt_forest,wasteland"/>
    <property name="AllowedTownships" value="rural,town"/>
    <property name="EditorGroups" value="rural"/>
    <property name="SleeperVolumeStart" value="4, 1, 20#4, 1, 8#17, 0, 20#22, 1, 8#4, 11, 9#1, -1, 1#35, -1, 8#1, 0, 39#30, 1, 29#0, 1, 8#18, 1, 30"/>
    <property name="SleeperVolumeSize" value="13, 5, 19#18, 5, 12#18, 7, 9#13, 5, 12#31, 4, 30#38, 7, 7#4, 7, 34#34, 4, 3#5, 3, 9#4, 4, 32#12, 4, 7"/>
    <property name="SleeperVolumeGroup" value=",8,13,,4,7,,7,12,,4,9,,9,15,,3,4,,3,4,,3,4,,2,3,,6,8,,3,4"/>
    <property name="SleeperVolumeGameStageAdjust" value=",,,,,,,,,,"/>
    <property name="SleeperIsLootVolume" value="False,False,False,False,False,False,False,False,False,False,False"/>
    <property name="SleeperIsQuestExclude" value="False,False,False,False,False,False,False,False,False,False,False"/>
    <property name="SleeperVolumeFlags" value="2,0,0,0,0,0,0,0,0,0,0"/>
    <property name="SleeperVolumeGroupId" value="0,0,0,0,0,0,0,0,0,0,0"/>
    <property name="ShowQuestClearCount" value="0,0,0,0,0,0,0,0,0,0,0"/>
</prefab>
