<?xml version="1.0" encoding="UTF-8"?>
<prefab>
    <property name="CopyAirBlocks" value="True"/>
    <property name="AllowTopSoilDecorations" value="True"/>
    <property name="ExcludeDistantPOIMesh" value="False"/>
    <property name="ExcludePOICulling" value="False"/>
    <property name="DifficultyTier" value="5"/>
    <property name="Zoning" value="Industrial,Residential"/>
    <property name="RotationToFaceNorth" value="0"/>
    <property name="YOffset" value="-1"/>
    <property name="DistantPOIYOffset" value="0"/>
    <property name="AllowedBiomes" value="snow,pine_forest,desert"/>
    <property name="AllowedTownships" value="city"/>
    <property name="EditorGroups" value="industrial, downtown"/>
    <property name="SleeperVolumeStart" value="11, 2, 40#40, 2, 29#11, 8, 57#40, 8, 49#11, 8, 39#40, 8, 39#11, 1, 1#12, 7, 1#12, 13, 1#12, 18, 1"/>
    <property name="SleeperVolumeSize" value="29, 3, 34#28, 3, 45#29, 3, 17#29, 3, 25#29, 3, 18#29, 3, 10#28, 3, 32#23, 3, 32#23, 4, 32#23, 3, 32"/>
    <property name="SleeperVolumeGroup" value=",10,15,,9,10,,6,8,,8,10,,4,6,,3,4,,7,8,,6,7,,7,8,,9,10"/>
    <property name="SleeperVolumeGameStageAdjust" value=",,,,,,,,,"/>
    <property name="SleeperIsLootVolume" value="False,False,False,False,False,False,False,False,False,False"/>
    <property name="SleeperIsQuestExclude" value="False,False,False,False,False,False,False,False,False,False"/>
    <property name="SleeperVolumeFlags" value="0,0,0,0,0,0,0,0,0,0"/>
    <property name="SleeperVolumeGroupId" value="0,0,0,0,0,0,0,0,0,0"/>
    <property name="ShowQuestClearCount" value="0,0,0,0,0,0,0,0,0,0"/>
</prefab>
