<?xml version="1.0" encoding="UTF-8"?>
<prefab>
    <property name="CopyAirBlocks" value="True"/>
    <property name="AllowTopSoilDecorations" value="True"/>
    <property name="ExcludeDistantPOIMesh" value="False"/>
    <property name="ExcludePOICulling" value="False"/>
    <property name="DifficultyTier" value="2"/>
    <property name="Zoning" value="Residential"/>
    <property name="RotationToFaceNorth" value="3"/>
    <property name="YOffset" value="-2"/>
    <property name="DistantPOIYOffset" value="0"/>
    <property name="AllowedBiomes" value="snow,pine_forest,desert"/>
    <property name="AllowedTownships" value="city"/>
    <property name="EditorGroups" value="house new, House medium, house old, HOUSE CONST"/>
    <property name="SleeperVolumeStart" value="13, 2, 8#19, 8, 8#13, 2, 22#19, 2, 8#11, 8, 8#12, 9, 28#12, 8, 17#10, 2, 18"/>
    <property name="SleeperVolumeSize" value="6, 6, 10#8, 7, 9#15, 6, 19#8, 6, 10#8, 7, 9#13, 6, 12#15, 7, 11#15, 6, 4"/>
    <property name="SleeperVolumeGroup" value=",4,5,,2,3,,6,7,,1,2,,3,4,,2,3,,3,4,,2,3"/>
    <property name="SleeperVolumeGameStageAdjust" value="200,medium,medium,medium,250,200,,"/>
    <property name="SleeperIsLootVolume" value="False,False,False,False,False,False,False,False"/>
    <property name="SleeperIsQuestExclude" value="False,False,False,False,False,False,False,False"/>
    <property name="SleeperVolumeFlags" value="0,0,0,0,0,0,0,0"/>
    <property name="SleeperVolumeGroupId" value="0,0,0,0,0,0,0,0"/>
    <property name="ShowQuestClearCount" value="0,0,0,0,0,0,0,0"/>
</prefab>
