<?xml version="1.0" encoding="UTF-8"?>
<prefab>
    <property name="CopyAirBlocks" value="True"/>
    <property name="AllowTopSoilDecorations" value="True"/>
    <property name="ExcludeDistantPOIMesh" value="False"/>
    <property name="ExcludePOICulling" value="False"/>
    <property name="DifficultyTier" value="1"/>
    <property name="Zoning" value="ResidentialOld,Residential"/>
    <property name="RotationToFaceNorth" value="0"/>
    <property name="YOffset" value="-2"/>
    <property name="DistantPOIYOffset" value="0"/>
    <property name="AllowedBiomes" value="snow"/>
    <property name="AllowedTownships" value="city,rural,town"/>
    <property name="EditorGroups" value="house new, rural"/>
    <property name="SleeperVolumeStart" value="5, 2, 9#5, 2, 13#3, 2, 0#3, 3, 3#3, 3, 11#2, 7, 6#7, 7, 11"/>
    <property name="SleeperVolumeSize" value="5, 2, 4#8, 2, 2#10, 2, 3#7, 2, 5#2, 1, 2#6, 3, 4#2, 2, 3"/>
    <property name="SleeperVolumeGroup" value=",1,1,,1,2,,1,3,,1,2,,1,1,,1,2,,1,1"/>
    <property name="SleeperVolumeGameStageAdjust" value="0,0,0,0,0,0,0"/>
    <property name="SleeperIsLootVolume" value="False,False,False,False,False,False,False"/>
    <property name="SleeperIsQuestExclude" value="False,False,False,False,False,False,False"/>
    <property name="SleeperVolumeFlags" value="0,0,0,2,0,0,0"/>
    <property name="SleeperVolumeGroupId" value="0,0,0,0,0,0,0"/>
    <property name="ShowQuestClearCount" value="0,0,0,0,0,0,0"/>
</prefab>
