<?xml version="1.0" encoding="UTF-8"?>
<prefab>
    <property name="CopyAirBlocks" value="True"/>
    <property name="AllowTopSoilDecorations" value="True"/>
    <property name="ExcludeDistantPOIMesh" value="False"/>
    <property name="ExcludePOICulling" value="False"/>
    <property name="QuestTags" value="clear,fetch"/>
    <property name="DifficultyTier" value="2"/>
    <property name="Zoning" value="Downtown,Residential"/>
    <property name="RotationToFaceNorth" value="2"/>
    <property name="YOffset" value="-14"/>
    <property name="DistantPOIYOffset" value="0"/>
    <property name="AllowedBiomes" value="snow,pine_forest,desert"/>
    <property name="AllowedTownships" value="city"/>
    <property name="EditorGroups" value="rural, downtown"/>
    <property name="SleeperVolumeStart" value="5, 15, 4#5, 15, 12#24, 15, 12#24, 15, 4#13, 15, 4#4, 18, 4#24, 18, 4#33, 14, 8#3, 14, 19#1, 13, 2#1, 4, 2#24, 7, 7"/>
    <property name="SleeperVolumeSize" value="8, 2, 7#8, 2, 7#8, 2, 7#8, 2, 7#11, 2, 15#9, 2, 15#9, 2, 15#1, 2, 11#8, 2, 5#10, 2, 5#10, 8, 15#5, 2, 5"/>
    <property name="SleeperVolumeGroup" value=",1,2,,2,3,,1,2,,2,3,,4,5,,2,3,,1,2,,1,1,,1,2,,1,2,,3,4,,1,1"/>
    <property name="SleeperVolumeGameStageAdjust" value=",,,,,,,,,,,"/>
    <property name="SleeperIsLootVolume" value="False,False,False,False,False,False,False,False,False,False,False,False"/>
    <property name="SleeperIsQuestExclude" value="False,False,False,False,False,False,False,False,False,False,False,False"/>
    <property name="SleeperVolumeFlags" value="0,0,0,0,0,0,0,0,0,0,0,0"/>
    <property name="SleeperVolumeGroupId" value="0,0,0,0,0,0,0,0,0,0,0,0"/>
    <property name="ShowQuestClearCount" value="0,0,0,0,0,0,0,0,0,0,0,0"/>
</prefab>
