<?xml version="1.0" encoding="UTF-8"?>
<prefab>
    <property name="CopyAirBlocks" value="True"/>
    <property name="AllowTopSoilDecorations" value="True"/>
    <property name="ExcludeDistantPOIMesh" value="False"/>
    <property name="ExcludePOICulling" value="False"/>
    <property name="DifficultyTier" value="1"/>
    <property name="Zoning" value="Residential"/>
    <property name="RotationToFaceNorth" value="1"/>
    <property name="YOffset" value="-1"/>
    <property name="DistantPOIYOffset" value="0"/>
    <property name="AllowedBiomes" value="pine_forest"/>
    <property name="AllowedTownships" value="rural,town"/>
    <property name="EditorGroups" value="house old, rural"/>
    <property name="SleeperVolumeStart" value="0, 1, 0#14, 1, 0#10, 2, 7#2, 2, 20#5, 4, 1#5, 2, 8#4, 2, 2"/>
    <property name="SleeperVolumeSize" value="4, 3, 19#5, 3, 25#4, 2, 16#8, 2, 3#9, 7, 23#5, 2, 11#9, 2, 6"/>
    <property name="SleeperVolumeGroup" value=",1,3,,3,6,,1,4,,1,2,,5,6,,1,4,,2,5"/>
    <property name="SleeperVolumeGameStageAdjust" value=",,,,,,"/>
    <property name="SleeperIsLootVolume" value="False,False,False,False,False,False,False"/>
    <property name="SleeperIsQuestExclude" value="False,False,False,False,False,False,False"/>
    <property name="SleeperVolumeFlags" value="0,0,0,0,0,0,0"/>
    <property name="SleeperVolumeGroupId" value="0,0,0,0,0,0,0"/>
    <property name="ShowQuestClearCount" value="0,0,0,0,0,0,0"/>
</prefab>
