<?xml version="1.0" encoding="UTF-8"?>
<prefab>
    <property name="CopyAirBlocks" value="True"/>
    <property name="AllowTopSoilDecorations" value="True"/>
    <property name="ExcludeDistantPOIMesh" value="False"/>
    <property name="ExcludePOICulling" value="False"/>
    <property name="DifficultyTier" value="5"/>
    <property name="Zoning" value="Downtown,Residential"/>
    <property name="RotationToFaceNorth" value="0"/>
    <property name="YOffset" value="-10"/>
    <property name="DistantPOIYOffset" value="0"/>
    <property name="AllowedBiomes" value="snow,pine_forest,desert"/>
    <property name="AllowedTownships" value="city,rural,town"/>
    <property name="EditorGroups" value="rural, downtown"/>
    <property name="SleeperVolumeStart" value="26, 10, 87#26, 10, 57#28, 10, 69#23, 10, 25#46, 10, 69#72, 10, 69#28, 21, 69#52, 10, 69#28, 15, 69#59, 2, 80#110, 2, 93#3, 2, 93#4, 2, 6#99, 2, 4#6, 2, 6#105, 2, 6#9, 2, 99#6, 2, 9#21, 2, 43#20, 2, 11#9, 2, 9#15, 2, 11#20, 2, 17#11, 2, 23#11, 2, 36#11, 2, 65#11, 2, 48#21, 2, 48#35, 2, 48#51, 2, 48#65, 2, 48#81, 2, 48#95, 2, 65#91, 2, 48#91, 2, 23#93, 2, 17#94, 2, 14#96, 2, 10#36, 2, 12#32, 2, 18#46, 2, 11#46, 2, 14#37, 2, 22#52, 2, 11#63, 2, 10#80, 2, 11#70, 2, 11#79, 10, 69#13, 10, 69#47, 2, 82#69, 10, 69#75, 2, 76#83, 2, 79#9, 2, 80#23, 2, 28#23, 2, 25#86, 2, 28#60, 2, 90#49, 2, 12"/>
    <property name="SleeperVolumeSize" value="61, 4, 11#61, 2, 12#18, 5, 18#66, 4, 21#6, 3, 18#7, 15, 18#41, 7, 19#17, 4, 18#41, 6, 18#3, 1, 2#1, 1, 9#1, 1, 9#1, 1, 9#9, 1, 1#99, 7, 3#3, 7, 93#99, 7, 3#3, 7, 93#70, 3, 4#6, 3, 6#6, 3, 14#5, 4, 12#6, 4, 6#10, 4, 13#10, 3, 12#12, 3, 14#10, 3, 17#14, 3, 17#16, 3, 17#14, 3, 17#16, 3, 17#10, 3, 17#8, 3, 14#12, 3, 17#12, 3, 25#2, 3, 2#1, 1, 1#8, 3, 13#3, 2, 9#1, 1, 1#3, 1, 1#3, 3, 7#1, 1, 1#6, 3, 12#7, 3, 13#11, 3, 12#10, 3, 12#24, 3, 18#15, 3, 18#3, 1, 3#3, 3, 18#1, 3, 1#22, 3, 18#16, 3, 17#3, 3, 15#66, 3, 3#3, 3, 15#1, 1, 1#1, 1, 2"/>
    <property name="SleeperVolumeGroup" value=",4,8,,1,2,,3,5,,5,7,,65,65,,48,48,,7,10,,5,7,,6,9,,2,4,,5,9,,5,9,,5,9,,5,9,,0,0,,0,0,,0,0,,0,0,,66,66,,5,8,,3,5,,2,2,,1,3,,4,6,,6,10,,5,8,,8,12,,12,17,,16,20,,12,15,,20,29,,10,16,,5,7,,8,12,,12,18,,4,4,,0,0,,3,7,,24,24,,0,0,,0,0,,21,21,,0,0,,2,4,,7,10,,5,7,,10,12,,1,3,,5,7,,0,0,,1,2,,0,0,,4,4,,5,5,,15,15,,66,66,,15,15,,0,0,,0,0"/>
    <property name="SleeperVolumeGameStageAdjust" value=",,,,,,,,,,,,,,,,,,,,,,,,,,,,,,,,,,,,,,,,,,,,,,,,,,,,,,,,,,"/>
    <property name="SleeperIsLootVolume" value="False,False,False,False,False,False,False,False,False,False,False,False,False,False,False,False,False,False,False,False,False,False,False,False,False,False,False,False,False,False,False,False,False,False,False,False,False,False,False,False,False,False,False,False,False,False,False,False,False,False,False,False,False,False,False,False,False,False,False"/>
    <property name="SleeperIsQuestExclude" value="False,False,False,False,False,False,False,False,False,False,False,False,False,False,False,False,False,False,False,False,False,False,False,False,False,False,False,False,False,False,False,False,False,False,False,False,False,False,False,False,False,False,False,False,False,False,False,False,False,False,False,False,False,False,False,False,False,False,False"/>
    <property name="SleeperVolumeFlags" value="0,0,0,0,2,2,0,0,0,2,2,2,2,2,2,2,2,2,2,2,0,0,0,0,0,2,0,0,0,0,0,0,0,0,0,2,2,0,2,2,2,2,2,0,2,0,0,0,0,2,0,2,2,2,2,2,2,2,2"/>
    <property name="SleeperVolumeGroupId" value="0,0,0,0,5,11,0,0,0,6,1,4,3,2,3,2,1,4,0,0,0,0,0,0,0,0,0,0,0,0,0,0,0,0,0,8,8,0,9,9,9,10,10,0,0,0,0,0,0,5,0,11,0,0,0,0,0,6,10"/>
    <property name="ShowQuestClearCount" value="0,0,0,0,0,0,0,0,0,0,0,0,0,0,0,0,0,0,0,0,0,0,0,0,0,0,0,0,0,0,0,0,0,0,0,0,0,0,0,0,0,0,0,0,0,0,0,0,0,0,0,0,0,0,0,0,0,0,0"/>
</prefab>
