<?xml version="1.0" encoding="UTF-8"?>
<prefab>
    <property name="CopyAirBlocks" value="True"/>
    <property name="AllowTopSoilDecorations" value="True"/>
    <property name="ExcludeDistantPOIMesh" value="False"/>
    <property name="ExcludePOICulling" value="False"/>
    <property name="QuestTags" value="clear,fetch"/>
    <property name="DifficultyTier" value="5"/>
    <property name="Zoning" value="Downtown,Residential"/>
    <property name="RotationToFaceNorth" value="1"/>
    <property name="YOffset" value="-3"/>
    <property name="DistantPOIYOffset" value="0"/>
    <property name="AllowedBiomes" value="wasteland"/>
    <property name="AllowedTownships" value="city"/>
    <property name="EditorGroups" value="downtown"/>
    <property name="SleeperVolumeStart" value="13, 3, 4#19, 2, 4#25, 2, 4#31, 3, 4#37, 3, 4#2, 3, 14#2, 3, 20#11, 3, 20#23, 17, 11#23, 24, 20#23, 40, 20#23, 32, 11#23, 9, 20#15, 13, 20#24, 21, 20#15, 29, 20#24, 37, 20#15, 45, 20#15, 49, 20#37, 3, 34"/>
    <property name="SleeperVolumeSize" value="5, 2, 9#5, 2, 9#5, 2, 9#5, 2, 15#5, 2, 15#8, 2, 5#8, 2, 17#24, 6, 17#10, 3, 19#10, 3, 19#10, 3, 19#10, 3, 19#10, 3, 19#18, 3, 10#18, 3, 10#18, 3, 10#18, 3, 10#18, 3, 10#18, 3, 10#12, 2, 6"/>
    <property name="SleeperVolumeGroup" value=",1,2,,1,1,,1,2,,1,2,,1,1,,1,2,,3,4,,4,7,,1,2,,1,2,,2,4,,1,2,,2,3,,1,2,,2,4,,2,3,,4,7,,7,9,,2,3,,1,2"/>
    <property name="SleeperVolumeGameStageAdjust" value=",,,,,,,,,,,,,,,,,,,"/>
    <property name="SleeperIsLootVolume" value="False,False,False,False,False,False,False,False,False,False,False,False,False,False,False,False,False,False,False,False"/>
    <property name="SleeperIsQuestExclude" value="False,False,False,False,False,False,False,False,False,False,False,False,False,False,False,False,False,False,False,False"/>
    <property name="SleeperVolumeFlags" value="0,0,0,0,0,0,0,0,0,0,0,0,0,0,0,0,0,0,0,0"/>
    <property name="SleeperVolumeGroupId" value="0,0,0,0,0,0,0,0,0,0,0,0,0,0,0,0,0,0,0,0"/>
    <property name="ShowQuestClearCount" value="0,0,0,0,0,0,0,0,0,0,0,0,0,0,0,0,0,0,0,0"/>
</prefab>
