<?xml version="1.0" encoding="UTF-8"?>
<prefab>
    <property name="CopyAirBlocks" value="True"/>
    <property name="AllowTopSoilDecorations" value="True"/>
    <property name="ExcludeDistantPOIMesh" value="False"/>
    <property name="ExcludePOICulling" value="False"/>
    <property name="DifficultyTier" value="3"/>
    <property name="Zoning" value="Residential"/>
    <property name="RotationToFaceNorth" value="0"/>
    <property name="YOffset" value="-4"/>
    <property name="DistantPOIYOffset" value="0"/>
    <property name="AllowedBiomes" value="burnt_forest,wasteland"/>
    <property name="AllowedTownships" value="city"/>
    <property name="EditorGroups" value="house old"/>
    <property name="SleeperVolumeStart" value="19, 1, 9#35, 1, 9#8, 1, 11#40, 5, 12#18, 5, 10#11, 5, 8#18, 10, 11#16, 10, 9#7, 10, 8#8, 15, 9#30, 15, 13#40, 15, 15#33, 15, 9#6, 19, 6"/>
    <property name="SleeperVolumeSize" value="16, 3, 15#10, 3, 15#10, 3, 13#6, 3, 13#22, 3, 16#7, 3, 5#12, 4, 13#18, 4, 5#8, 3, 16#6, 4, 15#10, 3, 11#5, 3, 9#13, 3, 5#41, 5, 20"/>
    <property name="SleeperVolumeGroup" value=",6,7,,1,2,,1,1,,1,2,,5,6,,1,1,,1,2,,1,1,,1,1,,1,1,,1,1,,5,6,,1,1,,2,3"/>
    <property name="SleeperVolumeGameStageAdjust" value=",,,,,,,,,,,,,"/>
    <property name="SleeperIsLootVolume" value="False,False,False,False,False,False,False,False,False,False,False,False,False,False"/>
    <property name="SleeperIsQuestExclude" value="False,False,False,False,False,False,False,False,False,False,False,False,False,False"/>
    <property name="SleeperVolumeFlags" value="0,0,0,0,0,0,0,0,0,0,0,0,0,0"/>
    <property name="SleeperVolumeGroupId" value="0,0,0,0,0,0,0,0,0,0,0,0,0,0"/>
    <property name="ShowQuestClearCount" value="0,0,0,0,0,0,0,0,0,0,0,0,0,0"/>
</prefab>
