<?xml version="1.0" encoding="UTF-8"?>
<prefab>
    <property name="CopyAirBlocks" value="True"/>
    <property name="AllowTopSoilDecorations" value="True"/>
    <property name="ExcludeDistantPOIMesh" value="False"/>
    <property name="ExcludePOICulling" value="False"/>
    <property name="QuestTags" value="clear,fetch,hidden_cache"/>
    <property name="DifficultyTier" value="1"/>
    <property name="Zoning" value="Downtown,Residential"/>
    <property name="RotationToFaceNorth" value="3"/>
    <property name="YOffset" value="-1"/>
    <property name="DistantPOIYOffset" value="0"/>
    <property name="AllowedBiomes" value="burnt_forest,snow,pine_forest"/>
    <property name="AllowedTownships" value="city,town"/>
    <property name="EditorGroups" value="downtown, rural"/>
    <property name="SleeperVolumeStart" value="12, 1, 1#13, 6, 1"/>
    <property name="SleeperVolumeSize" value="19, 4, 18#14, 4, 17"/>
    <property name="SleeperVolumeGroup" value=",5,7,,3,5"/>
    <property name="SleeperVolumeGameStageAdjust" value="easy,"/>
    <property name="SleeperIsLootVolume" value="False,False"/>
    <property name="SleeperIsQuestExclude" value="False,False"/>
    <property name="SleeperVolumeFlags" value="0,0"/>
    <property name="SleeperVolumeGroupId" value="0,0"/>
    <property name="ShowQuestClearCount" value="0,0"/>
</prefab>
