<?xml version="1.0" encoding="UTF-8"?>
<prefab>
    <property name="CopyAirBlocks" value="True"/>
    <property name="AllowTopSoilDecorations" value="True"/>
    <property name="ExcludeDistantPOIMesh" value="False"/>
    <property name="ExcludePOICulling" value="False"/>
    <property name="DifficultyTier" value="3"/>
    <property name="Zoning" value="Residential"/>
    <property name="RotationToFaceNorth" value="2"/>
    <property name="YOffset" value="-6"/>
    <property name="DistantPOIYOffset" value="0"/>
    <property name="AllowedBiomes" value="pine_forest,desert"/>
    <property name="AllowedTownships" value="city,rural,town,wilderness"/>
    <property name="EditorGroups" value="Wilderness, rural"/>
    <property name="SleeperVolumeStart" value="57, 2, 11#19, 2, 11#46, 6, 4#37, 6, 6#17, 6, 6#59, 6, 11#51, 11, 5"/>
    <property name="SleeperVolumeSize" value="52, 5, 22#51, 3, 16#18, 3, 14#14, 3, 21#25, 3, 21#13, 3, 16#12, 5, 15"/>
    <property name="SleeperVolumeGroup" value=",12,15,,12,15,,1,2,,1,1,,4,5,,3,4,,3,4"/>
    <property name="SleeperVolumeGameStageAdjust" value="hard,1000,,,hard,hard,hard"/>
    <property name="SleeperIsLootVolume" value="False,False,False,False,False,False,False"/>
    <property name="SleeperIsQuestExclude" value="False,False,False,False,False,False,False"/>
    <property name="SleeperVolumeFlags" value="0,0,0,0,0,0,0"/>
    <property name="SleeperVolumeGroupId" value="0,0,0,0,0,0,0"/>
    <property name="ShowQuestClearCount" value="0,0,0,0,0,0,0"/>
</prefab>
