<?xml version="1.0" encoding="UTF-8"?>
<prefab>
    <property name="CopyAirBlocks" value="True"/>
    <property name="AllowTopSoilDecorations" value="True"/>
    <property name="ExcludeDistantPOIMesh" value="False"/>
    <property name="ExcludePOICulling" value="False"/>
    <property name="QuestTags" value="clear,fetch"/>
    <property name="DifficultyTier" value="5"/>
    <property name="Zoning" value="Residential"/>
    <property name="RotationToFaceNorth" value="1"/>
    <property name="YOffset" value="-7"/>
    <property name="DistantPOIYOffset" value="0"/>
    <property name="AllowedBiomes" value="snow"/>
    <property name="AllowedTownships" value="rural,wilderness"/>
    <property name="EditorGroups" value="Wilderness, rural"/>
    <property name="SleeperVolumeStart" value="65, 0, 17#0, 7, 0#44, 7, 0#20, 7, 0#41, 7, 15#59, 7, 38#1, 16, 39#37, 15, 40#0, 12, 1#41, 1, 29#38, 19, 45#39, 23, 46#41, 27, 55"/>
    <property name="SleeperVolumeSize" value="4, 4, 8#20, 2, 38#26, 3, 15#21, 2, 38#31, 4, 23#13, 3, 33#36, 3, 33#22, 3, 31#44, 4, 40#25, 2, 13#19, 3, 25#17, 3, 24#13, 2, 12"/>
    <property name="SleeperVolumeGroup" value=",1,1,,1,4,,1,3,,5,10,,5,7,,4,6,,8,12,,5,6,,8,20,,8,10,,3,5,,1,2,,1,2"/>
    <property name="SleeperVolumeGameStageAdjust" value=",,,,,,,,,,,,"/>
    <property name="SleeperIsLootVolume" value="False,False,False,False,False,False,False,False,False,False,False,False,False"/>
    <property name="SleeperIsQuestExclude" value="False,False,False,False,False,False,False,False,False,False,False,False,False"/>
    <property name="SleeperVolumeFlags" value="0,0,0,0,0,0,0,0,0,0,0,0,0"/>
    <property name="SleeperVolumeGroupId" value="0,0,0,0,0,0,0,0,0,0,0,0,0"/>
    <property name="ShowQuestClearCount" value="0,0,0,0,0,0,0,0,0,0,0,0,0"/>
</prefab>
