<?xml version="1.0" encoding="UTF-8"?>
<prefab>
    <property name="CopyAirBlocks" value="True"/>
    <property name="AllowTopSoilDecorations" value="True"/>
    <property name="ExcludeDistantPOIMesh" value="False"/>
    <property name="ExcludePOICulling" value="False"/>
    <property name="DifficultyTier" value="1"/>
    <property name="Zoning" value="Downtown,Residential"/>
    <property name="RotationToFaceNorth" value="0"/>
    <property name="YOffset" value="-31"/>
    <property name="DistantPOIYOffset" value="0"/>
    <property name="AllowedBiomes" value="snow,pine_forest,desert"/>
    <property name="AllowedTownships" value="city"/>
    <property name="EditorGroups" value="downtown"/>
    <property name="SleeperVolumeStart" value="33, 30, 33#15, 23, 17#2, 31, 17#34, 36, 21#51, 40, 18#42, 48, 26#41, 45, 26#41, 45, 35#34, 45, 24#41, 40, 33#41, 40, 24#41, 40, 18#34, 40, 29#45, 36, 21#41, 36, 29#52, 36, 30#44, 36, 33#36, 36, 33#35, 29, 20#33, 30, 25#45, 30, 21#41, 30, 26#47, 31, 29#53, 30, 31#13, 30, 45#27, 31, 17#42, 30, 8"/>
    <property name="SleeperVolumeSize" value="14, 3, 8#36, 6, 30#23, 3, 27#11, 3, 7#7, 3, 23#10, 5, 9#14, 2, 9#17, 2, 4#6, 2, 15#10, 3, 8#10, 3, 8#10, 3, 6#6, 3, 12#11, 3, 7#11, 3, 3#7, 3, 12#7, 3, 9#8, 3, 9#9, 6, 9#8, 3, 8#12, 3, 8#1, 3, 2#1, 3, 2#3, 3, 10#21, 3, 17#9, 3, 12#22, 5, 12"/>
    <property name="SleeperVolumeGroup" value=",2,3,,5,6,,1,2,,4,4,,4,4,,4,6,,4,6,,1,3,,1,3,,1,1,,1,2,,1,2,,2,3,,2,2,,2,3,,2,3,,2,3,,1,2,,1,1,,1,3,,3,3,,1,1,,1,1,,2,2,,2,2,,1,2,,2,5"/>
    <property name="SleeperVolumeGameStageAdjust" value=",,,,,,,,,,,,,,,,,,,,,,,,,,"/>
    <property name="SleeperIsLootVolume" value="False,False,False,False,False,False,False,False,False,False,False,False,False,False,False,False,False,False,False,False,False,False,False,False,False,False,False"/>
    <property name="SleeperIsQuestExclude" value="False,False,False,False,False,False,False,False,False,False,False,False,False,False,False,False,False,False,False,False,False,False,False,False,False,False,False"/>
    <property name="SleeperVolumeFlags" value="0,0,0,0,0,2,0,0,0,0,0,0,0,0,0,0,0,0,0,0,0,2,2,0,0,0,2"/>
    <property name="SleeperVolumeGroupId" value="0,0,0,0,0,0,0,0,0,0,0,0,0,0,0,0,0,0,0,0,0,0,0,0,0,0,0"/>
    <property name="ShowQuestClearCount" value="0,0,0,0,0,0,0,0,0,0,0,0,0,0,0,0,0,0,0,0,0,0,0,0,0,0,0"/>
</prefab>
