<?xml version="1.0" encoding="UTF-8"?>
<prefab>
    <property name="CopyAirBlocks" value="True"/>
    <property name="AllowTopSoilDecorations" value="True"/>
    <property name="ExcludeDistantPOIMesh" value="False"/>
    <property name="ExcludePOICulling" value="False"/>
    <property name="QuestTags" value="clear,fetch"/>
    <property name="DifficultyTier" value="2"/>
    <property name="Zoning" value="Industrial,Residential"/>
    <property name="RotationToFaceNorth" value="1"/>
    <property name="YOffset" value="-1"/>
    <property name="DistantPOIYOffset" value="0"/>
    <property name="AllowedBiomes" value="burnt_forest,desert,wasteland"/>
    <property name="AllowedTownships" value="town"/>
    <property name="EditorGroups" value="industrial"/>
    <property name="SleeperVolumeStart" value="0, 1, 13#0, 1, 1#1, 6, 3#0, 1, 9"/>
    <property name="SleeperVolumeSize" value="19, 3, 6#18, 3, 8#17, 3, 15#19, 3, 4"/>
    <property name="SleeperVolumeGroup" value=",5,9,,3,6,,3,6,,3,4"/>
    <property name="SleeperVolumeGameStageAdjust" value="0,0,0,0"/>
    <property name="SleeperIsLootVolume" value="False,False,False,False"/>
    <property name="SleeperIsQuestExclude" value="False,False,False,False"/>
    <property name="SleeperVolumeFlags" value="0,0,0,0"/>
    <property name="SleeperVolumeGroupId" value="0,0,0,0"/>
    <property name="ShowQuestClearCount" value="0,0,0,0"/>
</prefab>
