<?xml version="1.0" encoding="UTF-8"?>
<prefab>
    <property name="CopyAirBlocks" value="True"/>
    <property name="AllowTopSoilDecorations" value="True"/>
    <property name="ExcludeDistantPOIMesh" value="False"/>
    <property name="ExcludePOICulling" value="False"/>
    <property name="DifficultyTier" value="5"/>
    <property name="Zoning" value="Residential"/>
    <property name="RotationToFaceNorth" value="3"/>
    <property name="YOffset" value="-2"/>
    <property name="DistantPOIYOffset" value="0"/>
    <property name="AllowedBiomes" value="snow,pine_forest,desert"/>
    <property name="AllowedTownships" value="city"/>
    <property name="EditorGroups" value="rural, house old, house new"/>
    <property name="SleeperVolumeStart" value="1, 2, 1#5, 3, 5#12, 7, 5#5, 7, 5#5, 7, 29#12, 7, 28#5, 3, 29#22, 3, 25#22, 3, 8#22, 7, 8#20, 7, 25#20, 11, 25#21, 11, 8#4, 11, 28#4, 11, 5#4, 7, 17#4, 2, 17#17, 2, 30#26, 2, 21"/>
    <property name="SleeperVolumeSize" value="4, 2, 46#12, 3, 12#5, 3, 13#7, 3, 12#7, 3, 12#5, 3, 13#11, 3, 12#10, 3, 13#10, 3, 13#10, 3, 13#12, 3, 13#12, 3, 13#11, 3, 13#16, 3, 13#16, 3, 13#17, 3, 12#18, 4, 12#5, 3, 13#14, 3, 4"/>
    <property name="SleeperVolumeGroup" value=",4,5,,2,3,,1,2,,3,4,,4,5,,2,3,,3,5,,2,3,,4,5,,2,3,,3,4,,2,3,,3,4,,3,4,,1,1,,3,4,,7,8,,1,2,,1,2"/>
    <property name="SleeperVolumeGameStageAdjust" value=",,,,,,,,,,,,,,,,,,"/>
    <property name="SleeperIsLootVolume" value="False,False,False,False,False,False,False,False,False,False,False,False,False,False,False,False,False,False,False"/>
    <property name="SleeperIsQuestExclude" value="False,False,False,False,False,False,False,False,False,False,False,False,False,False,False,False,False,False,False"/>
    <property name="SleeperVolumeFlags" value="0,0,0,0,0,0,0,0,0,0,0,0,0,0,0,0,0,0,0"/>
    <property name="SleeperVolumeGroupId" value="0,0,0,0,0,0,0,0,0,0,0,0,0,0,0,0,0,0,0"/>
    <property name="ShowQuestClearCount" value="0,0,0,0,0,0,0,0,0,0,0,0,0,0,0,0,0,0,0"/>
</prefab>
