<?xml version="1.0" encoding="UTF-8"?>
<prefab>
    <property name="CopyAirBlocks" value="True"/>
    <property name="AllowTopSoilDecorations" value="True"/>
    <property name="ExcludeDistantPOIMesh" value="False"/>
    <property name="ExcludePOICulling" value="False"/>
    <property name="QuestTags" value="clear,fetch"/>
    <property name="DifficultyTier" value="3"/>
    <property name="Zoning" value="ResidentialNew,Residential"/>
    <property name="RotationToFaceNorth" value="0"/>
    <property name="YOffset" value="-6"/>
    <property name="DistantPOIYOffset" value="0"/>
    <property name="AllowedBiomes" value="pine_forest"/>
    <property name="AllowedTownships" value="city"/>
    <property name="EditorGroups" value="house new"/>
    <property name="SleeperVolumeStart" value="0, 6, 1#24, 19, 36#6, 19, 36#17, 13, 29#21, 1, 32#34, 13, 29#6, 13, 29#17, 7, 22#34, 7, 24#6, 7, 30#6, 7, 22"/>
    <property name="SleeperVolumeSize" value="51, 3, 21#21, 3, 4#18, 3, 4#17, 3, 15#9, 3, 9#11, 3, 12#11, 3, 11#17, 3, 25#11, 2, 16#11, 3, 11#11, 3, 7"/>
    <property name="SleeperVolumeGroup" value=",5,9,,1,2,,1,2,,2,4,,1,1,,1,4,,3,4,,4,7,,2,6,,1,4,,2,3"/>
    <property name="SleeperVolumeGameStageAdjust" value=",,,,,,,,,,"/>
    <property name="SleeperIsLootVolume" value="False,False,False,False,False,False,False,False,False,False,False"/>
    <property name="SleeperIsQuestExclude" value="False,False,False,False,False,False,False,False,False,False,False"/>
    <property name="SleeperVolumeFlags" value="0,0,0,0,0,0,0,0,0,0,0"/>
    <property name="SleeperVolumeGroupId" value="0,0,0,0,0,0,0,0,0,0,0"/>
    <property name="ShowQuestClearCount" value="0,0,0,0,0,0,0,0,0,0,0"/>
</prefab>
