<?xml version="1.0" encoding="UTF-8"?>
<prefab>
    <property name="CopyAirBlocks" value="True"/>
    <property name="AllowTopSoilDecorations" value="True"/>
    <property name="ExcludeDistantPOIMesh" value="False"/>
    <property name="ExcludePOICulling" value="False"/>
    <property name="QuestTags" value="clear,fetch"/>
    <property name="DifficultyTier" value="2"/>
    <property name="Zoning" value="ResidentialOld,Residential"/>
    <property name="RotationToFaceNorth" value="1"/>
    <property name="YOffset" value="-1"/>
    <property name="DistantPOIYOffset" value="0"/>
    <property name="AllowedBiomes" value="wasteland"/>
    <property name="AllowedTownships" value="city,town"/>
    <property name="EditorGroups" value="rural"/>
    <property name="SleeperVolumeStart" value="12, 2, 18#22, 2, 41#26, 2, 26#7, 6, 11#18, 10, 22#19, 6, 19#10, 10, 12#23, 10, 13#12, 2, 14#18, 6, 34#9, 5, 30#25, 2, 12"/>
    <property name="SleeperVolumeSize" value="11, 2, 18#7, 2, 7#7, 2, 5#3, 2, 6#8, 4, 18#14, 2, 13#12, 2, 7#5, 2, 9#11, 2, 3#8, 3, 7#6, 3, 14#8, 2, 11"/>
    <property name="SleeperVolumeGroup" value=",2,4,,1,1,,1,3,,1,1,,2,4,,2,3,,1,3,,1,2,,1,2,,2,2,,2,3,,2,3"/>
    <property name="SleeperVolumeGameStageAdjust" value="0,0,0,0,0,0,0,0,,,,"/>
    <property name="SleeperIsLootVolume" value="False,False,False,False,False,False,False,False,False,False,False,False"/>
    <property name="SleeperIsQuestExclude" value="False,False,False,False,False,False,False,False,False,False,False,False"/>
    <property name="SleeperVolumeFlags" value="0,0,0,0,0,0,0,0,0,0,0,0"/>
    <property name="SleeperVolumeGroupId" value="0,0,0,0,0,0,0,0,0,0,0,0"/>
    <property name="ShowQuestClearCount" value="0,0,0,0,0,0,0,0,0,0,0,0"/>
</prefab>
