<?xml version="1.0" encoding="UTF-8"?>
<prefab>
    <property name="CopyAirBlocks" value="True"/>
    <property name="AllowTopSoilDecorations" value="True"/>
    <property name="ExcludeDistantPOIMesh" value="False"/>
    <property name="ExcludePOICulling" value="False"/>
    <property name="QuestTags" value="clear,fetch"/>
    <property name="DifficultyTier" value="3"/>
    <property name="Zoning" value="ResidentialOld,Residential"/>
    <property name="RotationToFaceNorth" value="2"/>
    <property name="YOffset" value="-8"/>
    <property name="DistantPOIYOffset" value="0"/>
    <property name="Condition" value="Old"/>
    <property name="Age" value="Old"/>
    <property name="AllowedBiomes" value="desert"/>
    <property name="AllowedTownships" value="rural,wilderness"/>
    <property name="DisallowedBiomes" value="burnt_forest,snow,pine_forest,wasteland"/>
    <property name="EditorGroups" value="Wilderness"/>
    <property name="SleeperVolumeStart" value="10, 1, 4#4, 1, 4#10, 1, 10#3, 4, 4#0, 8, 0#3, 8, 4#16, 8, 0#5, 7, 0#10, 7, 0#1, 8, 2#2, 8, 19#10, 8, 19#19, 8, 5#9, 16, 9#10, 16, 10"/>
    <property name="SleeperVolumeSize" value="7, 3, 6#6, 3, 13#7, 3, 7#14, 4, 14#5, 3, 4#15, 8, 14#5, 3, 4#6, 5, 3#6, 5, 3#1, 3, 18#9, 3, 1#10, 3, 1#1, 3, 14#2, 1, 2#2, 1, 2"/>
    <property name="SleeperVolumeGroup" value=",2,3,,3,4,,3,4,,4,12,,4,7,,2,5,,2,3,,1,2,,1,2,,0,0,,0,0,,0,0,,0,0,,1,2,,1,2"/>
    <property name="SleeperVolumeGameStageAdjust" value=",,,0,0,0,,,,,,,,,"/>
    <property name="SleeperIsLootVolume" value="False,False,False,False,False,False,False,False,False,False,False,False,False,False,False"/>
    <property name="SleeperIsQuestExclude" value="False,False,False,False,False,False,False,False,False,False,False,False,False,False,False"/>
    <property name="SleeperVolumeFlags" value="0,0,0,0,0,0,0,0,0,0,0,0,0,0,0"/>
    <property name="SleeperVolumeGroupId" value="0,0,0,0,2,0,1,2,1,2,2,1,1,2,2"/>
    <property name="ShowQuestClearCount" value="0,0,0,0,0,0,0,0,0,0,0,0,0,0,0"/>
</prefab>
