<?xml version="1.0" encoding="UTF-8"?>
<prefab>
    <property name="CopyAirBlocks" value="True"/>
    <property name="AllowTopSoilDecorations" value="True"/>
    <property name="ExcludeDistantPOIMesh" value="False"/>
    <property name="ExcludePOICulling" value="False"/>
    <property name="DifficultyTier" value="3"/>
    <property name="Zoning" value="ResidentialNew,Residential"/>
    <property name="RotationToFaceNorth" value="2"/>
    <property name="YOffset" value="-5"/>
    <property name="DistantPOIYOffset" value="0"/>
    <property name="AllowedBiomes" value="snow,pine_forest,desert"/>
    <property name="AllowedTownships" value="city"/>
    <property name="EditorGroups" value="house new, House medium, house old, HOUSE CONST"/>
    <property name="SleeperVolumeStart" value="13, 24, 11#13, 2, 2#1, 6, 4#14, 13, 5#14, 19, 6#0, 1, 26#0, 2, 6"/>
    <property name="SleeperVolumeSize" value="23, 3, 31#24, 2, 42#35, 3, 39#22, 3, 38#22, 3, 37#12, 3, 17#13, 2, 18"/>
    <property name="SleeperVolumeGroup" value=",5,8,,6,8,,10,15,,8,10,,8,10,,1,2,,2,3"/>
    <property name="SleeperVolumeGameStageAdjust" value=",,,,,,"/>
    <property name="SleeperIsLootVolume" value="False,False,False,False,False,False,False"/>
    <property name="SleeperIsQuestExclude" value="False,False,False,False,False,False,False"/>
    <property name="SleeperVolumeFlags" value="0,0,0,0,0,0,0"/>
    <property name="SleeperVolumeGroupId" value="0,0,0,0,0,0,0"/>
    <property name="ShowQuestClearCount" value="0,0,0,0,0,0,0"/>
</prefab>
