<?xml version="1.0" encoding="UTF-8"?>
<prefab>
    <property name="CopyAirBlocks" value="True"/>
    <property name="AllowTopSoilDecorations" value="True"/>
    <property name="ExcludeDistantPOIMesh" value="False"/>
    <property name="ExcludePOICulling" value="False"/>
    <property name="QuestTags" value="clear,fetch"/>
    <property name="DifficultyTier" value="2"/>
    <property name="Zoning" value="ResidentialNew,Residential"/>
    <property name="RotationToFaceNorth" value="3"/>
    <property name="YOffset" value="-1"/>
    <property name="DistantPOIYOffset" value="0"/>
    <property name="AllowedBiomes" value="snow,pine_forest,desert"/>
    <property name="AllowedTownships" value="city"/>
    <property name="EditorGroups" value="house old, house new, House medium"/>
    <property name="SleeperVolumeStart" value="19, 1, 4#11, 1, 4#11, 1, 16#19, 1, 16#8, 1, 12#11, 7, 16#19, 7, 16#19, 7, 4#11, 7, 4#11, 7, 12#11, 12, 12#11, 12, 16#19, 12, 16#19, 12, 4#11, 12, 4"/>
    <property name="SleeperVolumeSize" value="7, 5, 8#7, 5, 8#7, 5, 8#7, 5, 8#18, 5, 4#7, 4, 8#7, 4, 8#7, 4, 8#7, 4, 8#15, 4, 4#15, 4, 4#7, 4, 8#7, 4, 8#7, 4, 8#7, 4, 8"/>
    <property name="SleeperVolumeGroup" value=",2,3,,1,2,,2,3,,1,2,,2,3,,1,2,,1,2,,1,2,,1,2,,1,2,,1,2,,1,2,,1,2,,1,2,,1,2"/>
    <property name="SleeperVolumeGameStageAdjust" value=",,,,,,,,,,,,,,"/>
    <property name="SleeperIsLootVolume" value="False,False,False,False,False,False,False,False,False,False,False,False,False,False,False"/>
    <property name="SleeperIsQuestExclude" value="False,False,False,False,False,False,False,False,False,False,False,False,False,False,False"/>
    <property name="SleeperVolumeFlags" value="0,0,0,0,0,0,0,0,0,0,0,0,0,0,0"/>
    <property name="SleeperVolumeGroupId" value="0,0,0,0,0,0,0,0,0,0,0,0,0,0,0"/>
    <property name="ShowQuestClearCount" value="0,0,0,0,0,0,0,0,0,0,0,0,0,0,0"/>
</prefab>
