<?xml version="1.0" encoding="UTF-8"?>
<prefab>
    <property name="CopyAirBlocks" value="True"/>
    <property name="AllowTopSoilDecorations" value="True"/>
    <property name="ExcludeDistantPOIMesh" value="False"/>
    <property name="ExcludePOICulling" value="False"/>
    <property name="QuestTags" value="clear,fetch"/>
    <property name="DifficultyTier" value="3"/>
    <property name="Zoning" value="Residential"/>
    <property name="RotationToFaceNorth" value="2"/>
    <property name="YOffset" value="-15"/>
    <property name="DistantPOIYOffset" value="0"/>
    <property name="AllowedBiomes" value="snow,pine_forest"/>
    <property name="AllowedTownships" value="city,rural,town"/>
    <property name="EditorGroups" value="wilderness, house old, rural, house new, House medium"/>
    <property name="SleeperVolumeStart" value="6, 20, 18#2, 15, 1#6, 16, 18#6, 25, 18#0, 1, 39#26, 15, 18#2, 14, 38"/>
    <property name="SleeperVolumeSize" value="32, 4, 20#41, 4, 17#20, 3, 20#23, 4, 15#22, 10, 23#12, 3, 15#41, 4, 23"/>
    <property name="SleeperVolumeGroup" value=",8,11,,1,2,,4,6,,4,6,,4,5,,4,6,,3,4"/>
    <property name="SleeperVolumeGameStageAdjust" value=",,,,,,"/>
    <property name="SleeperIsLootVolume" value="False,False,False,False,False,False,False"/>
    <property name="SleeperIsQuestExclude" value="False,False,False,False,False,False,False"/>
    <property name="SleeperVolumeFlags" value="0,0,0,2,2,0,0"/>
    <property name="SleeperVolumeGroupId" value="0,0,0,0,0,0,0"/>
    <property name="ShowQuestClearCount" value="0,0,0,0,0,0,0"/>
</prefab>
