<?xml version="1.0" encoding="UTF-8"?>
<prefab>
    <property name="CopyAirBlocks" value="True"/>
    <property name="AllowTopSoilDecorations" value="True"/>
    <property name="ExcludeDistantPOIMesh" value="False"/>
    <property name="ExcludePOICulling" value="False"/>
    <property name="DifficultyTier" value="1"/>
    <property name="Zoning" value="Residential"/>
    <property name="RotationToFaceNorth" value="0"/>
    <property name="YOffset" value="-1"/>
    <property name="DistantPOIYOffset" value="0"/>
    <property name="AllowedBiomes" value="snow"/>
    <property name="AllowedTownships" value="rural,town"/>
    <property name="EditorGroups" value="rural, house old"/>
    <property name="SleeperVolumeStart" value="2, 1, 1"/>
    <property name="SleeperVolumeSize" value="21, 8, 18"/>
    <property name="SleeperVolumeGroup" value=",1,2"/>
    <property name="SleeperVolumeGameStageAdjust" value=""/>
    <property name="SleeperIsLootVolume" value="False"/>
    <property name="SleeperIsQuestExclude" value="False"/>
    <property name="SleeperVolumeFlags" value="0"/>
    <property name="SleeperVolumeGroupId" value="0"/>
    <property name="ShowQuestClearCount" value="1"/>
</prefab>
