<?xml version="1.0" encoding="UTF-8"?>
<prefab>
    <property name="CopyAirBlocks" value="True"/>
    <property name="AllowTopSoilDecorations" value="True"/>
    <property name="ExcludeDistantPOIMesh" value="False"/>
    <property name="ExcludePOICulling" value="False"/>
    <property name="DifficultyTier" value="5"/>
    <property name="Zoning" value="Residential"/>
    <property name="RotationToFaceNorth" value="3"/>
    <property name="YOffset" value="-28"/>
    <property name="DistantPOIYOffset" value="0"/>
    <property name="AllowedBiomes" value="snow,pine_forest,desert"/>
    <property name="AllowedTownships" value="rural,town,wilderness"/>
    <property name="EditorGroups" value="house old, rural, Wilderness"/>
    <property name="SleeperVolumeStart" value="3, 23, 3#2, 28, 23#3, 20, 4#3, 16, 3#3, 12, 4#12, 28, 23#23, 29, 23#30, 28, 4#3, 28, 4#3, 8, 4#2, 4, 4"/>
    <property name="SleeperVolumeSize" value="36, 5, 29#7, 8, 12#35, 2, 28#35, 4, 29#35, 4, 28#7, 7, 10#6, 3, 10#10, 6, 10#16, 2, 10#35, 3, 28#36, 4, 29"/>
    <property name="SleeperVolumeGroup" value=",9,9,,1,7,,12,20,,20,28,,12,25,,1,5,,1,5,,1,4,,1,2,,8,16,,25,32"/>
    <property name="SleeperVolumeGameStageAdjust" value=",,,,,,,,,,"/>
    <property name="SleeperIsLootVolume" value="False,False,False,False,False,False,False,False,False,False,False"/>
    <property name="SleeperIsQuestExclude" value="False,False,False,False,False,False,False,False,False,False,False"/>
    <property name="SleeperVolumeFlags" value="0,0,0,0,0,0,0,0,0,0,2"/>
    <property name="SleeperVolumeGroupId" value="0,0,0,0,0,0,0,0,0,0,0"/>
    <property name="ShowQuestClearCount" value="0,0,0,0,0,0,0,0,0,0,0"/>
</prefab>
