<?xml version="1.0" encoding="UTF-8"?>
<prefab>
    <property name="CopyAirBlocks" value="True"/>
    <property name="AllowTopSoilDecorations" value="True"/>
    <property name="ExcludeDistantPOIMesh" value="False"/>
    <property name="ExcludePOICulling" value="False"/>
    <property name="QuestTags" value="clear,fetch"/>
    <property name="DifficultyTier" value="5"/>
    <property name="Zoning" value="ResidentialOld,Residential"/>
    <property name="RotationToFaceNorth" value="2"/>
    <property name="YOffset" value="-7"/>
    <property name="DistantPOIYOffset" value="0"/>
    <property name="AllowedBiomes" value="pine_forest"/>
    <property name="AllowedTownships" value="wilderness"/>
    <property name="EditorGroups" value="Wilderness"/>
    <property name="SleeperVolumeStart" value="85, 8, 42#75, 14, 76#63, 8, 66#102, 8, 50#118, 13, 58#130, 14, 58#117, 11, 65#102, 11, 89#129, 10, 89#129, 14, 89#128, 20, 91#63, 15, 65#66, 20, 66#91, 7, 67#84, 10, 74#100, 7, 74#103, 15, 74#84, 14, 84#84, 11, 84#84, 19, 87#90, 21, 76#82, 21, 76#81, 29, 83#85, 21, 67#93, 27, 76#87, 6, 84#87, 2, 68#85, 2, 74#27, 5, 89#15, 5, 100#14, 8, 101#75, 8, 42#85, 8, 49#85, 13, 40#86, 8, 40#72, 13, 42#83, 19, 40#68, 16, 48#64, 8, 48#130, 11, 58#79, 7, 0#14, 14, 102#91, 16, 68"/>
    <property name="SleeperVolumeSize" value="15, 5, 7#9, 5, 14#20, 6, 28#16, 12, 24#12, 3, 5#10, 8, 7#22, 7, 24#27, 5, 14#10, 4, 12#11, 6, 11#9, 15, 9#11, 4, 22#9, 4, 23#5, 6, 6#18, 8, 10#17, 8, 15#14, 12, 11#19, 5, 10#18, 3, 11#7, 10, 8#13, 3, 14#9, 8, 11#12, 4, 7#18, 8, 9#10, 10, 10#14, 2, 7#15, 3, 21#4, 3, 16#12, 4, 28#12, 3, 17#13, 6, 13#10, 4, 25#12, 15, 18#19, 6, 9#6, 11, 2#13, 6, 6#11, 5, 9#7, 4, 12#10, 8, 17#10, 3, 8#19, 14, 40#9, 3, 11#5, 3, 5"/>
    <property name="SleeperVolumeGroup" value=",1,5,,1,2,,6,11,,8,11,,1,2,,1,4,,3,8,,2,5,,1,4,,2,4,,1,1,,4,8,,7,9,,1,2,,9,13,,5,12,,5,11,,1,5,,1,2,,1,1,,2,6,,2,5,,1,2,,7,9,,8,16,,1,1,,10,13,,1,1,,1,2,,2,5,,2,5,,1,3,,2,5,,5,13,,3,4,,2,4,,2,2,,1,2,,1,4,,2,3,,6,13,,1,2,,5,6"/>
    <property name="SleeperVolumeGameStageAdjust" value=",,,,,,,,,,,,,,,,,,,,,,,,,,,,,,,,,,,,,,,,,,"/>
    <property name="SleeperIsLootVolume" value="False,False,False,False,False,False,False,False,False,False,True,False,False,False,False,False,False,False,False,False,True,True,False,True,True,False,False,False,True,False,False,False,False,False,False,False,False,False,False,False,False,True,False"/>
    <property name="SleeperIsQuestExclude" value="False,False,False,False,False,False,False,False,False,False,False,False,False,False,False,False,False,False,False,False,False,False,False,False,False,False,False,False,False,False,False,False,False,False,False,False,False,False,False,False,False,False,False"/>
    <property name="SleeperVolumeFlags" value="0,0,0,0,0,0,0,0,0,0,2,0,2,0,0,0,0,0,0,0,0,2,0,0,0,0,0,0,2,0,0,0,0,0,0,0,0,0,0,0,0,0,0"/>
    <property name="SleeperVolumeGroupId" value="0,0,0,0,0,0,0,0,0,0,0,0,0,0,0,0,0,0,0,0,0,0,0,0,0,0,0,0,0,0,0,0,0,0,0,0,0,0,0,0,0,0,0"/>
    <property name="ShowQuestClearCount" value="0,0,0,0,0,0,0,0,0,0,0,0,0,0,0,0,0,0,0,0,0,0,0,0,0,0,0,0,0,0,0,0,0,0,0,0,0,0,0,0,0,0,0"/>
</prefab>
