<?xml version="1.0" encoding="UTF-8"?>
<prefab>
    <property name="CopyAirBlocks" value="True"/>
    <property name="AllowTopSoilDecorations" value="True"/>
    <property name="ExcludeDistantPOIMesh" value="False"/>
    <property name="ExcludePOICulling" value="False"/>
    <property name="QuestTags" value="clear,fetch"/>
    <property name="DifficultyTier" value="5"/>
    <property name="Zoning" value="ResidentialOld,Residential"/>
    <property name="RotationToFaceNorth" value="2"/>
    <property name="YOffset" value="-21"/>
    <property name="DistantPOIYOffset" value="0"/>
    <property name="MaxPerHub" value="1"/>
    <property name="AllowedBiomes" value="burnt_forest,wasteland"/>
    <property name="AllowedTownships" value="rural,town"/>
    <property name="EditorGroups" value="rural"/>
    <property name="SleeperVolumeStart" value="1, 21, 1#1, 21, 11#11, 21, 25#30, 21, 11#11, 21, 11#12, 25, 6#17, 13, 11#16, 13, 2#4, 1, 18#13, 1, 18#22, 1, 18#30, 1, 18#5, 1, 11#16, 1, 2#19, 8, 11#3, 8, 17#25, 8, 17"/>
    <property name="SleeperVolumeSize" value="43, 3, 10#10, 3, 33#33, 3, 19#14, 3, 14#19, 5, 14#12, 4, 11#7, 3, 16#10, 3, 9#8, 3, 23#8, 3, 23#7, 3, 23#8, 3, 23#37, 3, 6#25, 9, 8#5, 4, 19#15, 3, 13#14, 3, 13"/>
    <property name="SleeperVolumeGroup" value=",5,7,,4,5,,5,7,,1,3,,2,6,,1,2,,2,3,,1,2,,1,2,,1,2,,1,2,,1,3,,4,5,,4,6,,3,3,,3,5,,3,5"/>
    <property name="SleeperVolumeGameStageAdjust" value=",,,,,,,,,,,,,,,,"/>
    <property name="SleeperIsLootVolume" value="False,False,False,False,False,False,False,False,False,False,False,False,False,False,False,False,False"/>
    <property name="SleeperIsQuestExclude" value="False,False,False,False,False,False,False,False,False,False,False,False,False,False,False,False,False"/>
    <property name="SleeperVolumeFlags" value="0,0,0,0,0,0,0,0,0,0,0,0,0,0,0,0,0"/>
    <property name="SleeperVolumeGroupId" value="0,0,0,0,0,0,0,0,0,0,0,0,0,0,0,0,0"/>
    <property name="ShowQuestClearCount" value="0,0,0,0,0,0,0,0,0,0,0,0,0,0,0,0,0"/>
</prefab>
