<?xml version="1.0" encoding="UTF-8"?>
<prefab>
    <property name="CopyAirBlocks" value="True"/>
    <property name="AllowTopSoilDecorations" value="True"/>
    <property name="ExcludeDistantPOIMesh" value="True"/>
    <property name="ExcludePOICulling" value="False"/>
    <property name="QuestTags" value="clear,fetch"/>
    <property name="DifficultyTier" value="1"/>
    <property name="Zoning" value="Residential"/>
    <property name="RotationToFaceNorth" value="2"/>
    <property name="YOffset" value="-6"/>
    <property name="DistantPOIYOffset" value="0"/>
    <property name="MaxPerHub" value="1"/>
    <property name="AllowedBiomes" value="desert"/>
    <property name="AllowedTownships" value="rural,wilderness"/>
    <property name="EditorGroups" value="Wilderness, rural"/>
    <property name="SleeperVolumeStart" value="0, 0, 0#0, 6, 0"/>
    <property name="SleeperVolumeSize" value="11, 5, 11#10, 5, 11"/>
    <property name="SleeperVolumeGroup" value=",2,4,,1,3"/>
    <property name="SleeperVolumeGameStageAdjust" value=","/>
    <property name="SleeperIsLootVolume" value="False,False"/>
    <property name="SleeperIsQuestExclude" value="False,False"/>
    <property name="SleeperVolumeFlags" value="0,0"/>
    <property name="SleeperVolumeGroupId" value="0,0"/>
    <property name="ShowQuestClearCount" value="0,0"/>
</prefab>
