<?xml version="1.0" encoding="UTF-8"?>
<prefab>
    <property name="CopyAirBlocks" value="True"/>
    <property name="AllowTopSoilDecorations" value="True"/>
    <property name="ExcludeDistantPOIMesh" value="False"/>
    <property name="ExcludePOICulling" value="False"/>
    <property name="QuestTags" value="clear,fetch"/>
    <property name="DifficultyTier" value="1"/>
    <property name="Zoning" value="ResidentialNew,Residential"/>
    <property name="RotationToFaceNorth" value="3"/>
    <property name="YOffset" value="-1"/>
    <property name="DistantPOIYOffset" value="0"/>
    <property name="AllowedBiomes" value="desert"/>
    <property name="AllowedTownships" value="city,rural,town"/>
    <property name="EditorGroups" value="house new, house old, rural"/>
    <property name="SleeperVolumeStart" value="8, 1, 6#0, 1, 0#0, 1, 6#11, 2, 13#18, 0, 6#0, 1, 18#4, 4, 5#6, 8, 11"/>
    <property name="SleeperVolumeSize" value="10, 3, 7#24, 3, 6#8, 3, 12#7, 2, 5#6, 4, 19#18, 3, 7#13, 4, 15#8, 6, 9"/>
    <property name="SleeperVolumeGroup" value=",1,2,,2,3,,2,3,,1,2,,3,4,,2,3,,1,2,,1,3"/>
    <property name="SleeperVolumeGameStageAdjust" value=",0,0,0,0,0,0,0"/>
    <property name="SleeperIsLootVolume" value="False,False,False,False,False,False,False,False"/>
    <property name="SleeperIsQuestExclude" value="False,False,False,False,False,False,False,False"/>
    <property name="SleeperVolumeFlags" value="0,0,0,2,0,2,2,0"/>
    <property name="SleeperVolumeGroupId" value="0,0,0,0,0,0,0,0"/>
    <property name="ShowQuestClearCount" value="0,0,0,0,0,0,0,0"/>
</prefab>
