<?xml version="1.0" encoding="UTF-8"?>
<prefab>
    <property name="CopyAirBlocks" value="True"/>
    <property name="AllowTopSoilDecorations" value="True"/>
    <property name="ExcludeDistantPOIMesh" value="False"/>
    <property name="ExcludePOICulling" value="False"/>
    <property name="DifficultyTier" value="2"/>
    <property name="Zoning" value="Commercial,Residential"/>
    <property name="RotationToFaceNorth" value="2"/>
    <property name="YOffset" value="-1"/>
    <property name="DistantPOIYOffset" value="0"/>
    <property name="AllowedBiomes" value="desert"/>
    <property name="AllowedTownships" value="city,rural,town"/>
    <property name="EditorGroups" value="commercial, rural, downtown"/>
    <property name="SleeperVolumeStart" value="3, 0, 1#6, 1, 6#14, 1, 6#36, 1, 6#27, 7, 15#28, 7, 7#6, 7, 15#6, 7, 7#12, 7, 7#8, 7, 4#6, 12, 7"/>
    <property name="SleeperVolumeSize" value="42, 3, 5#8, 3, 17#22, 3, 17#6, 3, 17#18, 3, 10#15, 3, 8#21, 3, 8#6, 3, 8#16, 3, 8#27, 3, 3#35, 4, 17"/>
    <property name="SleeperVolumeGroup" value=",1,3,,1,2,,4,6,,1,2,,1,1,,1,2,,1,2,,0,1,,3,4,,3,5,,4,5"/>
    <property name="SleeperVolumeGameStageAdjust" value=",,,,,,,,,,"/>
    <property name="SleeperIsLootVolume" value="False,False,False,False,False,False,False,False,False,False,False"/>
    <property name="SleeperIsQuestExclude" value="False,False,False,False,False,False,False,False,False,False,False"/>
    <property name="SleeperVolumeFlags" value="0,0,0,0,0,0,0,0,0,0,0"/>
    <property name="SleeperVolumeGroupId" value="0,0,0,0,0,0,0,0,0,0,0"/>
    <property name="ShowQuestClearCount" value="0,0,0,0,0,0,0,0,0,0,0"/>
</prefab>
