<?xml version="1.0" encoding="UTF-8"?>
<prefab>
    <property name="CopyAirBlocks" value="True"/>
    <property name="AllowTopSoilDecorations" value="True"/>
    <property name="ExcludeDistantPOIMesh" value="False"/>
    <property name="ExcludePOICulling" value="False"/>
    <property name="QuestTags" value="clear,fetch"/>
    <property name="DifficultyTier" value="3"/>
    <property name="Zoning" value="ResidentialNew,Residential"/>
    <property name="RotationToFaceNorth" value="0"/>
    <property name="YOffset" value="-7"/>
    <property name="DistantPOIYOffset" value="0"/>
    <property name="AllowedBiomes" value="snow,pine_forest,desert"/>
    <property name="AllowedTownships" value="city"/>
    <property name="EditorGroups" value="house new, House medium, house old, HOUSE CONST"/>
    <property name="SleeperVolumeStart" value="2, 2, 14#14, 4, 16#2, 8, 14#4, 6, 1#2, 12, 14#2, 17, 14#15, 19, 22"/>
    <property name="SleeperVolumeSize" value="18, 4, 17#6, 2, 3#18, 3, 17#20, 3, 11#18, 4, 17#18, 4, 17#4, 2, 7"/>
    <property name="SleeperVolumeGroup" value=",3,9,,1,3,,5,10,,2,3,,8,10,,5,8,,1,1"/>
    <property name="SleeperVolumeGameStageAdjust" value="easy,,,,,,"/>
    <property name="SleeperIsLootVolume" value="False,True,False,False,False,False,True"/>
    <property name="SleeperIsQuestExclude" value="False,False,False,False,False,False,False"/>
    <property name="SleeperVolumeFlags" value="0,0,0,0,0,0,0"/>
    <property name="SleeperVolumeGroupId" value="0,0,0,0,0,0,0"/>
    <property name="ShowQuestClearCount" value="0,0,0,0,0,0,0"/>
</prefab>
