<?xml version="1.0" encoding="UTF-8"?>
<prefab>
    <property name="CopyAirBlocks" value="True"/>
    <property name="AllowTopSoilDecorations" value="True"/>
    <property name="ExcludeDistantPOIMesh" value="False"/>
    <property name="ExcludePOICulling" value="False"/>
    <property name="QuestTags" value="clear,fetch"/>
    <property name="DifficultyTier" value="2"/>
    <property name="Zoning" value="Downtown,Residential"/>
    <property name="RotationToFaceNorth" value="3"/>
    <property name="YOffset" value="-2"/>
    <property name="DistantPOIYOffset" value="0"/>
    <property name="AllowedBiomes" value="snow"/>
    <property name="AllowedTownships" value="rural"/>
    <property name="EditorGroups" value="rural"/>
    <property name="SleeperVolumeStart" value="11, 2, 28#11, 2, 2#11, 1, 7#11, 7, 7#11, 12, 6#1, 2, 2#22, 2, 1#11, 7, 14"/>
    <property name="SleeperVolumeSize" value="11, 4, 4#11, 3, 4#11, 5, 20#12, 5, 6#12, 5, 22#10, 7, 30#8, 5, 31#12, 5, 14"/>
    <property name="SleeperVolumeGroup" value=",1,2,,1,2,,3,7,,1,2,,3,5,,4,7,,5,7,,3,5"/>
    <property name="SleeperVolumeGameStageAdjust" value="50,0,0,0,0,0,0,0"/>
    <property name="SleeperIsLootVolume" value="False,False,False,False,False,False,False,False"/>
    <property name="SleeperIsQuestExclude" value="False,False,False,False,False,False,False,False"/>
    <property name="SleeperVolumeFlags" value="0,0,0,0,0,0,0,0"/>
    <property name="SleeperVolumeGroupId" value="0,0,0,0,0,0,0,0"/>
    <property name="ShowQuestClearCount" value="0,0,0,0,0,0,0,0"/>
</prefab>
