<?xml version="1.0" encoding="UTF-8"?>
<prefab>
    <property name="CopyAirBlocks" value="True"/>
    <property name="AllowTopSoilDecorations" value="True"/>
    <property name="ExcludeDistantPOIMesh" value="False"/>
    <property name="ExcludePOICulling" value="False"/>
    <property name="DifficultyTier" value="1"/>
    <property name="Zoning" value="ResidentialOld,Residential"/>
    <property name="RotationToFaceNorth" value="2"/>
    <property name="YOffset" value="-8"/>
    <property name="DistantPOIYOffset" value="0"/>
    <property name="AllowedBiomes" value="snow,pine_forest,desert"/>
    <property name="AllowedTownships" value="rural,wilderness"/>
    <property name="DisallowedBiomes" value="water,radiated"/>
    <property name="EditorGroups" value="rural, Wilderness"/>
    <property name="SleeperVolumeStart" value="116, 0, 116#66, 0, 106#116, 0, 155#76, 0, 155#66, 0, 126#76, 0, 116#0, 29, 63#155, 0, 116#76, 0, 195#99, 30, 53#0, 7, 0#0, 8, 60#0, 7, 36#58, 7, 36#0, 24, 174#118, 7, 36#178, 8, 36#70, 25, 228#58, 7, 0#118, 7, 0#162, 7, 59#178, 7, 0#214, 7, 95#214, 25, 58#183, 25, 191#0, 8, 105#0, 8, 150#0, 8, 195#25, 3, 109#25, 5, 157#25, 5, 193#61, 7, 203#105, 8, 203#147, 8, 203#147, 17, 230#19, 30, 228#20, 26, 51#58, 26, 61#98, 28, 81#129, 28, 61#103, 7, 60#62, 7, 60#19, 8, 60#58, 26, 95#123, 24, 95#62, 7, 83#103, 7, 83#153, 7, 95#62, 8, 119#62, 8, 164#62, 24, 159#107, 8, 153#107, 7, 119#181, 29, 109#183, 21, 140#174, 7, 119"/>
    <property name="SleeperVolumeSize" value="39, 5, 39#100, 5, 10#39, 5, 40#40, 5, 40#10, 5, 79#40, 5, 40#20, 29, 111#9, 5, 79#89, 5, 11#30, 37, 24#58, 8, 36#18, 7, 45#58, 8, 24#60, 7, 24#19, 25, 75#60, 7, 24#54, 7, 24#77, 11, 22#60, 7, 36#60, 7, 36#70, 10, 36#54, 7, 36#18, 8, 155#18, 25, 187#25, 25, 23#27, 7, 45#25, 7, 45#25, 7, 55#36, 34, 49#35, 18, 36#35, 18, 57#44, 14, 47#42, 12, 47#67, 6, 47#66, 18, 20#41, 18, 22#38, 8, 24#40, 8, 34#31, 6, 14#64, 14, 34#60, 9, 24#41, 17, 24#41, 8, 49#65, 10, 24#47, 12, 24#41, 16, 36#50, 9, 36#61, 11, 24#45, 8, 45#45, 15, 39#25, 18, 44#67, 42, 50#67, 9, 34#33, 25, 24#25, 18, 51#39, 12, 84"/>
    <property name="SleeperVolumeGroup" value=",10,12,,5,5,,10,12,,10,12,,4,7,,12,15,,10,12,,7,9,,6,8,,8,10,,12,15,,5,6,,8,10,,12,15,,5,6,,10,12,,10,12,,8,10,,12,15,,10,12,,30,35,,10,12,,15,20,,15,20,,5,7,,5,6,,6,8,,10,12,,5,7,,6,8,,12,16,,15,20,,15,20,,12,17,,2,4,,4,6,,3,5,,2,4,,1,2,,5,9,,10,12,,3,7,,14,18,,8,12,,8,10,,12,15,,10,15,,10,12,,12,15,,12,15,,5,10,,35,45,,5,9,,5,7,,3,5,,1,3"/>
    <property name="SleeperVolumeGameStageAdjust" value="medium,250,200,250,medium,250,250,400,350,200,250,250,medium,250,medium,350,medium,250,200,medium,250,medium,medium,250,250,250,450,250,350,medium,medium,200,medium,200,350,200,250,200,350,250,200,medium,100,250,200,200,250,medium,medium,200,200,medium,250,medium,250,250"/>
    <property name="SleeperIsLootVolume" value="False,False,False,False,False,False,False,False,True,False,False,False,False,False,False,False,False,False,True,False,True,False,False,False,False,False,False,False,False,False,False,False,False,False,False,False,False,False,False,False,False,False,False,False,False,False,False,False,False,False,False,False,False,False,False,False"/>
    <property name="SleeperIsQuestExclude" value="False,False,False,False,False,False,False,False,False,False,False,False,False,False,False,False,False,False,False,False,False,False,False,False,False,False,False,False,False,False,False,False,False,False,False,False,False,False,False,False,False,False,False,False,False,False,False,False,False,False,False,False,False,False,False,False"/>
    <property name="SleeperVolumeFlags" value="0,0,0,0,0,0,0,0,0,0,0,0,0,0,0,0,0,0,0,0,0,0,0,0,0,0,0,0,0,0,0,0,0,0,0,0,0,0,0,0,0,0,0,0,0,0,0,0,0,0,0,0,0,0,0,0"/>
    <property name="SleeperVolumeGroupId" value="0,0,0,0,0,0,0,0,0,0,0,0,0,0,0,0,0,0,0,0,0,0,0,0,0,0,0,0,0,0,0,0,0,0,0,0,0,0,0,0,0,0,0,0,0,0,0,0,0,0,0,0,0,0,0,0"/>
    <property name="ShowQuestClearCount" value="0,0,0,0,0,0,0,0,0,0,0,0,0,0,0,0,0,0,0,0,0,0,0,0,0,0,0,0,0,0,0,0,0,0,0,0,0,0,0,0,0,0,0,0,0,0,0,0,0,0,0,0,0,0,0,0"/>
</prefab>
