<?xml version="1.0" encoding="UTF-8"?>
<prefab>
    <property name="CopyAirBlocks" value="True"/>
    <property name="AllowTopSoilDecorations" value="True"/>
    <property name="ExcludeDistantPOIMesh" value="False"/>
    <property name="ExcludePOICulling" value="False"/>
    <property name="QuestTags" value="clear,fetch"/>
    <property name="DifficultyTier" value="5"/>
    <property name="Zoning" value="Downtown,Residential"/>
    <property name="RotationToFaceNorth" value="0"/>
    <property name="YOffset" value="-1"/>
    <property name="DistantPOIYOffset" value="0"/>
    <property name="AllowedBiomes" value="desert,wasteland"/>
    <property name="AllowedTownships" value="rural,town"/>
    <property name="EditorGroups" value="rural"/>
    <property name="SleeperVolumeStart" value="0, 1, 33#20, 1, 38#20, 1, 33#5, 1, 11#0, 1, 1#35, 1, 1#10, 1, 5#15, 8, 21#13, 1, 14"/>
    <property name="SleeperVolumeSize" value="20, 3, 12#25, 3, 7#15, 3, 5#26, 3, 21#5, 3, 32#10, 3, 37#19, 10, 6#9, 3, 13#6, 3, 7"/>
    <property name="SleeperVolumeGroup" value=",4,6,,3,6,,4,5,,13,18,,1,3,,10,13,,4,5,,3,5,,1,2"/>
    <property name="SleeperVolumeGameStageAdjust" value=",,,,,,,,"/>
    <property name="SleeperIsLootVolume" value="False,False,False,False,False,False,False,False,True"/>
    <property name="SleeperIsQuestExclude" value="False,False,False,False,False,False,False,False,False"/>
    <property name="SleeperVolumeFlags" value="0,0,0,0,0,0,0,0,0"/>
    <property name="SleeperVolumeGroupId" value="0,0,0,0,0,0,0,0,0"/>
    <property name="ShowQuestClearCount" value="0,0,0,0,0,0,0,0,0"/>
</prefab>
