<?xml version="1.0" encoding="UTF-8"?>
<prefab>
    <property name="CopyAirBlocks" value="True"/>
    <property name="AllowTopSoilDecorations" value="False"/>
    <property name="ExcludeDistantPOIMesh" value="False"/>
    <property name="ExcludePOICulling" value="False"/>
    <property name="DifficultyTier" value="1"/>
    <property name="Zoning" value="Residential"/>
    <property name="RotationToFaceNorth" value="1"/>
    <property name="YOffset" value="-2"/>
    <property name="DistantPOIYOffset" value="0"/>
    <property name="AllowedBiomes" value="desert"/>
    <property name="AllowedTownships" value="rural"/>
    <property name="EditorGroups" value="commercial, downtown, government, rural, Wilderness"/>
    <property name="SleeperVolumeStart" value="4, 17, 3#5, 3, 24"/>
    <property name="SleeperVolumeSize" value="3, 3, 20#1, 2, 1"/>
    <property name="SleeperVolumeGroup" value=",3,4,,0,0"/>
    <property name="SleeperVolumeGameStageAdjust" value=","/>
    <property name="SleeperIsLootVolume" value="False,False"/>
    <property name="SleeperIsQuestExclude" value="False,False"/>
    <property name="SleeperVolumeFlags" value="0,0"/>
    <property name="SleeperVolumeGroupId" value="1,1"/>
    <property name="ShowQuestClearCount" value="0,0"/>
</prefab>
