<?xml version="1.0" encoding="UTF-8"?>
<prefab>
    <property name="CopyAirBlocks" value="True"/>
    <property name="AllowTopSoilDecorations" value="True"/>
    <property name="ExcludeDistantPOIMesh" value="False"/>
    <property name="ExcludePOICulling" value="False"/>
    <property name="QuestTags" value="clear,fetch"/>
    <property name="DifficultyTier" value="3"/>
    <property name="Zoning" value="ResidentialNew,Residential"/>
    <property name="RotationToFaceNorth" value="3"/>
    <property name="YOffset" value="-1"/>
    <property name="DistantPOIYOffset" value="0"/>
    <property name="AllowedBiomes" value="snow,pine_forest,desert"/>
    <property name="AllowedTownships" value="city"/>
    <property name="EditorGroups" value="house new, house old, House medium"/>
    <property name="SleeperVolumeStart" value="8, 1, 13#16, 1, 14#19, 1, 4#9, 1, 4#8, 1, 23#16, 1, 23#16, 1, 31#10, 1, 31#8, 9, 14#9, 9, 4#16, 9, 4#18, 9, 11#8, 9, 23#9, 9, 31#16, 9, 34#18, 9, 23"/>
    <property name="SleeperVolumeSize" value="8, 3, 9#9, 3, 8#6, 3, 10#10, 3, 9#8, 3, 8#9, 3, 8#9, 3, 9#6, 3, 9#9, 3, 8#7, 3, 10#9, 3, 7#7, 3, 11#9, 3, 8#7, 3, 10#9, 3, 7#7, 3, 11"/>
    <property name="SleeperVolumeGroup" value=",3,4,,3,4,,2,3,,3,4,,4,5,,4,5,,3,4,,3,4,,3,4,,2,3,,2,3,,3,4,,2,3,,2,3,,2,3,,3,4"/>
    <property name="SleeperVolumeGameStageAdjust" value=",,,,,,,,,,,,,,,"/>
    <property name="SleeperIsLootVolume" value="False,False,False,False,False,False,False,False,False,False,False,False,False,False,False,False"/>
    <property name="SleeperIsQuestExclude" value="False,False,False,False,False,False,False,False,False,False,False,False,False,False,False,False"/>
    <property name="SleeperVolumeFlags" value="0,0,0,0,0,0,0,0,0,0,0,0,0,0,0,0"/>
    <property name="SleeperVolumeGroupId" value="0,0,0,0,0,0,0,0,0,0,0,0,0,0,0,0"/>
    <property name="ShowQuestClearCount" value="0,0,0,0,0,0,0,0,0,0,0,0,0,0,0,0"/>
</prefab>
