<?xml version="1.0" encoding="UTF-8"?>
<prefab>
    <property name="CopyAirBlocks" value="True"/>
    <property name="AllowTopSoilDecorations" value="True"/>
    <property name="ExcludeDistantPOIMesh" value="False"/>
    <property name="ExcludePOICulling" value="False"/>
    <property name="QuestTags" value="clear,fetch"/>
    <property name="DifficultyTier" value="4"/>
    <property name="Zoning" value="ResidentialOld,Residential"/>
    <property name="RotationToFaceNorth" value="0"/>
    <property name="YOffset" value="-1"/>
    <property name="DistantPOIYOffset" value="0"/>
    <property name="AllowedBiomes" value="pine_forest"/>
    <property name="AllowedTownships" value="rural"/>
    <property name="EditorGroups" value="rural"/>
    <property name="SleeperVolumeStart" value="5, 10, 3#5, 4, 2#10, 1, 2#10, 4, 2#17, 1, 2#17, 6, 2#16, 11, 2#5, 1, 2#17, 1, 18"/>
    <property name="SleeperVolumeSize" value="5, 9, 5#5, 6, 9#7, 3, 7#7, 3, 7#6, 5, 7#8, 5, 26#7, 4, 16#5, 3, 10#6, 5, 9"/>
    <property name="SleeperVolumeGroup" value=",2,3,,5,6,,3,4,,2,3,,4,5,,7,8,,8,10,,2,3,,3,5"/>
    <property name="SleeperVolumeGameStageAdjust" value=",,,,,,,,"/>
    <property name="SleeperIsLootVolume" value="False,False,False,False,False,False,False,False,False"/>
    <property name="SleeperIsQuestExclude" value="False,False,False,False,False,False,False,False,False"/>
    <property name="SleeperVolumeFlags" value="0,0,0,0,0,0,0,0,0"/>
    <property name="SleeperVolumeGroupId" value="0,0,0,0,0,0,0,0,0"/>
    <property name="ShowQuestClearCount" value="1,0,0,0,0,0,0,0,0"/>
</prefab>
