<?xml version="1.0" encoding="UTF-8"?>
<prefab>
    <property name="CopyAirBlocks" value="True"/>
    <property name="AllowTopSoilDecorations" value="True"/>
    <property name="ExcludeDistantPOIMesh" value="False"/>
    <property name="ExcludePOICulling" value="False"/>
    <property name="QuestTags" value="clear,fetch"/>
    <property name="DifficultyTier" value="5"/>
    <property name="Zoning" value="Downtown,Residential"/>
    <property name="RotationToFaceNorth" value="0"/>
    <property name="YOffset" value="-1"/>
    <property name="DistantPOIYOffset" value="0"/>
    <property name="AllowedBiomes" value="pine_forest"/>
    <property name="AllowedTownships" value="rural"/>
    <property name="EditorGroups" value="rural"/>
    <property name="SleeperVolumeStart" value="22, 6, 31#15, 13, 16#17, 8, 22#15, 1, 31#17, 4, 31#16, 14, 31#25, 1, 6#16, 1, 5#3, 7, 6#17, 6, 14#19, 13, 5#17, 7, 11#17, 7, 7#0, 1, 0#15, 1, 0#29, 1, 5#15, 1, 22#25, 1, 14"/>
    <property name="SleeperVolumeSize" value="7, 5, 6#12, 3, 15#6, 4, 9#10, 3, 11#5, 10, 6#8, 7, 6#4, 5, 8#9, 4, 17#14, 3, 6#11, 4, 8#4, 1, 8#8, 1, 1#9, 1, 4#15, 3, 42#19, 3, 5#5, 3, 9#10, 3, 9#9, 3, 28"/>
    <property name="SleeperVolumeGroup" value=",1,2,,5,6,,4,5,,7,8,,3,4,,5,6,,4,5,,8,9,,2,3,,7,9,,20,25,,0,0,,3,5,,10,15,,5,6,,2,3,,5,6,,4,5"/>
    <property name="SleeperVolumeGameStageAdjust" value=",,,,,,,,,,,,,,,,,"/>
    <property name="SleeperIsLootVolume" value="False,False,False,False,False,False,False,False,False,False,False,False,False,False,False,False,False,False"/>
    <property name="SleeperIsQuestExclude" value="False,False,False,False,False,False,False,False,False,False,False,False,False,False,False,False,False,False"/>
    <property name="SleeperVolumeFlags" value="0,0,0,0,0,0,0,0,0,0,2,2,0,0,0,0,0,0"/>
    <property name="SleeperVolumeGroupId" value="0,0,0,0,0,0,0,0,0,0,1,1,0,0,0,0,0,0"/>
    <property name="ShowQuestClearCount" value="1,0,0,0,0,0,0,0,0,0,0,0,0,0,0,0,0,0"/>
</prefab>
