<?xml version="1.0" encoding="UTF-8"?>
<prefab>
    <property name="CopyAirBlocks" value="True"/>
    <property name="AllowTopSoilDecorations" value="True"/>
    <property name="ExcludeDistantPOIMesh" value="False"/>
    <property name="ExcludePOICulling" value="False"/>
    <property name="QuestTags" value="clear,fetch"/>
    <property name="DifficultyTier" value="4"/>
    <property name="Zoning" value="ResidentialNew,Residential"/>
    <property name="RotationToFaceNorth" value="2"/>
    <property name="YOffset" value="-5"/>
    <property name="DistantPOIYOffset" value="0"/>
    <property name="AllowedBiomes" value="snow,pine_forest,desert"/>
    <property name="AllowedTownships" value="city"/>
    <property name="EditorGroups" value="house new, house old, House medium, HOUSE CONST"/>
    <property name="SleeperVolumeStart" value="19, 5, 14#6, 5, 19#27, 9, 28#7, 9, 14#15, 5, 16#25, 9, 21#30, 9, 20#20, 9, 15#19, 5, 25#27, 5, 13#29, 1, 21#34, 5, 17#6, 4, 33#28, 5, 25#15, 9, 27#15, 9, 25#6, 14, 19#21, 14, 19"/>
    <property name="SleeperVolumeSize" value="8, 2, 11#13, 2, 13#8, 3, 4#8, 3, 18#4, 8, 3#5, 3, 4#6, 3, 7#5, 3, 10#9, 2, 7#7, 4, 9#5, 3, 10#2, 3, 4#34, 10, 17#8, 2, 8#12, 3, 5#15, 3, 2#15, 3, 8#13, 3, 8"/>
    <property name="SleeperVolumeGroup" value=",1,1,,1,1,,1,1,,1,2,,1,3,,1,1,,1,2,,1,2,,1,1,,1,2,,4,4,,2,2,,2,3,,1,1,,2,4,,1,3,,3,6,,5,7"/>
    <property name="SleeperVolumeGameStageAdjust" value=",,,,,,,,,,,,,,,,,"/>
    <property name="SleeperIsLootVolume" value="False,False,False,False,False,False,False,False,False,False,False,False,False,False,False,False,False,False"/>
    <property name="SleeperIsQuestExclude" value="False,False,False,False,False,False,False,False,False,False,False,False,False,False,False,False,False,False"/>
    <property name="SleeperVolumeFlags" value="0,0,2,2,2,2,0,0,0,0,2,2,0,0,0,0,0,2"/>
    <property name="SleeperVolumeGroupId" value="0,0,1,2,3,4,0,0,0,0,5,5,0,0,0,0,0,0"/>
    <property name="ShowQuestClearCount" value="0,0,0,0,0,0,0,0,0,0,0,0,0,0,0,0,0,0"/>
</prefab>
