<?xml version="1.0" encoding="UTF-8"?>
<prefab>
    <property name="CopyAirBlocks" value="True"/>
    <property name="AllowTopSoilDecorations" value="True"/>
    <property name="ExcludeDistantPOIMesh" value="False"/>
    <property name="ExcludePOICulling" value="False"/>
    <property name="DifficultyTier" value="2"/>
    <property name="Zoning" value="Commercial,Residential"/>
    <property name="RotationToFaceNorth" value="3"/>
    <property name="YOffset" value="-6"/>
    <property name="DistantPOIYOffset" value="0"/>
    <property name="AllowedBiomes" value="burnt_forest,snow,pine_forest,desert"/>
    <property name="AllowedTownships" value="city,town"/>
    <property name="EditorGroups" value="commercial, downtown"/>
    <property name="SleeperVolumeStart" value="16, 1, 30#17, 1, 24#26, 1, 24#49, 6, 2#16, 6, 24#16, 11, 24#16, 6, 39#16, 6, 2"/>
    <property name="SleeperVolumeSize" value="11, 3, 7#10, 3, 6#22, 3, 14#13, 4, 50#32, 3, 14#30, 3, 15#32, 3, 14#32, 3, 22"/>
    <property name="SleeperVolumeGroup" value=",1,2,,2,2,,4,5,,4,5,,5,7,,3,4,,2,3,,2,3"/>
    <property name="SleeperVolumeGameStageAdjust" value="medium,250,250,250,200,250,medium,"/>
    <property name="SleeperIsLootVolume" value="False,True,True,False,False,False,False,False"/>
    <property name="SleeperIsQuestExclude" value="False,False,False,False,False,False,False,False"/>
    <property name="SleeperVolumeFlags" value="0,0,0,0,0,0,0,0"/>
    <property name="SleeperVolumeGroupId" value="0,0,0,0,0,0,0,0"/>
    <property name="ShowQuestClearCount" value="0,0,0,0,0,0,0,0"/>
</prefab>
