<?xml version="1.0" encoding="UTF-8"?>
<prefab>
    <property name="CopyAirBlocks" value="True"/>
    <property name="AllowTopSoilDecorations" value="True"/>
    <property name="ExcludeDistantPOIMesh" value="False"/>
    <property name="ExcludePOICulling" value="False"/>
    <property name="QuestTags" value="clear,fetch"/>
    <property name="DifficultyTier" value="5"/>
    <property name="Zoning" value="Industrial,Residential"/>
    <property name="RotationToFaceNorth" value="3"/>
    <property name="YOffset" value="-7"/>
    <property name="DistantPOIYOffset" value="0"/>
    <property name="AllowedBiomes" value="burnt_forest,desert,wasteland"/>
    <property name="AllowedTownships" value="rural,wilderness"/>
    <property name="EditorGroups" value="Wilderness, rural, industrial"/>
    <property name="SleeperVolumeStart" value="1, 7, 1#14, 7, 2#1, 7, 35#17, 7, 38#17, 7, 23#17, 14, 23#17, 21, 23#17, 28, 23#17, 35, 23#1, 0, 1#3, 1, 25#17, 2, 1#20, 2, 22#3, 2, 37"/>
    <property name="SleeperVolumeSize" value="13, 4, 21#25, 4, 20#13, 4, 21#22, 8, 18#22, 3, 15#22, 3, 15#22, 3, 15#22, 3, 15#22, 3, 15#13, 4, 21#19, 3, 10#21, 3, 19#19, 3, 13#38, 3, 19"/>
    <property name="SleeperVolumeGroup" value=",5,6,,5,6,,3,4,,7,8,,4,5,,4,5,,4,5,,4,5,,4,5,,4,4,,4,5,,6,8,,6,8,,16,18"/>
    <property name="SleeperVolumeGameStageAdjust" value="easy,,,,,,,,,,,,,"/>
    <property name="SleeperIsLootVolume" value="False,False,False,False,False,False,False,False,False,False,False,False,False,False"/>
    <property name="SleeperIsQuestExclude" value="False,False,False,False,False,False,False,False,False,False,False,False,False,False"/>
    <property name="SleeperVolumeFlags" value="0,0,0,0,0,0,0,0,0,0,0,0,0,0"/>
    <property name="SleeperVolumeGroupId" value="0,0,0,0,0,0,0,0,0,0,0,0,0,0"/>
    <property name="ShowQuestClearCount" value="0,0,0,0,0,0,0,0,0,0,0,0,0,0"/>
</prefab>
