<?xml version="1.0" encoding="UTF-8"?>
<prefab>
    <property name="CopyAirBlocks" value="True"/>
    <property name="AllowTopSoilDecorations" value="True"/>
    <property name="ExcludeDistantPOIMesh" value="False"/>
    <property name="ExcludePOICulling" value="False"/>
    <property name="QuestTags" value="clear,fetch"/>
    <property name="DifficultyTier" value="3"/>
    <property name="Zoning" value="ResidentialOld,Residential"/>
    <property name="RotationToFaceNorth" value="2"/>
    <property name="YOffset" value="-6"/>
    <property name="DistantPOIYOffset" value="0"/>
    <property name="AllowedBiomes" value="burnt_forest,snow,pine_forest,desert,wasteland"/>
    <property name="AllowedTownships" value="rural,wilderness"/>
    <property name="EditorGroups" value="rural, Wilderness"/>
    <property name="SleeperVolumeStart" value="41, 6, 0#58, 6, 14#58, 6, 40#22, 6, 40#0, 6, 38#0, 6, 26#0, 6, 14#0, 6, 0#22, 6, 0#22, 6, 14#61, 0, 48#65, 0, 42#65, 0, 36#65, 0, 29#65, 0, 21#65, 0, 14#65, 0, 7#65, 0, 1#58, 0, 1"/>
    <property name="SleeperVolumeSize" value="30, 3, 14#13, 3, 26#13, 7, 12#36, 5, 12#22, 6, 14#22, 6, 12#22, 6, 12#22, 6, 14#19, 3, 14#36, 3, 26#9, 5, 4#5, 5, 6#5, 5, 6#5, 5, 7#5, 5, 8#5, 5, 7#5, 5, 7#5, 5, 6#7, 5, 47"/>
    <property name="SleeperVolumeGroup" value=",4,9,,1,3,,2,4,,3,10,,3,7,,4,10,,4,9,,5,11,,2,4,,15,27,,5,8,,2,3,,2,4,,4,5,,1,3,,4,8,,3,6,,3,5,,5,8"/>
    <property name="SleeperVolumeGameStageAdjust" value=",,,,,,,,,,,,,,,,,,"/>
    <property name="SleeperIsLootVolume" value="False,False,False,False,False,False,False,False,False,False,False,False,False,False,False,False,False,False,False"/>
    <property name="SleeperIsQuestExclude" value="False,False,False,False,False,False,False,False,False,False,False,False,False,False,False,False,False,False,False"/>
    <property name="SleeperVolumeFlags" value="0,0,0,0,0,2,2,0,0,0,2,0,0,2,0,2,2,2,0"/>
    <property name="SleeperVolumeGroupId" value="0,0,0,0,0,0,0,0,0,0,0,0,0,0,0,0,0,0,0"/>
    <property name="ShowQuestClearCount" value="0,0,0,0,0,0,0,0,0,0,0,0,0,0,0,0,0,0,0"/>
</prefab>
