<?xml version="1.0" encoding="UTF-8"?>
<prefab>
    <property name="CopyAirBlocks" value="True"/>
    <property name="AllowTopSoilDecorations" value="True"/>
    <property name="ExcludeDistantPOIMesh" value="False"/>
    <property name="ExcludePOICulling" value="False"/>
    <property name="QuestTags" value="clear,fetch"/>
    <property name="DifficultyTier" value="3"/>
    <property name="Zoning" value="Residential"/>
    <property name="RotationToFaceNorth" value="0"/>
    <property name="YOffset" value="-5"/>
    <property name="DistantPOIYOffset" value="0"/>
    <property name="AllowedBiomes" value="burnt_forest,wasteland"/>
    <property name="AllowedTownships" value="rural,town,wilderness"/>
    <property name="EditorGroups" value="house new, rural"/>
    <property name="SleeperVolumeStart" value="26, 4, 14#45, 4, 0#26, 9, 17#6, 4, 10#63, 4, 14#45, 4, 34#52, 5, 0#63, 4, 24#43, 4, 9"/>
    <property name="SleeperVolumeSize" value="15, 4, 19#7, 6, 6#15, 4, 16#19, 4, 27#16, 10, 10#17, 6, 6#12, 6, 7#15, 6, 10#20, 6, 25"/>
    <property name="SleeperVolumeGroup" value=",7,10,,1,1,,5,10,,10,14,,7,10,,3,3,,1,3,,2,4,,4,8"/>
    <property name="SleeperVolumeGameStageAdjust" value="350,medium,medium,350,medium,250,,,"/>
    <property name="SleeperIsLootVolume" value="False,False,False,False,False,False,False,False,False"/>
    <property name="SleeperIsQuestExclude" value="False,False,False,False,False,False,False,False,False"/>
    <property name="SleeperVolumeFlags" value="0,0,0,0,0,2,0,0,0"/>
    <property name="SleeperVolumeGroupId" value="0,0,0,0,0,0,0,0,0"/>
    <property name="ShowQuestClearCount" value="0,0,0,0,0,0,0,0,0"/>
</prefab>
