<?xml version="1.0" encoding="UTF-8"?>
<prefab>
    <property name="CopyAirBlocks" value="True"/>
    <property name="AllowTopSoilDecorations" value="True"/>
    <property name="ExcludeDistantPOIMesh" value="False"/>
    <property name="ExcludePOICulling" value="False"/>
    <property name="DifficultyTier" value="4"/>
    <property name="Zoning" value="Residential"/>
    <property name="RotationToFaceNorth" value="3"/>
    <property name="YOffset" value="-6"/>
    <property name="DistantPOIYOffset" value="0"/>
    <property name="AllowedBiomes" value="snow,pine_forest,desert"/>
    <property name="AllowedTownships" value="city,town"/>
    <property name="EditorGroups" value="downtown, house new, house old, House medium"/>
    <property name="SleeperVolumeStart" value="31, 6, 25#30, 6, 5#9, 6, 5#44, 11, 27#30, 11, 5#8, 6, 28#9, 16, 5#9, 16, 28#9, 11, 5#9, 11, 28#31, 11, 25#30, 16, 5#24, 11, 39#31, 16, 25"/>
    <property name="SleeperVolumeSize" value="19, 4, 21#20, 4, 20#21, 4, 23#4, 4, 6#20, 4, 20#23, 4, 18#21, 6, 23#22, 6, 18#21, 4, 23#22, 4, 18#19, 4, 21#20, 6, 20#6, 4, 5#19, 6, 21"/>
    <property name="SleeperVolumeGroup" value=",4,4,,6,7,,8,9,,2,2,,4,5,,3,3,,10,10,,5,6,,4,4,,4,4,,7,7,,5,6,,1,1,,5,5"/>
    <property name="SleeperVolumeGameStageAdjust" value="medium,250,350,250,250,medium,200,medium,250,250,medium,250,350,"/>
    <property name="SleeperIsLootVolume" value="False,False,False,True,False,False,False,False,False,False,False,False,True,False"/>
    <property name="SleeperIsQuestExclude" value="False,False,False,False,False,False,False,False,False,False,False,False,False,False"/>
    <property name="SleeperVolumeFlags" value="0,0,0,0,0,0,0,0,0,0,0,0,0,0"/>
    <property name="SleeperVolumeGroupId" value="0,0,0,0,0,0,0,0,0,0,0,0,0,0"/>
    <property name="ShowQuestClearCount" value="0,0,0,0,0,0,0,0,0,0,0,0,0,0"/>
</prefab>
