<?xml version="1.0" encoding="UTF-8"?>
<prefab>
    <property name="CopyAirBlocks" value="True"/>
    <property name="AllowTopSoilDecorations" value="True"/>
    <property name="ExcludeDistantPOIMesh" value="False"/>
    <property name="ExcludePOICulling" value="False"/>
    <property name="QuestTags" value="clear,fetch"/>
    <property name="DifficultyTier" value="5"/>
    <property name="Zoning" value="Residential"/>
    <property name="RotationToFaceNorth" value="2"/>
    <property name="YOffset" value="-2"/>
    <property name="DistantPOIYOffset" value="0"/>
    <property name="AllowedBiomes" value="burnt_forest,wasteland"/>
    <property name="AllowedTownships" value="city,rural,town,wilderness"/>
    <property name="EditorGroups" value="wilderness, remnant, house old, rural, Wilderness"/>
    <property name="SleeperVolumeStart" value="40, 1, 5#35, 1, 7#25, 1, 9#0, 1, 1#37, 1, 22#25, 1, 22#35, 5, 8#26, 5, 9#26, 10, 9#35, 10, 7#40, 10, 25#26, 10, 24#26, 15, 9#39, 15, 24#26, 15, 24#26, 19, 24#26, 19, 14#13, 3, 44#48, 3, 9"/>
    <property name="SleeperVolumeSize" value="8, 3, 12#5, 3, 14#10, 3, 12#23, 8, 44#11, 3, 13#11, 3, 18#12, 3, 33#9, 3, 29#8, 3, 11#12, 3, 17#7, 3, 13#13, 3, 14#21, 3, 15#8, 3, 13#13, 3, 13#22, 3, 9#22, 3, 10#47, 5, 28#21, 4, 26"/>
    <property name="SleeperVolumeGroup" value=",1,2,,1,2,,2,4,,2,6,,7,12,,3,3,,5,12,,2,4,,1,3,,2,5,,2,4,,2,4,,5,7,,3,5,,3,6,,8,11,,3,4,,2,3,,2,4"/>
    <property name="SleeperVolumeGameStageAdjust" value=",,,,,,,,,,,,,,,,,,"/>
    <property name="SleeperIsLootVolume" value="False,False,False,False,False,False,False,False,False,False,False,False,False,False,False,False,False,False,False"/>
    <property name="SleeperIsQuestExclude" value="False,False,False,False,False,False,False,False,False,False,False,False,False,False,False,False,False,False,False"/>
    <property name="SleeperVolumeFlags" value="0,0,2,2,0,0,0,0,2,0,0,0,0,2,0,0,2,2,2"/>
    <property name="SleeperVolumeGroupId" value="0,0,0,0,0,0,0,0,0,0,0,0,0,0,0,0,0,0,0"/>
    <property name="ShowQuestClearCount" value="0,0,0,0,0,0,0,0,0,0,0,0,0,0,0,0,0,0,0"/>
</prefab>
