<?xml version="1.0" encoding="UTF-8"?>
<prefab>
    <property name="CopyAirBlocks" value="True"/>
    <property name="AllowTopSoilDecorations" value="True"/>
    <property name="ExcludeDistantPOIMesh" value="False"/>
    <property name="ExcludePOICulling" value="False"/>
    <property name="DifficultyTier" value="1"/>
    <property name="Zoning" value="ResidentialOld,Residential"/>
    <property name="RotationToFaceNorth" value="1"/>
    <property name="YOffset" value="-11"/>
    <property name="DistantPOIYOffset" value="0"/>
    <property name="AllowedBiomes" value="pine_forest"/>
    <property name="AllowedTownships" value="wilderness"/>
    <property name="EditorGroups" value="Wilderness, rural"/>
    <property name="SleeperVolumeStart" value="12, 1, 3#2, 1, 11#11, 12, 23#1, 11, 9#12, 26, 24#9, 40, 21"/>
    <property name="SleeperVolumeSize" value="9, 3, 13#6, 3, 9#7, 6, 7#23, 3, 13#5, 6, 5#11, 3, 11"/>
    <property name="SleeperVolumeGroup" value=",10,15,,3,5,,2,3,,4,8,,1,1,,3,6"/>
    <property name="SleeperVolumeGameStageAdjust" value=",,,,,"/>
    <property name="SleeperIsLootVolume" value="False,False,False,False,False,False"/>
    <property name="SleeperIsQuestExclude" value="False,False,False,False,False,False"/>
    <property name="SleeperVolumeFlags" value="0,0,0,0,0,0"/>
    <property name="SleeperVolumeGroupId" value="0,0,0,0,0,0"/>
    <property name="ShowQuestClearCount" value="0,0,0,0,0,0"/>
</prefab>
