<?xml version="1.0" encoding="UTF-8"?>
<prefab>
    <property name="CopyAirBlocks" value="True"/>
    <property name="AllowTopSoilDecorations" value="True"/>
    <property name="ExcludeDistantPOIMesh" value="False"/>
    <property name="ExcludePOICulling" value="False"/>
    <property name="QuestTags" value="clear,fetch"/>
    <property name="DifficultyTier" value="5"/>
    <property name="Zoning" value="Industrial,Residential"/>
    <property name="RotationToFaceNorth" value="0"/>
    <property name="YOffset" value="-22"/>
    <property name="DistantPOIYOffset" value="0"/>
    <property name="AllowedBiomes" value="burnt_forest,wasteland"/>
    <property name="AllowedTownships" value="city,town"/>
    <property name="EditorGroups" value="wilderness, industrial"/>
    <property name="SleeperVolumeStart" value="22, 10, 25#2, 4, 0#3, 22, 39#0, 9, 0#2, 17, 2#21, 15, 25#17, 4, 0#28, 4, 0#3, 22, 23#3, 22, 32#0, 10, 25#0, 15, 25#10, 26, 31"/>
    <property name="SleeperVolumeSize" value="22, 4, 23#15, 5, 46#38, 4, 6#42, 7, 23#40, 7, 21#23, 6, 23#11, 5, 46#12, 5, 46#38, 4, 9#37, 4, 7#22, 4, 23#21, 6, 23#24, 3, 9"/>
    <property name="SleeperVolumeGroup" value=",3,7,,4,8,,1,2,,8,17,,6,12,,6,13,,8,16,,5,10,,2,5,,5,10,,4,9,,5,11,,2,4"/>
    <property name="SleeperVolumeGameStageAdjust" value=",,,,,,,,,,,,"/>
    <property name="SleeperIsLootVolume" value="False,False,False,False,False,False,False,False,False,False,False,False,False"/>
    <property name="SleeperIsQuestExclude" value="False,False,False,False,False,False,False,False,False,False,False,False,False"/>
    <property name="SleeperVolumeFlags" value="0,0,0,0,0,0,0,0,0,0,0,0,0"/>
    <property name="SleeperVolumeGroupId" value="0,0,0,0,0,0,0,0,0,0,0,0,0"/>
    <property name="ShowQuestClearCount" value="0,0,0,0,0,0,0,0,0,0,0,0,0"/>
</prefab>
