<?xml version="1.0" encoding="UTF-8"?>
<prefab>
    <property name="CopyAirBlocks" value="True"/>
    <property name="AllowTopSoilDecorations" value="True"/>
    <property name="ExcludeDistantPOIMesh" value="False"/>
    <property name="ExcludePOICulling" value="False"/>
    <property name="QuestTags" value="clear,fetch"/>
    <property name="DifficultyTier" value="2"/>
    <property name="Zoning" value="Commercial,Residential"/>
    <property name="RotationToFaceNorth" value="2"/>
    <property name="YOffset" value="-1"/>
    <property name="DistantPOIYOffset" value="0"/>
    <property name="AllowedBiomes" value="snow"/>
    <property name="AllowedTownships" value="rural,town"/>
    <property name="EditorGroups" value="commercial, rural"/>
    <property name="SleeperVolumeStart" value="3, 1, 2#2, 2, 25#11, 2, 25"/>
    <property name="SleeperVolumeSize" value="27, 3, 22#9, 3, 10#21, 3, 10"/>
    <property name="SleeperVolumeGroup" value=",7,11,,1,2,,5,7"/>
    <property name="SleeperVolumeGameStageAdjust" value=",,"/>
    <property name="SleeperIsLootVolume" value="False,False,False"/>
    <property name="SleeperIsQuestExclude" value="False,False,False"/>
    <property name="SleeperVolumeFlags" value="0,0,0"/>
    <property name="SleeperVolumeGroupId" value="0,0,0"/>
    <property name="ShowQuestClearCount" value="0,0,0"/>
</prefab>
