<?xml version="1.0" encoding="UTF-8"?>
<prefab>
    <property name="CopyAirBlocks" value="True"/>
    <property name="AllowTopSoilDecorations" value="True"/>
    <property name="ExcludeDistantPOIMesh" value="False"/>
    <property name="ExcludePOICulling" value="False"/>
    <property name="DifficultyTier" value="1"/>
    <property name="Zoning" value="Residential"/>
    <property name="RotationToFaceNorth" value="0"/>
    <property name="YOffset" value="-7"/>
    <property name="DistantPOIYOffset" value="0"/>
    <property name="AllowedBiomes" value="snow,pine_forest,desert"/>
    <property name="AllowedTownships" value="city,rural,town,wilderness"/>
    <property name="EditorGroups" value="house old, Wilderness, rural"/>
    <property name="SleeperVolumeStart" value="40, 7, 14#34, 7, 14#26, 7, 14#18, 7, 14#7, 7, 14#40, 7, 7#40, 12, 7#34, 7, 7#26, 7, 7#18, 7, 7#9, 7, 7#9, 7, 2#18, 7, 2#10, 1, 5#40, 7, 2#28, 7, 2#9, 1, 8#17, 1, 8#24, 1, 8#32, 1, 8"/>
    <property name="SleeperVolumeSize" value="11, 2, 7#6, 2, 7#8, 2, 7#8, 2, 7#11, 2, 7#7, 4, 7#11, 4, 7#6, 7, 7#8, 7, 7#8, 7, 7#8, 7, 7#9, 2, 5#10, 2, 5#39, 2, 2#11, 2, 6#12, 2, 5#8, 4, 6#7, 4, 6#7, 4, 6#17, 4, 6"/>
    <property name="SleeperVolumeGroup" value=",1,3,,1,3,,1,3,,1,2,,1,2,,1,3,,1,4,,2,3,,2,3,,4,5,,1,4,,1,2,,1,2,,3,7,,1,2,,1,2,,1,2,,1,3,,1,2,,2,6"/>
    <property name="SleeperVolumeGameStageAdjust" value=",,,,,,,,,,,,,,,,,,,"/>
    <property name="SleeperIsLootVolume" value="False,False,False,False,False,False,False,False,False,False,False,False,False,False,False,False,False,False,False,False"/>
    <property name="SleeperIsQuestExclude" value="False,False,False,False,False,False,False,False,False,False,False,False,False,False,False,False,False,False,False,False"/>
    <property name="SleeperVolumeFlags" value="0,0,0,0,0,0,0,0,0,0,0,0,0,0,0,0,0,0,0,0"/>
    <property name="SleeperVolumeGroupId" value="0,0,0,0,0,0,0,0,0,0,0,0,0,0,0,0,0,0,0,0"/>
    <property name="ShowQuestClearCount" value="0,0,0,0,0,0,0,0,0,0,0,0,0,0,0,0,0,0,0,0"/>
</prefab>
