<?xml version="1.0" encoding="UTF-8"?>
<prefab>
    <property name="CopyAirBlocks" value="True"/>
    <property name="AllowTopSoilDecorations" value="True"/>
    <property name="ExcludeDistantPOIMesh" value="False"/>
    <property name="ExcludePOICulling" value="False"/>
    <property name="QuestTags" value="clear,fetch"/>
    <property name="DifficultyTier" value="2"/>
    <property name="Zoning" value="Commercial,Residential"/>
    <property name="RotationToFaceNorth" value="2"/>
    <property name="YOffset" value="-1"/>
    <property name="DistantPOIYOffset" value="0"/>
    <property name="AllowedBiomes" value="snow,pine_forest"/>
    <property name="AllowedTownships" value="city,town"/>
    <property name="EditorGroups" value="commercial"/>
    <property name="SleeperVolumeStart" value="0, 1, 0#21, 1, 0#5, 1, 22#4, 1, 5#4, 1, 15#4, 1, 0"/>
    <property name="SleeperVolumeSize" value="4, 3, 25#4, 2, 25#15, 2, 3#17, 3, 10#17, 3, 7#17, 2, 5"/>
    <property name="SleeperVolumeGroup" value=",2,4,,1,3,,1,3,,4,5,,3,4,,2,3"/>
    <property name="SleeperVolumeGameStageAdjust" value=",,,,,"/>
    <property name="SleeperIsLootVolume" value="False,False,False,False,False,False"/>
    <property name="SleeperIsQuestExclude" value="False,False,False,False,False,False"/>
    <property name="SleeperVolumeFlags" value="0,0,0,0,0,0"/>
    <property name="SleeperVolumeGroupId" value="1,1,1,0,0,1"/>
    <property name="ShowQuestClearCount" value="0,0,0,0,0,0"/>
</prefab>
