<?xml version="1.0" encoding="UTF-8"?>
<prefab>
    <property name="CopyAirBlocks" value="True"/>
    <property name="AllowTopSoilDecorations" value="True"/>
    <property name="ExcludeDistantPOIMesh" value="False"/>
    <property name="ExcludePOICulling" value="False"/>
    <property name="QuestTags" value="clear,fetch"/>
    <property name="DifficultyTier" value="5"/>
    <property name="Zoning" value="Industrial,Residential"/>
    <property name="RotationToFaceNorth" value="0"/>
    <property name="YOffset" value="-11"/>
    <property name="DistantPOIYOffset" value="0"/>
    <property name="AllowedBiomes" value="pine_forest"/>
    <property name="AllowedTownships" value="city"/>
    <property name="EditorGroups" value="industrial"/>
    <property name="SleeperVolumeStart" value="51, 38, 74#56, 32, 75#66, 21, 83#54, 12, 77#54, 16, 77#54, 24, 77#55, 31, 77#66, 5, 99#66, 6, 119#94, 5, 99#148, 10, 101#148, 10, 91#126, 10, 83#84, 10, 83#77, 10, 84#78, 6, 100#62, 14, 150#67, 9, 83#162, 14, 143#138, 10, 130#148, 10, 111#151, 16, 143#140, 16, 143#54, 28, 77#146, 16, 121#152, 16, 121#88, 10, 116#140, 10, 115#110, 16, 97#67, 16, 121#82, 16, 115#153, 5, 74#146, 16, 82#158, 16, 99#152, 16, 104#140, 16, 99#163, 16, 112#159, 9, 83#140, 16, 110#81, 16, 84#67, 16, 82#82, 16, 109#88, 10, 95#140, 10, 95#102, 10, 99#129, 10, 102#117, 10, 99#96, 10, 110#75, 10, 121#77, 10, 110#67, 10, 121#96, 10, 120#88, 10, 131#73, 10, 132#67, 10, 129#134, 10, 121#120, 10, 120#153, 1, 115#143, 1, 113#135, 1, 114#132, 1, 124#127, 1, 102#119, 1, 122#117, 1, 105#95, 1, 118#104, 1, 113#100, 1, 95#136, 1, 105#76, 11, 1"/>
    <property name="SleeperVolumeSize" value="16, 2, 16#6, 3, 1#103, 8, 58#10, 3, 10#10, 3, 10#10, 3, 10#12, 6, 11#12, 3, 12#16, 3, 12#30, 2, 22#4, 3, 7#10, 5, 11#25, 3, 11#42, 3, 11#6, 3, 11#9, 3, 8#5, 4, 7#9, 6, 37#13, 5, 13#9, 3, 10#19, 3, 29#8, 3, 11#11, 3, 11#10, 2, 10#5, 3, 11#16, 2, 11#7, 2, 4#7, 3, 5#15, 3, 18#15, 3, 11#64, 3, 20#4, 3, 29#22, 3, 16#9, 3, 4#10, 3, 9#6, 3, 9#5, 3, 8#8, 7, 25#11, 3, 8#13, 3, 24#14, 3, 31#12, 3, 6#14, 2, 20#7, 3, 20#14, 3, 11#10, 3, 18#12, 3, 21#20, 3, 10#20, 3, 10#10, 3, 11#8, 3, 7#23, 3, 11#48, 3, 10#15, 3, 9#5, 4, 12#13, 3, 9#13, 3, 10#8, 3, 5#11, 3, 9#8, 3, 10#6, 3, 18#7, 3, 25#8, 3, 11#9, 3, 17#9, 3, 5#7, 3, 9#17, 3, 18#3, 3, 9#23, 4, 7"/>
    <property name="SleeperVolumeGroup" value=",2,3,,1,2,,9,10,,1,2,,1,2,,1,2,,5,6,,4,5,,8,9,,7,8,,4,5,,7,8,,6,7,,8,9,,1,2,,5,6,,1,2,,6,7,,2,3,,6,7,,8,9,,1,2,,2,3,,1,2,,2,3,,5,6,,2,3,,3,4,,3,5,,5,6,,5,10,,2,3,,7,8,,2,3,,4,5,,2,3,,2,3,,7,8,,3,4,,8,11,,6,7,,3,4,,3,4,,4,5,,7,8,,5,6,,3,4,,4,5,,5,6,,3,4,,2,3,,3,4,,8,9,,3,4,,4,5,,5,6,,3,4,,1,2,,7,8,,3,4,,3,4,,8,9,,2,3,,8,9,,3,4,,2,3,,6,7,,2,3,,2,3"/>
    <property name="SleeperVolumeGameStageAdjust" value=",,,,,,,,,,,,,,,,,,,,,,,,,,,,,,,,,,,,,,,,,,,,,,,,,,,,,,,,,,,,,,,,,,,,"/>
    <property name="SleeperIsLootVolume" value="False,False,False,False,False,False,False,False,True,True,True,True,True,False,False,False,False,False,False,False,False,False,False,False,False,False,True,True,False,False,False,False,False,False,False,False,False,False,False,False,False,False,False,False,False,False,False,False,False,False,False,False,False,False,False,False,False,False,False,False,False,True,False,False,False,False,True,False,False"/>
    <property name="SleeperIsQuestExclude" value="False,False,False,False,False,False,False,False,False,False,False,False,False,False,False,False,False,False,False,False,False,False,False,False,False,False,False,False,False,False,False,False,False,False,False,False,False,False,False,False,False,False,False,False,False,False,False,False,False,False,False,False,False,False,False,False,False,False,False,False,False,False,False,False,False,False,False,False,False"/>
    <property name="SleeperVolumeFlags" value="0,0,0,0,0,0,0,0,0,0,0,0,0,0,0,0,0,0,0,0,0,0,0,0,0,0,0,0,0,0,0,0,0,0,0,0,0,0,0,0,0,0,0,0,0,0,0,0,0,0,0,0,0,0,0,0,0,0,0,0,0,0,0,0,0,0,0,0,0"/>
    <property name="SleeperVolumeGroupId" value="0,0,0,0,0,0,0,0,0,0,0,0,0,0,0,0,0,0,0,0,0,0,0,0,0,0,0,0,0,0,0,0,0,0,0,0,0,0,0,0,0,0,0,0,0,0,0,0,0,0,0,0,0,0,0,0,0,0,0,0,0,0,0,0,0,0,0,0,0"/>
    <property name="ShowQuestClearCount" value="0,0,0,0,0,0,0,0,0,0,0,0,0,0,0,0,0,0,0,0,0,0,0,0,0,0,0,0,0,0,0,0,0,0,0,0,0,0,0,0,0,0,0,0,0,0,0,0,0,0,0,0,0,0,0,0,0,0,0,0,0,0,0,0,0,0,0,0,0"/>
</prefab>
