<?xml version="1.0" encoding="UTF-8"?>
<prefab>
    <property name="CopyAirBlocks" value="True"/>
    <property name="AllowTopSoilDecorations" value="True"/>
    <property name="ExcludeDistantPOIMesh" value="False"/>
    <property name="ExcludePOICulling" value="False"/>
    <property name="QuestTags" value="clear,fetch"/>
    <property name="DifficultyTier" value="5"/>
    <property name="Zoning" value="ResidentialOld,Residential"/>
    <property name="RotationToFaceNorth" value="3"/>
    <property name="YOffset" value="-32"/>
    <property name="DistantPOIYOffset" value="0"/>
    <property name="AllowedBiomes" value="burnt_forest,wasteland"/>
    <property name="AllowedTownships" value="rural,wilderness"/>
    <property name="EditorGroups" value="rural, Wilderness"/>
    <property name="SleeperVolumeStart" value="43, 32, 6#27, 32, 23#2, 31, 51#20, 32, 20#20, 26, 7#14, 26, 20#9, 32, 20#0, 31, 29#8, 31, 37#30, 32, 6#4, 32, 7#2, 31, 2#12, 17, 49#23, 18, 1#29, 19, 6#29, 11, 6#2, 12, 2#9, 32, 6#27, 32, 46"/>
    <property name="SleeperVolumeSize" value="3, 3, 57#16, 7, 23#41, 7, 13#7, 7, 17#6, 5, 2#13, 5, 6#11, 7, 17#8, 8, 22#19, 3, 14#13, 8, 17#5, 3, 22#45, 6, 4#28, 14, 15#6, 8, 48#16, 13, 39#16, 8, 43#21, 9, 47#21, 3, 14#16, 3, 5"/>
    <property name="SleeperVolumeGroup" value=",1,3,,1,4,,1,4,,2,6,,1,1,,5,6,,1,4,,1,1,,3,5,,3,7,,1,3,,2,5,,5,6,,5,10,,5,6,,5,6,,5,6,,1,2,,1,3"/>
    <property name="SleeperVolumeGameStageAdjust" value=",,,,,,,,,,,,,,,,,,"/>
    <property name="SleeperIsLootVolume" value="False,False,False,False,False,False,False,False,False,False,False,False,False,False,False,False,False,False,False"/>
    <property name="SleeperIsQuestExclude" value="False,False,False,False,False,False,False,False,False,False,False,False,False,False,False,False,False,False,False"/>
    <property name="SleeperVolumeFlags" value="2,2,2,0,2,0,0,2,2,0,0,0,0,0,0,0,0,0,2"/>
    <property name="SleeperVolumeGroupId" value="0,0,0,0,0,0,0,0,0,0,0,0,0,0,0,0,0,0,0"/>
    <property name="ShowQuestClearCount" value="0,0,0,0,0,0,0,0,0,0,0,0,0,0,0,0,0,0,0"/>
</prefab>
