<?xml version="1.0" encoding="UTF-8"?>
<prefab>
    <property name="CopyAirBlocks" value="True"/>
    <property name="AllowTopSoilDecorations" value="True"/>
    <property name="ExcludeDistantPOIMesh" value="False"/>
    <property name="ExcludePOICulling" value="False"/>
    <property name="QuestTags" value="clear,fetch"/>
    <property name="DifficultyTier" value="5"/>
    <property name="Zoning" value="ResidentialOld,Residential"/>
    <property name="RotationToFaceNorth" value="2"/>
    <property name="YOffset" value="-4"/>
    <property name="DistantPOIYOffset" value="0"/>
    <property name="AllowedBiomes" value="pine_forest"/>
    <property name="AllowedTownships" value="city,rural,town,wilderness"/>
    <property name="EditorGroups" value="house old"/>
    <property name="SleeperVolumeStart" value="13, 5, 38#19, 6, 30#15, 6, 27#20, 6, 20#17, 6, 17#8, 6, 9#7, 6, 21#8, 6, 31#16, 10, 18#19, 10, 28#19, 11, 32#15, 11, 29#7, 11, 28#7, 11, 21#8, 11, 16#8, 11, 9#8, 1, 9#16, 2, 26#8, 1, 21#16, 1, 16#19, 1, 26#16, 1, 27#9, 1, 30"/>
    <property name="SleeperVolumeSize" value="8, 3, 10#7, 3, 8#11, 3, 3#6, 3, 7#6, 3, 3#9, 4, 12#8, 3, 10#11, 3, 7#10, 4, 10#7, 4, 4#7, 3, 6#4, 3, 9#8, 3, 10#9, 3, 7#8, 3, 5#8, 3, 7#8, 3, 11#3, 4, 12#8, 3, 9#10, 4, 10#7, 3, 12#3, 1, 11#7, 3, 7"/>
    <property name="SleeperVolumeGroup" value=",2,6,,2,4,,2,5,,2,4,,1,4,,5,9,,2,6,,1,4,,2,6,,1,3,,1,3,,3,6,,2,5,,2,6,,2,5,,4,9,,8,13,,1,3,,3,7,,5,10,,7,14,,1,4,,4,7"/>
    <property name="SleeperVolumeGameStageAdjust" value=",,,,,,,,,,,,,,,,,,,,,,"/>
    <property name="SleeperIsLootVolume" value="False,False,False,False,False,False,False,False,False,False,False,False,False,False,False,False,False,False,False,False,False,False,False"/>
    <property name="SleeperIsQuestExclude" value="False,False,False,False,False,False,False,False,False,False,False,False,False,False,False,False,False,False,False,False,False,False,False"/>
    <property name="SleeperVolumeFlags" value="2,2,2,2,2,2,2,2,2,2,2,2,2,2,2,2,2,2,2,2,2,2,2"/>
    <property name="SleeperVolumeGroupId" value="0,0,0,0,0,0,0,0,0,0,0,0,0,0,0,0,0,0,0,0,0,0,0"/>
    <property name="ShowQuestClearCount" value="0,0,0,0,0,0,0,0,0,0,0,0,0,0,0,0,0,0,0,0,0,0,0"/>
</prefab>
