<?xml version="1.0" encoding="UTF-8"?>
<prefab>
    <property name="CopyAirBlocks" value="True"/>
    <property name="AllowTopSoilDecorations" value="True"/>
    <property name="ExcludeDistantPOIMesh" value="False"/>
    <property name="ExcludePOICulling" value="False"/>
    <property name="QuestTags" value="clear,fetch"/>
    <property name="DifficultyTier" value="5"/>
    <property name="Zoning" value="Downtown,Residential"/>
    <property name="RotationToFaceNorth" value="0"/>
    <property name="YOffset" value="-10"/>
    <property name="DistantPOIYOffset" value="0"/>
    <property name="AllowedBiomes" value="pine_forest"/>
    <property name="AllowedTownships" value="city"/>
    <property name="EditorGroups" value="downtown, rural"/>
    <property name="SleeperVolumeStart" value="0, 10, 0#56, 10, 29#27, 10, 45#44, 10, 29#27, 10, 29#45, 14, 30#36, 15, 29#28, 15, 29#0, 4, 25#71, 4, 25"/>
    <property name="SleeperVolumeSize" value="97, 4, 29#14, 3, 16#43, 3, 4#12, 2, 16#17, 2, 16#25, 4, 15#9, 6, 16#7, 4, 16#26, 9, 24#26, 9, 24"/>
    <property name="SleeperVolumeGroup" value=",25,30,,5,7,,3,5,,4,5,,7,9,,12,16,,5,6,,3,5,,64,150,,100,150"/>
    <property name="SleeperVolumeGameStageAdjust" value="medium,100,250,200,250,250,250,medium,medium,"/>
    <property name="SleeperIsLootVolume" value="True,False,False,False,False,False,False,False,True,True"/>
    <property name="SleeperIsQuestExclude" value="False,False,False,False,False,False,False,False,False,False"/>
    <property name="SleeperVolumeFlags" value="0,0,0,0,0,0,0,2,2,2"/>
    <property name="SleeperVolumeGroupId" value="0,0,0,0,0,0,0,0,0,0"/>
    <property name="ShowQuestClearCount" value="0,0,0,0,0,0,0,0,0,0"/>
</prefab>
