<?xml version="1.0" encoding="UTF-8"?>
<prefab>
    <property name="CopyAirBlocks" value="True"/>
    <property name="AllowTopSoilDecorations" value="True"/>
    <property name="ExcludeDistantPOIMesh" value="False"/>
    <property name="ExcludePOICulling" value="False"/>
    <property name="QuestTags" value="clear,fetch"/>
    <property name="DifficultyTier" value="5"/>
    <property name="Zoning" value="ResidentialOld,Residential"/>
    <property name="RotationToFaceNorth" value="3"/>
    <property name="YOffset" value="-3"/>
    <property name="DistantPOIYOffset" value="0"/>
    <property name="AllowedBiomes" value="desert"/>
    <property name="AllowedTownships" value="rural,wilderness"/>
    <property name="EditorGroups" value="Wilderness"/>
    <property name="SleeperVolumeStart" value="10, 1, 91#28, 1, 89#38, 12, 66#39, 9, 67#74, 9, 28#35, 9, 14#22, 9, 19#47, 9, 28#38, 9, 56#39, 4, 29#23, 3, 36#26, 3, 21#40, 3, 18#59, 3, 21#39, 3, 26#68, 3, 32#56, 3, 56#67, 3, 62#28, 3, 64#24, 3, 56#43, 3, 38#36, 12, 44#18, 9, 33"/>
    <property name="SleeperVolumeSize" value="15, 5, 15#30, 5, 18#15, 4, 15#35, 2, 8#7, 2, 36#31, 2, 13#17, 2, 11#17, 2, 8#25, 3, 8#5, 6, 21#15, 3, 18#11, 2, 13#18, 2, 7#14, 2, 8#15, 2, 9#4, 6, 28#9, 2, 16#11, 2, 7#27, 2, 14#31, 2, 7#21, 2, 16#7, 2, 5#18, 4, 29"/>
    <property name="SleeperVolumeGroup" value=",1,2,,5,6,,2,3,,4,5,,4,5,,3,4,,3,4,,4,5,,3,4,,3,4,,3,4,,2,3,,2,3,,1,2,,2,3,,6,7,,2,3,,2,3,,4,5,,3,4,,5,6,,1,1,,6,7"/>
    <property name="SleeperVolumeGameStageAdjust" value=",,,,,,,,,,,,,,,,,,,,,,"/>
    <property name="SleeperIsLootVolume" value="False,False,False,False,False,False,False,False,False,False,False,False,False,False,False,False,False,False,False,False,False,False,False"/>
    <property name="SleeperIsQuestExclude" value="False,False,False,False,False,False,False,False,False,False,False,False,False,False,False,False,False,False,False,False,False,False,False"/>
    <property name="SleeperVolumeFlags" value="0,0,0,0,0,0,0,0,0,0,0,0,0,0,0,0,0,0,0,0,0,0,0"/>
    <property name="SleeperVolumeGroupId" value="0,0,0,0,0,0,0,0,0,0,0,0,0,0,0,0,0,0,0,0,0,0,0"/>
    <property name="ShowQuestClearCount" value="0,0,0,0,0,0,0,0,0,0,0,0,0,0,0,0,0,0,0,0,0,0,0"/>
</prefab>
