<?xml version="1.0" encoding="UTF-8"?>
<prefab>
    <property name="CopyAirBlocks" value="True"/>
    <property name="AllowTopSoilDecorations" value="True"/>
    <property name="ExcludeDistantPOIMesh" value="False"/>
    <property name="ExcludePOICulling" value="False"/>
    <property name="QuestTags" value="clear,fetch"/>
    <property name="DifficultyTier" value="4"/>
    <property name="Zoning" value="Downtown,Residential"/>
    <property name="RotationToFaceNorth" value="2"/>
    <property name="YOffset" value="-10"/>
    <property name="DistantPOIYOffset" value="0"/>
    <property name="AllowedBiomes" value="pine_forest,wasteland"/>
    <property name="AllowedTownships" value="city,town"/>
    <property name="EditorGroups" value="wilderness, downtown, rural"/>
    <property name="SleeperVolumeStart" value="29, 4, 3#3, 10, 13#2, 9, 31#15, 10, 13#34, 10, 13#3, 4, 57#29, 4, 16#0, 4, 3#0, 2, 29#6, 15, 14"/>
    <property name="SleeperVolumeSize" value="19, 3, 11#12, 4, 17#55, 5, 45#19, 4, 18#23, 4, 18#56, 3, 21#30, 3, 34#29, 3, 25#27, 5, 24#26, 5, 18"/>
    <property name="SleeperVolumeGroup" value=",1,2,,3,5,,10,15,,4,7,,3,5,,2,3,,4,8,,4,7,,5,8,,2,3"/>
    <property name="SleeperVolumeGameStageAdjust" value=",,,,,,,,,"/>
    <property name="SleeperIsLootVolume" value="False,False,False,False,False,False,False,False,False,False"/>
    <property name="SleeperIsQuestExclude" value="False,False,False,False,False,False,False,False,False,False"/>
    <property name="SleeperVolumeFlags" value="0,0,0,0,0,0,0,0,0,0"/>
    <property name="SleeperVolumeGroupId" value="0,0,0,0,0,0,0,0,0,0"/>
    <property name="ShowQuestClearCount" value="0,0,0,0,0,0,0,0,0,0"/>
</prefab>
