<?xml version="1.0" encoding="UTF-8"?>
<prefab>
    <property name="CopyAirBlocks" value="True"/>
    <property name="AllowTopSoilDecorations" value="True"/>
    <property name="ExcludeDistantPOIMesh" value="False"/>
    <property name="ExcludePOICulling" value="False"/>
    <property name="QuestTags" value="clear,fetch"/>
    <property name="DifficultyTier" value="2"/>
    <property name="Zoning" value="Residential"/>
    <property name="RotationToFaceNorth" value="2"/>
    <property name="YOffset" value="-8"/>
    <property name="DistantPOIYOffset" value="0"/>
    <property name="AllowedBiomes" value="snow"/>
    <property name="AllowedTownships" value="city,rural,town,wilderness"/>
    <property name="EditorGroups" value="downtown"/>
    <property name="SleeperVolumeStart" value="2, 3, 23#2, 8, 11#1, 14, 21#12, 0, 8"/>
    <property name="SleeperVolumeSize" value="42, 2, 13#42, 5, 32#11, 2, 21#27, 3, 12"/>
    <property name="SleeperVolumeGroup" value=",5,7,,7,9,,1,2,,3,4"/>
    <property name="SleeperVolumeGameStageAdjust" value=",,,"/>
    <property name="SleeperIsLootVolume" value="False,False,False,False"/>
    <property name="SleeperIsQuestExclude" value="False,False,False,False"/>
    <property name="SleeperVolumeFlags" value="0,0,0,0"/>
    <property name="SleeperVolumeGroupId" value="0,0,0,0"/>
    <property name="ShowQuestClearCount" value="0,0,0,0"/>
</prefab>
