<?xml version="1.0" encoding="UTF-8"?>
<prefab>
    <property name="CopyAirBlocks" value="True"/>
    <property name="AllowTopSoilDecorations" value="True"/>
    <property name="ExcludeDistantPOIMesh" value="False"/>
    <property name="ExcludePOICulling" value="False"/>
    <property name="QuestTags" value="clear,fetch"/>
    <property name="DifficultyTier" value="2"/>
    <property name="Zoning" value="Downtown,Residential"/>
    <property name="RotationToFaceNorth" value="0"/>
    <property name="YOffset" value="-2"/>
    <property name="DistantPOIYOffset" value="0"/>
    <property name="AllowedBiomes" value="snow,pine_forest,desert"/>
    <property name="AllowedTownships" value="town"/>
    <property name="EditorGroups" value="downtown, rural"/>
    <property name="SleeperVolumeStart" value="45, 2, 15#22, 2, 1#32, 7, 19#32, 3, 22#30, 3, 17#34, 3, 30#37, 3, 41#21, 3, 31#9, 3, 27#9, 2, 16#9, 8, 27#40, 7, 41"/>
    <property name="SleeperVolumeSize" value="18, 4, 34#41, 4, 14#9, 1, 10#7, 2, 3#14, 3, 13#10, 3, 10#7, 3, 7#13, 3, 10#12, 3, 21#21, 4, 11#21, 3, 14#2, 1, 5"/>
    <property name="SleeperVolumeGroup" value=",1,3,,1,3,,3,8,,0,0,,2,5,,1,2,,1,2,,3,4,,2,3,,1,1,,3,8,,0,0"/>
    <property name="SleeperVolumeGameStageAdjust" value=",,,,,,,,,,,"/>
    <property name="SleeperIsLootVolume" value="False,False,False,False,False,False,False,False,False,False,False,False"/>
    <property name="SleeperIsQuestExclude" value="False,False,False,False,False,False,False,False,False,False,False,False"/>
    <property name="SleeperVolumeFlags" value="0,0,2,2,0,0,2,2,0,0,2,2"/>
    <property name="SleeperVolumeGroupId" value="0,0,1,1,0,0,0,0,0,0,2,2"/>
    <property name="ShowQuestClearCount" value="0,0,0,0,0,0,0,0,0,0,0,0"/>
</prefab>
