<?xml version="1.0" encoding="UTF-8"?>
<prefab>
    <property name="CopyAirBlocks" value="True"/>
    <property name="AllowTopSoilDecorations" value="True"/>
    <property name="ExcludeDistantPOIMesh" value="False"/>
    <property name="ExcludePOICulling" value="False"/>
    <property name="DifficultyTier" value="1"/>
    <property name="Zoning" value="Commercial,Residential"/>
    <property name="RotationToFaceNorth" value="0"/>
    <property name="YOffset" value="-9"/>
    <property name="DistantPOIYOffset" value="0"/>
    <property name="AllowedBiomes" value="snow,pine_forest,desert"/>
    <property name="AllowedTownships" value="city,town"/>
    <property name="EditorGroups" value="commercial, downtown, rural"/>
    <property name="SleeperVolumeStart" value="19, 10, 36#25, 9, 25#26, 4, 22#36, 10, 20#36, 11, 9#27, 16, 13#25, 10, 12#19, 10, 12#13, 10, 12#14, 10, 15#5, 10, 10#16, 15, 15#13, 15, 21#16, 15, 30#25, 15, 28#14, 10, 24#11, 10, 29#12, 10, 35#12, 10, 39"/>
    <property name="SleeperVolumeSize" value="17, 3, 6#11, 3, 12#9, 4, 9#7, 3, 14#9, 6, 15#15, 6, 18#11, 3, 12#4, 2, 7#6, 3, 4#5, 3, 8#8, 3, 13#7, 1, 7#13, 3, 9#9, 1, 8#15, 2, 12#9, 3, 12#6, 3, 6#7, 3, 4#7, 3, 4"/>
    <property name="SleeperVolumeGroup" value=",5,6,,3,4,,1,1,,3,4,,3,4,,3,3,,4,5,,1,1,,1,2,,2,2,,4,5,,2,2,,2,3,,1,1,,3,4,,5,6,,1,1,,5,6,,1,1"/>
    <property name="SleeperVolumeGameStageAdjust" value=",,,,,,,,,,,,,,,,,,"/>
    <property name="SleeperIsLootVolume" value="True,True,True,True,True,True,True,True,True,True,False,True,True,True,True,True,True,True,True"/>
    <property name="SleeperIsQuestExclude" value="False,False,False,False,False,False,False,False,False,False,False,False,False,False,False,False,False,False,False"/>
    <property name="SleeperVolumeFlags" value="2,2,2,2,2,2,2,2,2,2,0,2,2,2,2,2,2,2,2"/>
    <property name="SleeperVolumeGroupId" value="0,0,0,0,0,0,0,0,8,0,0,0,0,0,0,0,0,0,0"/>
    <property name="ShowQuestClearCount" value="0,0,0,0,0,0,0,0,0,0,0,0,0,0,0,0,0,0,0"/>
</prefab>
