<?xml version="1.0" encoding="UTF-8"?>
<prefab>
    <property name="CopyAirBlocks" value="True"/>
    <property name="AllowTopSoilDecorations" value="True"/>
    <property name="ExcludeDistantPOIMesh" value="False"/>
    <property name="ExcludePOICulling" value="False"/>
    <property name="QuestTags" value="clear,fetch"/>
    <property name="DifficultyTier" value="5"/>
    <property name="Zoning" value="Residential"/>
    <property name="RotationToFaceNorth" value="0"/>
    <property name="YOffset" value="-1"/>
    <property name="DistantPOIYOffset" value="0"/>
    <property name="AllowedBiomes" value="snow,pine_forest"/>
    <property name="AllowedTownships" value="rural,town,wilderness"/>
    <property name="EditorGroups" value="Wilderness, rural, house old"/>
    <property name="SleeperVolumeStart" value="1, 0, 0#8, 5, 7#8, 9, 7#7, 13, 6"/>
    <property name="SleeperVolumeSize" value="41, 5, 41#31, 4, 26#31, 4, 26#33, 8, 28"/>
    <property name="SleeperVolumeGroup" value=",15,20,,15,20,,20,30,,10,15"/>
    <property name="SleeperVolumeGameStageAdjust" value=",,,"/>
    <property name="SleeperIsLootVolume" value="False,False,False,False"/>
    <property name="SleeperIsQuestExclude" value="False,False,False,False"/>
    <property name="SleeperVolumeFlags" value="0,0,0,0"/>
    <property name="SleeperVolumeGroupId" value="0,0,0,0"/>
    <property name="ShowQuestClearCount" value="0,0,0,0"/>
</prefab>
