<?xml version="1.0" encoding="UTF-8"?>
<prefab>
    <property name="CopyAirBlocks" value="True"/>
    <property name="AllowTopSoilDecorations" value="True"/>
    <property name="ExcludeDistantPOIMesh" value="False"/>
    <property name="ExcludePOICulling" value="False"/>
    <property name="QuestTags" value="clear,fetch"/>
    <property name="DifficultyTier" value="3"/>
    <property name="Zoning" value="Downtown,Residential"/>
    <property name="RotationToFaceNorth" value="2"/>
    <property name="YOffset" value="-1"/>
    <property name="DistantPOIYOffset" value="0"/>
    <property name="AllowedBiomes" value="burnt_forest,desert,wasteland"/>
    <property name="AllowedTownships" value="city,rural,town"/>
    <property name="EditorGroups" value="rural, downtown"/>
    <property name="SleeperVolumeStart" value="43, 1, 40#37, 1, 31#37, 1, 39#45, 1, 30#55, 1, 3#69, 1, 41#66, 1, 39#63, 1, 29#74, 1, 31#29, 1, 24#29, 1, 39#67, 7, 23#84, 1, 29#21, 8, 23#37, 8, 23#20, 1, 30#20, 1, 37"/>
    <property name="SleeperVolumeSize" value="3, 3, 2#10, 3, 9#5, 3, 3#10, 3, 12#8, 3, 44#3, 5, 2#1, 2, 3#11, 3, 12#7, 3, 10#7, 3, 15#7, 3, 3#29, 4, 15#10, 7, 14#17, 3, 21#29, 7, 21#5, 4, 7#6, 4, 6"/>
    <property name="SleeperVolumeGroup" value=",1,1,,3,5,,1,2,,5,8,,3,4,,1,2,,1,1,,2,3,,3,4,,2,3,,1,1,,2,3,,3,5,,1,2,,5,8,,1,2,,2,3"/>
    <property name="SleeperVolumeGameStageAdjust" value=",,,,,,,,,,,,,,,,"/>
    <property name="SleeperIsLootVolume" value="False,False,False,False,False,False,False,False,False,False,False,False,False,False,False,False,False"/>
    <property name="SleeperIsQuestExclude" value="False,False,False,False,False,False,False,False,False,False,False,False,False,False,False,False,False"/>
    <property name="SleeperVolumeFlags" value="0,0,0,0,0,0,0,0,0,0,0,0,0,0,0,0,0"/>
    <property name="SleeperVolumeGroupId" value="0,0,0,0,0,0,0,0,0,0,0,0,0,0,0,0,0"/>
    <property name="ShowQuestClearCount" value="0,0,0,0,0,0,0,0,0,0,0,0,0,0,0,0,0"/>
</prefab>
