<?xml version="1.0" encoding="UTF-8"?>
<prefab>
    <property name="CopyAirBlocks" value="True"/>
    <property name="AllowTopSoilDecorations" value="True"/>
    <property name="ExcludeDistantPOIMesh" value="False"/>
    <property name="ExcludePOICulling" value="False"/>
    <property name="QuestTags" value="clear,fetch"/>
    <property name="DifficultyTier" value="5"/>
    <property name="Zoning" value="Industrial,Residential"/>
    <property name="RotationToFaceNorth" value="0"/>
    <property name="YOffset" value="-36"/>
    <property name="DistantPOIYOffset" value="0"/>
    <property name="AllowedBiomes" value="snow,pine_forest,desert"/>
    <property name="AllowedTownships" value="city"/>
    <property name="EditorGroups" value="rural, industrial"/>
    <property name="SleeperVolumeStart" value="52, 36, 61#69, 36, 61#81, 40, 61#48, 36, 11#69, 36, 11#87, 36, 1#82, 36, 34#72, 36, 34#54, 36, 34#72, 40, 34#33, 36, 46#22, 37, 78#22, 41, 78#4, 37, 77#4, 37, 69#4, 41, 67#4, 41, 61#4, 41, 51#4, 37, 60#4, 37, 52#22, 37, 52#22, 37, 60#22, 41, 52#22, 45, 52#9, 49, 52#21, 54, 52#21, 54, 63#-1, 36, 46#-1, 36, 7#-1, 36, 0#7, 27, 13#7, 16, 32#7, 3, 11#33, 1, 21#43, 10, 38#3, 26, 66#44, 22, 40#22, 42, 63#7, 36, 85#54, 35, 47#7, 27, 53#46, 26, 50"/>
    <property name="SleeperVolumeSize" value="17, 3, 22#19, 3, 22#6, 4, 22#21, 14, 22#18, 16, 22#7, 3, 33#7, 3, 27#10, 3, 27#16, 3, 27#10, 3, 27#16, 3, 39#9, 3, 7#9, 3, 7#17, 4, 8#17, 3, 8#17, 3, 6#17, 3, 6#17, 3, 10#17, 3, 9#17, 3, 7#9, 3, 7#9, 3, 18#9, 3, 11#9, 3, 11#22, 3, 11#10, 3, 11#10, 3, 10#5, 3, 39#5, 3, 39#88, 3, 10#20, 16, 37#20, 9, 18#25, 8, 39#20, 9, 31#14, 10, 14#45, 5, 7#10, 10, 10#9, 3, 11#84, 3, 10#11, 5, 14#41, 5, 11#14, 6, 7"/>
    <property name="SleeperVolumeGroup" value=",2,3,,3,4,,3,4,,3,4,,6,8,,3,4,,2,3,,5,6,,4,5,,4,5,,2,3,,1,2,,1,2,,1,2,,1,1,,1,2,,1,2,,2,3,,1,2,,1,2,,1,2,,3,4,,1,2,,1,2,,3,4,,2,3,,1,2,,1,2,,1,2,,6,8,,3,4,,4,5,,6,8,,3,4,,1,2,,4,5,,2,3,,2,3,,1,2,,1,2,,2,3,,2,3"/>
    <property name="SleeperVolumeGameStageAdjust" value=",,,,,,,,,,,,,,,,,,,,,,,,,,,,,,,,,,,,,,,,,"/>
    <property name="SleeperIsLootVolume" value="False,False,False,False,False,False,False,False,False,False,False,False,False,False,False,False,False,False,False,False,False,False,False,False,False,False,False,False,False,False,False,False,False,False,False,False,False,False,False,False,False,False"/>
    <property name="SleeperIsQuestExclude" value="False,False,False,False,False,False,False,False,False,False,False,False,False,False,False,False,False,False,False,False,False,False,False,False,False,False,False,False,False,False,False,False,False,False,False,False,False,False,False,False,False,False"/>
    <property name="SleeperVolumeFlags" value="0,0,0,0,0,0,0,0,0,0,0,0,0,0,0,0,0,0,0,0,0,0,0,0,0,0,0,0,0,0,0,0,0,0,0,0,0,0,0,0,0,0"/>
    <property name="SleeperVolumeGroupId" value="0,0,0,0,0,0,0,0,0,0,0,0,0,0,0,0,0,0,0,0,0,0,0,0,0,0,0,0,0,0,0,0,0,0,0,0,0,0,0,0,0,0"/>
    <property name="ShowQuestClearCount" value="0,0,0,0,0,0,0,0,0,0,0,0,0,0,0,0,0,0,0,0,0,0,0,0,0,0,0,0,0,0,0,0,0,0,0,0,0,0,0,0,0,0"/>
</prefab>
