<?xml version="1.0" encoding="UTF-8"?>
<prefab>
    <property name="CopyAirBlocks" value="True"/>
    <property name="AllowTopSoilDecorations" value="True"/>
    <property name="ExcludeDistantPOIMesh" value="False"/>
    <property name="ExcludePOICulling" value="False"/>
    <property name="DifficultyTier" value="1"/>
    <property name="Zoning" value="Industrial,Residential"/>
    <property name="RotationToFaceNorth" value="3"/>
    <property name="YOffset" value="-9"/>
    <property name="DistantPOIYOffset" value="0"/>
    <property name="AllowedBiomes" value="snow,pine_forest,desert"/>
    <property name="AllowedTownships" value="rural"/>
    <property name="EditorGroups" value="industrial"/>
    <property name="SleeperVolumeStart" value="1, 5, 1#3, 13, 11#1, 1, 11#3, 1, 11"/>
    <property name="SleeperVolumeSize" value="18, 8, 18#15, 3, 8#18, 3, 8#3, 3, 8"/>
    <property name="SleeperVolumeGroup" value=",6,12,,2,3,,2,2,,1,2"/>
    <property name="SleeperVolumeGameStageAdjust" value="easy,,,"/>
    <property name="SleeperIsLootVolume" value="False,False,False,True"/>
    <property name="SleeperIsQuestExclude" value="False,False,False,False"/>
    <property name="SleeperVolumeFlags" value="0,0,0,0"/>
    <property name="SleeperVolumeGroupId" value="0,0,0,0"/>
    <property name="ShowQuestClearCount" value="0,0,0,0"/>
</prefab>
