<?xml version="1.0" encoding="UTF-8"?>
<prefab>
    <property name="CopyAirBlocks" value="True"/>
    <property name="AllowTopSoilDecorations" value="True"/>
    <property name="ExcludeDistantPOIMesh" value="False"/>
    <property name="ExcludePOICulling" value="False"/>
    <property name="QuestTags" value="clear,fetch"/>
    <property name="DifficultyTier" value="3"/>
    <property name="Zoning" value="ResidentialNew,Residential"/>
    <property name="RotationToFaceNorth" value="3"/>
    <property name="YOffset" value="-1"/>
    <property name="DistantPOIYOffset" value="0"/>
    <property name="AllowedBiomes" value="pine_forest"/>
    <property name="AllowedTownships" value="town"/>
    <property name="EditorGroups" value="house new, house old, rural, Wilderness"/>
    <property name="SleeperVolumeStart" value="14, 1, 2#11, 6, 2#4, 6, 23#18, 1, 31#19, 1, 23#13, 1, 24#13, 2, 31#13, 2, 35#1, 1, 2"/>
    <property name="SleeperVolumeSize" value="22, 3, 21#25, 4, 21#26, 4, 16#16, 3, 9#14, 3, 8#6, 4, 7#5, 4, 4#5, 4, 4#13, 3, 21"/>
    <property name="SleeperVolumeGroup" value=",9,15,,3,11,,1,4,,1,5,,2,5,,1,2,,1,3,,1,4,,1,3"/>
    <property name="SleeperVolumeGameStageAdjust" value=",,,,,,,,"/>
    <property name="SleeperIsLootVolume" value="False,False,False,False,False,False,False,False,False"/>
    <property name="SleeperIsQuestExclude" value="False,False,False,False,False,False,False,False,False"/>
    <property name="SleeperVolumeFlags" value="0,0,0,0,0,0,0,2,0"/>
    <property name="SleeperVolumeGroupId" value="0,0,0,0,0,0,0,0,0"/>
    <property name="ShowQuestClearCount" value="0,0,0,0,0,0,0,0,0"/>
</prefab>
