<?xml version="1.0" encoding="UTF-8"?>
<prefab>
    <property name="CopyAirBlocks" value="True"/>
    <property name="AllowTopSoilDecorations" value="True"/>
    <property name="ExcludeDistantPOIMesh" value="False"/>
    <property name="ExcludePOICulling" value="False"/>
    <property name="QuestTags" value="clear,fetch"/>
    <property name="DifficultyTier" value="3"/>
    <property name="Zoning" value="Residential"/>
    <property name="RotationToFaceNorth" value="2"/>
    <property name="YOffset" value="-7"/>
    <property name="DistantPOIYOffset" value="0"/>
    <property name="AllowedBiomes" value="burnt_forest,wasteland"/>
    <property name="AllowedTownships" value="town"/>
    <property name="EditorGroups" value="Wilderness"/>
    <property name="SleeperVolumeStart" value="31, 16, 10#29, 16, 10#16, 16, 9#12, 12, 13#16, 12, 13#20, 12, 13#25, 12, 13#24, 12, 4#31, 12, 6#12, 12, 6#12, 7, 5#12, 7, 13#24, 7, 5#27, 7, 12#18, 7, 10#18, 7, 12#20, 7, 18#12, 7, 24#5, 8, 15#11, 4, 13#15, 4, 9#19, 4, 13#24, 4, 13#27, 4, 5#21, 4, 5"/>
    <property name="SleeperVolumeSize" value="2, 2, 4#2, 2, 4#13, 2, 6#4, 2, 6#4, 2, 6#4, 2, 6#4, 2, 6#5, 2, 8#4, 2, 10#14, 2, 10#7, 2, 8#7, 2, 7#3, 2, 5#5, 2, 6#9, 2, 1#9, 2, 5#12, 2, 7#5, 2, 7#6, 2, 17#5, 2, 4#11, 2, 2#4, 2, 2#4, 2, 2#3, 2, 7#3, 2, 4"/>
    <property name="SleeperVolumeGroup" value=",1,1,,1,2,,1,2,,1,2,,1,1,,1,1,,1,2,,1,1,,1,1,,3,4,,1,2,,1,2,,1,1,,1,1,,1,2,,1,2,,1,2,,1,1,,1,2,,1,2,,1,2,,1,1,,1,2,,1,2,,1,1"/>
    <property name="SleeperVolumeGameStageAdjust" value=",,,,,,,,,,,,,,,,,,,,,,,,"/>
    <property name="SleeperIsLootVolume" value="False,False,False,False,False,False,False,False,False,False,False,False,False,False,False,False,False,False,False,False,False,False,False,False,False"/>
    <property name="SleeperIsQuestExclude" value="False,False,False,False,False,False,False,False,False,False,False,False,False,False,False,False,False,False,False,False,False,False,False,False,False"/>
    <property name="SleeperVolumeFlags" value="0,0,0,0,0,0,0,0,0,0,0,0,0,0,0,0,0,0,0,0,0,0,0,0,0"/>
    <property name="SleeperVolumeGroupId" value="0,0,0,0,0,0,0,0,0,0,0,0,0,0,0,0,0,0,0,0,0,0,0,0,0"/>
    <property name="ShowQuestClearCount" value="0,0,0,0,0,0,0,0,0,0,0,0,0,0,0,0,0,0,0,0,0,0,0,0,0"/>
</prefab>
