<?xml version="1.0" encoding="UTF-8"?>
<prefab>
    <property name="CopyAirBlocks" value="True"/>
    <property name="AllowTopSoilDecorations" value="True"/>
    <property name="ExcludeDistantPOIMesh" value="False"/>
    <property name="ExcludePOICulling" value="False"/>
    <property name="QuestTags" value="clear,fetch"/>
    <property name="DifficultyTier" value="2"/>
    <property name="Zoning" value="Commercial,Residential"/>
    <property name="RotationToFaceNorth" value="2"/>
    <property name="YOffset" value="-2"/>
    <property name="DistantPOIYOffset" value="0"/>
    <property name="AllowedBiomes" value="snow,pine_forest"/>
    <property name="AllowedTownships" value="city"/>
    <property name="EditorGroups" value="Cityblocks, commercial"/>
    <property name="SleeperVolumeStart" value="5, 2, 18#13, 68, 20"/>
    <property name="SleeperVolumeSize" value="29, 4, 23#19, 5, 19"/>
    <property name="SleeperVolumeGroup" value=",2,3,,5,7"/>
    <property name="SleeperVolumeGameStageAdjust" value=","/>
    <property name="SleeperIsLootVolume" value="False,False"/>
    <property name="SleeperIsQuestExclude" value="False,False"/>
    <property name="SleeperVolumeFlags" value="0,0"/>
    <property name="SleeperVolumeGroupId" value="0,0"/>
    <property name="ShowQuestClearCount" value="0,0"/>
</prefab>
