<?xml version="1.0" encoding="UTF-8"?>
<prefab>
    <property name="CopyAirBlocks" value="True"/>
    <property name="AllowTopSoilDecorations" value="True"/>
    <property name="ExcludeDistantPOIMesh" value="False"/>
    <property name="ExcludePOICulling" value="False"/>
    <property name="QuestTags" value="clear,fetch"/>
    <property name="DifficultyTier" value="2"/>
    <property name="Zoning" value="Downtown,Residential"/>
    <property name="RotationToFaceNorth" value="2"/>
    <property name="YOffset" value="-1"/>
    <property name="DistantPOIYOffset" value="0"/>
    <property name="AllowedBiomes" value="burnt_forest,snow,pine_forest,desert,wasteland"/>
    <property name="AllowedTownships" value="city,town"/>
    <property name="EditorGroups" value="downtown"/>
    <property name="SleeperVolumeStart" value="1, 1, 6#6, 1, 14#9, 8, 8#7, 1, 6#11, 0, 6#3, 0, 1#18, 1, 7#23, 1, 7#18, 1, 16"/>
    <property name="SleeperVolumeSize" value="5, 3, 13#5, 2, 5#17, 2, 9#4, 2, 6#7, 3, 12#26, 3, 5#5, 2, 9#5, 2, 9#10, 3, 3"/>
    <property name="SleeperVolumeGroup" value=",2,3,,2,3,,4,6,,1,1,,3,4,,5,6,,1,2,,1,2,,1,1"/>
    <property name="SleeperVolumeGameStageAdjust" value="0,0,0,0,0,0,0,0,0"/>
    <property name="SleeperIsLootVolume" value="False,False,False,False,False,False,False,False,False"/>
    <property name="SleeperIsQuestExclude" value="False,False,False,False,False,False,False,False,False"/>
    <property name="SleeperVolumeFlags" value="0,0,0,2,0,0,0,0,0"/>
    <property name="SleeperVolumeGroupId" value="0,0,0,0,0,0,0,0,0"/>
    <property name="ShowQuestClearCount" value="0,0,0,0,0,0,0,0,0"/>
</prefab>
