<?xml version="1.0" encoding="UTF-8"?>
<prefab>
    <property name="CopyAirBlocks" value="True"/>
    <property name="AllowTopSoilDecorations" value="True"/>
    <property name="ExcludeDistantPOIMesh" value="False"/>
    <property name="ExcludePOICulling" value="False"/>
    <property name="QuestTags" value="clear,fetch"/>
    <property name="DifficultyTier" value="2"/>
    <property name="Zoning" value="Industrial,Residential"/>
    <property name="RotationToFaceNorth" value="3"/>
    <property name="YOffset" value="-13"/>
    <property name="DistantPOIYOffset" value="0"/>
    <property name="AllowedBiomes" value="snow,pine_forest"/>
    <property name="AllowedTownships" value="city,rural,town,wilderness"/>
    <property name="EditorGroups" value="Wilderness, industrial"/>
    <property name="SleeperVolumeStart" value="1, 1, 3#5, 1, 13#0, 13, 0#3, 24, 12#0, 13, 16#2, 18, 13#3, 13, 13#1, 8, 1"/>
    <property name="SleeperVolumeSize" value="19, 2, 9#10, 3, 3#19, 5, 13#15, 2, 8#19, 2, 4#16, 3, 4#11, 2, 3#16, 2, 6"/>
    <property name="SleeperVolumeGroup" value=",4,7,,2,3,,4,6,,2,5,,2,3,,3,5,,1,2,,2,3"/>
    <property name="SleeperVolumeGameStageAdjust" value="0,0,0,0,0,,,"/>
    <property name="SleeperIsLootVolume" value="False,False,False,False,False,False,False,False"/>
    <property name="SleeperIsQuestExclude" value="False,False,False,False,False,False,False,False"/>
    <property name="SleeperVolumeFlags" value="0,0,0,0,0,0,0,0"/>
    <property name="SleeperVolumeGroupId" value="0,0,0,0,0,0,0,0"/>
    <property name="ShowQuestClearCount" value="0,0,0,0,0,0,0,0"/>
</prefab>
