<?xml version="1.0" encoding="UTF-8"?>
<prefab>
    <property name="CopyAirBlocks" value="True"/>
    <property name="AllowTopSoilDecorations" value="True"/>
    <property name="ExcludeDistantPOIMesh" value="False"/>
    <property name="ExcludePOICulling" value="False"/>
    <property name="QuestTags" value="clear,fetch"/>
    <property name="DifficultyTier" value="5"/>
    <property name="Zoning" value="Industrial,Residential"/>
    <property name="RotationToFaceNorth" value="0"/>
    <property name="YOffset" value="-10"/>
    <property name="DistantPOIYOffset" value="0"/>
    <property name="Condition" value="New"/>
    <property name="Age" value="Normal"/>
    <property name="AllowedBiomes" value="burnt_forest,wasteland"/>
    <property name="AllowedTownships" value="city,rural,wilderness"/>
    <property name="EditorGroups" value="industrial"/>
    <property name="SleeperVolumeStart" value="64, 11, 45#50, 12, 46#37, 15, 43#36, 11, 47#62, 10, 22#40, 8, 18#18, 0, 0#10, 11, 10#12, 11, 25#31, 9, 34#47, 10, 28#5, 19, 7"/>
    <property name="SleeperVolumeSize" value="12, 3, 15#17, 7, 23#40, 3, 16#15, 4, 12#17, 4, 24#17, 3, 16#32, 6, 42#21, 7, 18#15, 7, 15#15, 8, 8#13, 4, 17#74, 10, 57"/>
    <property name="SleeperVolumeGroup" value=",2,5,,2,5,,3,10,,1,3,,1,4,,1,4,,3,8,,4,11,,1,3,,1,4,,2,5,,3,8"/>
    <property name="SleeperVolumeGameStageAdjust" value=",,,,,,,,,,,"/>
    <property name="SleeperIsLootVolume" value="False,False,False,False,False,False,False,False,False,False,False,False"/>
    <property name="SleeperIsQuestExclude" value="False,False,False,False,False,False,False,False,False,False,False,False"/>
    <property name="SleeperVolumeFlags" value="0,0,0,0,0,0,0,0,0,0,0,0"/>
    <property name="SleeperVolumeGroupId" value="0,0,0,0,0,0,0,0,0,0,0,0"/>
    <property name="ShowQuestClearCount" value="0,0,0,0,0,0,0,0,0,0,0,0"/>
</prefab>
