<?xml version="1.0" encoding="UTF-8"?>
<prefab>
    <property name="CopyAirBlocks" value="True"/>
    <property name="AllowTopSoilDecorations" value="True"/>
    <property name="ExcludeDistantPOIMesh" value="False"/>
    <property name="ExcludePOICulling" value="False"/>
    <property name="DifficultyTier" value="2"/>
    <property name="Zoning" value="Downtown,Residential"/>
    <property name="RotationToFaceNorth" value="0"/>
    <property name="YOffset" value="-2"/>
    <property name="DistantPOIYOffset" value="0"/>
    <property name="AllowedBiomes" value="wasteland"/>
    <property name="AllowedTownships" value="rural"/>
    <property name="EditorGroups" value="Wilderness, industrial, rural"/>
    <property name="SleeperVolumeStart" value="0, 0, 0#14, 0, 0#25, 0, 0#39, 0, 0#55, 0, 0#68, 0, 0#86, 0, 0"/>
    <property name="SleeperVolumeSize" value="14, 3, 10#11, 3, 10#14, 3, 10#16, 3, 10#13, 3, 10#18, 3, 10#15, 3, 10"/>
    <property name="SleeperVolumeGroup" value=",1,2,,1,1,,4,5,,1,2,,2,3,,3,4,,2,3"/>
    <property name="SleeperVolumeGameStageAdjust" value=",,,,,,"/>
    <property name="SleeperIsLootVolume" value="False,False,False,False,False,False,False"/>
    <property name="SleeperIsQuestExclude" value="False,False,False,False,False,False,False"/>
    <property name="SleeperVolumeFlags" value="0,0,0,0,0,0,0"/>
    <property name="SleeperVolumeGroupId" value="0,0,0,0,0,0,0"/>
    <property name="ShowQuestClearCount" value="0,0,0,0,0,0,0"/>
</prefab>
