<?xml version="1.0" encoding="UTF-8"?>
<prefab>
    <property name="CopyAirBlocks" value="True"/>
    <property name="AllowTopSoilDecorations" value="True"/>
    <property name="ExcludeDistantPOIMesh" value="False"/>
    <property name="ExcludePOICulling" value="False"/>
    <property name="DifficultyTier" value="5"/>
    <property name="Zoning" value="Downtown,Residential"/>
    <property name="RotationToFaceNorth" value="3"/>
    <property name="YOffset" value="-41"/>
    <property name="DistantPOIYOffset" value="0"/>
    <property name="Condition" value="New"/>
    <property name="Age" value="Normal"/>
    <property name="AllowedBiomes" value="snow,pine_forest"/>
    <property name="AllowedTownships" value="rural,wilderness"/>
    <property name="DisallowedBiomes" value="water,radiated"/>
    <property name="EditorGroups" value="Wilderness, rural"/>
    <property name="SleeperVolumeStart" value="21, 0, 24#21, 8, 24#21, 22, 24#57, 0, 14#21, 15, 24#0, 41, 0#20, 41, 0#35, 41, 65#20, 41, 112#34, 40, 25#55, 40, 25#56, 50, 25#82, 41, 65#87, 41, 0#51, 41, 65#35, 40, 96#20, 40, 9#72, 32, 10#20, 41, 25#76, 41, 27"/>
    <property name="SleeperVolumeSize" value="54, 7, 73#54, 6, 73#54, 8, 73#13, 27, 11#54, 6, 73#20, 4, 121#67, 3, 9#16, 21, 30#77, 3, 9#21, 8, 40#21, 9, 37#15, 7, 33#4, 3, 4#10, 4, 112#25, 5, 31#52, 13, 16#67, 19, 16#15, 8, 15#15, 13, 87#11, 12, 67"/>
    <property name="SleeperVolumeGroup" value=",20,30,,10,15,,10,18,,3,7,,10,15,,12,15,,3,5,,8,15,,8,10,,8,15,,4,8,,4,8,,1,1,,9,11,,1,4,,10,18,,8,15,,1,3,,10,15,,6,10"/>
    <property name="SleeperVolumeGameStageAdjust" value="0,0,0,0,0,0,0,0,0,0,0,0,0,0,0,0,0,0,0,0"/>
    <property name="SleeperIsLootVolume" value="False,False,True,False,False,False,False,False,False,True,False,False,False,False,True,False,False,False,False,False"/>
    <property name="SleeperIsQuestExclude" value="False,False,False,False,False,False,False,False,False,False,False,False,False,False,False,False,False,False,False,False"/>
    <property name="SleeperVolumeFlags" value="2,0,0,0,0,0,0,0,0,0,0,2,0,0,0,0,0,0,0,0"/>
    <property name="SleeperVolumeGroupId" value="0,0,0,0,0,0,0,0,0,0,0,0,0,0,0,0,0,0,0,0"/>
    <property name="ShowQuestClearCount" value="0,0,0,0,0,0,0,0,0,0,0,0,0,0,0,0,0,0,0,0"/>
</prefab>
