<?xml version="1.0" encoding="UTF-8"?>
<prefab>
    <property name="CopyAirBlocks" value="True"/>
    <property name="AllowTopSoilDecorations" value="True"/>
    <property name="ExcludeDistantPOIMesh" value="False"/>
    <property name="ExcludePOICulling" value="False"/>
    <property name="QuestTags" value="clear,fetch"/>
    <property name="DifficultyTier" value="3"/>
    <property name="Zoning" value="Commercial,Residential"/>
    <property name="RotationToFaceNorth" value="3"/>
    <property name="YOffset" value="-3"/>
    <property name="DistantPOIYOffset" value="0"/>
    <property name="AllowedBiomes" value="snow,pine_forest,desert"/>
    <property name="AllowedTownships" value="city,rural,wilderness"/>
    <property name="EditorGroups" value="commercial, downtown"/>
    <property name="SleeperVolumeStart" value="19, 35, 35#42, 10, 80#55, 10, 69#13, 27, 11#43, 28, 72#11, 4, 71#19, 4, 68#32, 4, 70#31, 4, 82#19, 4, 33#33, 4, 47#35, 3, 60#34, 3, 36#59, 4, 44#11, 4, 8#25, 4, 10#38, 4, 10#47, 4, 10#42, 4, 16#57, 4, 11#26, 10, 66#19, 10, 79#7, 10, 69#50, 10, 6#25, 10, 6#6, 10, 6#6, 18, 6#26, 19, 6#45, 19, 6#19, 19, 38#53, 19, 68#6, 19, 68#6, 19, 74#9, 28, 68#37, 28, 8#18, 28, 36#0, 0, 35"/>
    <property name="SleeperVolumeSize" value="25, 4, 22#4, 8, 4#22, 8, 28#24, 8, 25#32, 4, 22#15, 3, 22#10, 3, 11#38, 3, 23#8, 3, 12#14, 3, 35#10, 3, 13#5, 3, 8#6, 3, 11#16, 5, 23#13, 3, 21#6, 3, 8#9, 5, 6#9, 3, 9#33, 3, 18#18, 4, 20#29, 3, 31#7, 3, 17#15, 3, 9#28, 3, 30#25, 3, 33#19, 8, 30#20, 9, 30#19, 3, 32#33, 3, 30#23, 14, 30#25, 3, 30#47, 3, 5#47, 3, 24#34, 4, 27#39, 3, 26#29, 3, 33#16, 7, 17"/>
    <property name="SleeperVolumeGroup" value=",3,4,,1,1,,5,8,,3,4,,5,6,,5,6,,3,3,,3,3,,3,3,,8,8,,1,2,,2,2,,3,3,,2,2,,5,5,,2,2,,2,2,,3,3,,2,2,,2,2,,6,6,,2,2,,2,2,,3,3,,7,8,,10,10,,4,4,,4,4,,3,3,,3,3,,6,6,,3,3,,9,10,,6,6,,2,2,,1,1,,1,1"/>
    <property name="SleeperVolumeGameStageAdjust" value=",,,,,0,,,,,,,,,,,,,,,,,,,,,,,,,,,,,,,"/>
    <property name="SleeperIsLootVolume" value="False,True,False,False,False,False,True,False,True,False,False,False,False,False,False,False,False,True,False,True,False,False,False,False,False,False,False,False,False,False,False,False,False,False,False,True,False"/>
    <property name="SleeperIsQuestExclude" value="False,False,False,False,False,False,False,False,False,False,False,False,False,False,False,False,False,False,False,False,False,False,False,False,False,False,False,False,False,False,False,False,False,False,False,False,False"/>
    <property name="SleeperVolumeFlags" value="0,0,0,0,0,0,0,0,0,0,0,0,0,0,0,0,0,0,0,0,0,0,0,0,0,0,0,0,0,0,0,0,0,0,0,0,0"/>
    <property name="SleeperVolumeGroupId" value="0,0,0,0,0,0,0,0,0,0,0,0,0,0,0,0,0,0,0,0,0,0,0,0,0,0,0,0,0,0,0,0,0,0,0,0,0"/>
    <property name="ShowQuestClearCount" value="0,0,0,0,0,0,0,0,0,0,0,0,0,0,0,0,0,0,0,0,0,0,0,0,0,0,0,0,0,0,0,0,0,0,0,0,0"/>
</prefab>
