<?xml version="1.0" encoding="UTF-8"?>
<prefab>
    <property name="CopyAirBlocks" value="True"/>
    <property name="AllowTopSoilDecorations" value="True"/>
    <property name="ExcludeDistantPOIMesh" value="False"/>
    <property name="ExcludePOICulling" value="False"/>
    <property name="QuestTags" value="clear,fetch"/>
    <property name="DifficultyTier" value="5"/>
    <property name="Zoning" value="Residential"/>
    <property name="RotationToFaceNorth" value="1"/>
    <property name="YOffset" value="-2"/>
    <property name="DistantPOIYOffset" value="0"/>
    <property name="AllowedBiomes" value="snow,pine_forest,desert"/>
    <property name="AllowedTownships" value="city,rural,town,wilderness"/>
    <property name="EditorGroups" value="house new, house old, House medium, rural"/>
    <property name="SleeperVolumeStart" value="171, 2, 49#7, 2, 21#27, 2, 55#104, 2, 2#62, 2, 29#76, 2, 47#90, 2, 47#90, 2, 69#76, 2, 55#90, 2, 75#94, 2, 101#76, 2, 103#78, 2, 93#72, 2, 109#77, 12, 46#88, 12, 53#86, 12, 68#88, 12, 76#93, 12, 91#77, 12, 53#76, 12, 63#77, 19, 76"/>
    <property name="SleeperVolumeSize" value="11, 5, 82#14, 5, 94#48, 5, 17#33, 5, 100#38, 5, 18#10, 5, 7#10, 5, 22#14, 5, 6#10, 8, 38#10, 5, 26#10, 5, 8#18, 5, 6#11, 5, 10#36, 5, 19#24, 3, 7#13, 3, 15#19, 3, 8#14, 3, 15#8, 3, 10#11, 3, 10#10, 3, 38#12, 6, 16"/>
    <property name="SleeperVolumeGroup" value=",6,6,,8,8,,8,8,,4,4,,6,6,,3,3,,7,7,,4,4,,10,10,,6,6,,5,5,,4,4,,5,5,,9,9,,4,4,,7,7,,4,4,,5,5,,2,2,,4,4,,8,9,,5,5"/>
    <property name="SleeperVolumeGameStageAdjust" value=",,,,,,,,,,,,,,,,,,,,,"/>
    <property name="SleeperIsLootVolume" value="False,False,False,False,False,False,False,False,False,False,False,False,False,False,False,False,False,False,False,False,False,False"/>
    <property name="SleeperIsQuestExclude" value="False,False,False,False,False,False,False,False,False,False,False,False,False,False,False,False,False,False,False,False,False,False"/>
    <property name="SleeperVolumeFlags" value="2,2,2,2,2,0,2,0,2,0,0,0,0,0,0,0,0,0,0,0,0,0"/>
    <property name="SleeperVolumeGroupId" value="0,0,0,0,0,0,0,0,0,0,0,0,0,0,0,0,0,0,0,0,0,0"/>
    <property name="ShowQuestClearCount" value="0,0,0,0,0,0,0,0,0,0,0,0,0,0,0,0,0,0,0,0,0,0"/>
</prefab>
