<?xml version="1.0" encoding="UTF-8"?>
<prefab>
    <property name="CopyAirBlocks" value="True"/>
    <property name="AllowTopSoilDecorations" value="True"/>
    <property name="ExcludeDistantPOIMesh" value="False"/>
    <property name="ExcludePOICulling" value="False"/>
    <property name="QuestTags" value="clear,fetch"/>
    <property name="DifficultyTier" value="2"/>
    <property name="Zoning" value="ResidentialOld,Residential"/>
    <property name="RotationToFaceNorth" value="0"/>
    <property name="YOffset" value="-4"/>
    <property name="DistantPOIYOffset" value="0"/>
    <property name="MaxPerHub" value="1"/>
    <property name="AllowedBiomes" value="pine_forest"/>
    <property name="AllowedTownships" value="rural"/>
    <property name="EditorGroups" value="rural"/>
    <property name="SleeperVolumeStart" value="35, 4, 6#33, 4, 25#1, 4, 1#1, 4, 31#35, 4, 13"/>
    <property name="SleeperVolumeSize" value="10, 7, 7#7, 5, 6#34, 3, 30#43, 3, 13#10, 3, 12"/>
    <property name="SleeperVolumeGroup" value=",1,3,,2,3,,8,16,,7,9,,1,2"/>
    <property name="SleeperVolumeGameStageAdjust" value=",,,,"/>
    <property name="SleeperIsLootVolume" value="False,False,False,False,False"/>
    <property name="SleeperIsQuestExclude" value="False,False,False,False,False"/>
    <property name="SleeperVolumeFlags" value="0,0,0,0,0"/>
    <property name="SleeperVolumeGroupId" value="0,0,0,0,0"/>
    <property name="ShowQuestClearCount" value="0,0,0,0,0"/>
</prefab>
