<?xml version="1.0" encoding="UTF-8"?>
<prefab>
    <property name="CopyAirBlocks" value="True"/>
    <property name="AllowTopSoilDecorations" value="True"/>
    <property name="ExcludeDistantPOIMesh" value="False"/>
    <property name="ExcludePOICulling" value="False"/>
    <property name="DifficultyTier" value="2"/>
    <property name="Zoning" value="ResidentialNew,Residential"/>
    <property name="RotationToFaceNorth" value="3"/>
    <property name="YOffset" value="-1"/>
    <property name="DistantPOIYOffset" value="0"/>
    <property name="AllowedBiomes" value="snow,pine_forest"/>
    <property name="AllowedTownships" value="city,town"/>
    <property name="EditorGroups" value="house new, house old, HOUSE CONST, House medium"/>
    <property name="SleeperVolumeStart" value="7, 1, 22#9, 1, 23#20, 1, 9#9, 1, 9#9, 7, 23#9, 7, 9#20, 7, 9#20, 7, 32#16, 7, 32#11, 12, 29#11, 12, 19#11, 12, 9"/>
    <property name="SleeperVolumeSize" value="13, 5, 1#10, 5, 16#16, 5, 30#10, 5, 13#10, 4, 16#10, 4, 13#17, 4, 23#10, 4, 7#3, 4, 4#16, 4, 10#16, 4, 10#16, 4, 10"/>
    <property name="SleeperVolumeGroup" value=",1,2,,3,4,,6,7,,2,3,,3,4,,1,2,,5,6,,3,4,,2,2,,1,1,,2,2,,2,2"/>
    <property name="SleeperVolumeGameStageAdjust" value=",,,,,,,,,,,"/>
    <property name="SleeperIsLootVolume" value="False,False,False,False,False,False,False,True,True,False,False,False"/>
    <property name="SleeperIsQuestExclude" value="False,False,False,False,False,False,False,False,False,False,False,False"/>
    <property name="SleeperVolumeFlags" value="0,0,0,0,0,0,0,0,0,0,0,0"/>
    <property name="SleeperVolumeGroupId" value="0,0,0,0,0,0,0,0,0,0,0,0"/>
    <property name="ShowQuestClearCount" value="0,0,0,0,0,0,0,0,0,0,0,0"/>
</prefab>
