<?xml version="1.0" encoding="UTF-8"?>
<prefab>
    <property name="CopyAirBlocks" value="True"/>
    <property name="AllowTopSoilDecorations" value="True"/>
    <property name="ExcludeDistantPOIMesh" value="False"/>
    <property name="ExcludePOICulling" value="False"/>
    <property name="QuestTags" value="clear,fetch"/>
    <property name="DifficultyTier" value="2"/>
    <property name="Zoning" value="Downtown,Residential"/>
    <property name="RotationToFaceNorth" value="2"/>
    <property name="YOffset" value="-7"/>
    <property name="DistantPOIYOffset" value="0"/>
    <property name="AllowedBiomes" value="burnt_forest,pine_forest,desert"/>
    <property name="AllowedTownships" value="city,town"/>
    <property name="EditorGroups" value="downtown"/>
    <property name="SleeperVolumeStart" value="-1, 0, 0#-1, 7, 0#-1, 12, 15#9, 12, 24#7, 13, 15#0, 13, 0#12, 13, 0#20, 13, 0"/>
    <property name="SleeperVolumeSize" value="33, 6, 33#33, 5, 33#33, 8, 18#15, 3, 7#17, 4, 9#11, 7, 15#7, 7, 15#11, 7, 15"/>
    <property name="SleeperVolumeGroup" value=",9,10,,9,10,,9,10,,3,4,,7,8,,3,4,,4,5,,4,5"/>
    <property name="SleeperVolumeGameStageAdjust" value=",,,,,,,"/>
    <property name="SleeperIsLootVolume" value="False,False,False,True,True,False,False,False"/>
    <property name="SleeperIsQuestExclude" value="False,False,False,False,False,False,False,False"/>
    <property name="SleeperVolumeFlags" value="0,0,0,0,0,0,0,0"/>
    <property name="SleeperVolumeGroupId" value="0,0,0,0,0,0,0,0"/>
    <property name="ShowQuestClearCount" value="0,0,0,0,0,0,0,0"/>
</prefab>
