<?xml version="1.0" encoding="UTF-8"?>
<prefab>
    <property name="CopyAirBlocks" value="True"/>
    <property name="AllowTopSoilDecorations" value="True"/>
    <property name="TraderArea" value="True"/>
    <property name="TraderAreaProtect" value="20, 0, 20"/>
    <property name="TraderAreaTeleportSize" value="23, 6, 18"/>
    <property name="TraderAreaTeleportCenter" value="0, 0, 0"/>
    <property name="ExcludeDistantPOIMesh" value="False"/>
    <property name="ExcludePOICulling" value="True"/>
    <property name="QuestTags" value="trader"/>
    <property name="DifficultyTier" value="1"/>
    <property name="Zoning" value="ResidentialOld,Residential"/>
    <property name="RotationToFaceNorth" value="0"/>
    <property name="YOffset" value="-2"/>
    <property name="DistantPOIYOffset" value="0"/>
    <property name="AllowedBiomes" value="burnt_forest"/>
    <property name="AllowedTownships" value="city,town"/>
    <property name="EditorGroups" value="settlements, Wilderness"/>
</prefab>
