<?xml version="1.0" encoding="UTF-8"?>
<prefab>
    <property name="CopyAirBlocks" value="True"/>
    <property name="AllowTopSoilDecorations" value="True"/>
    <property name="ExcludeDistantPOIMesh" value="False"/>
    <property name="ExcludePOICulling" value="False"/>
    <property name="QuestTags" value="clear,fetch"/>
    <property name="DifficultyTier" value="5"/>
    <property name="Zoning" value="ResidentialOld,Residential"/>
    <property name="RotationToFaceNorth" value="3"/>
    <property name="YOffset" value="-32"/>
    <property name="DistantPOIYOffset" value="0"/>
    <property name="AllowedBiomes" value="snow,pine_forest,desert"/>
    <property name="AllowedTownships" value="rural,wilderness"/>
    <property name="EditorGroups" value="rural, Wilderness"/>
    <property name="SleeperVolumeStart" value="7, 32, 51#28, 32, 51#43, 32, 0#0, 32, 0#0, 32, 6#0, 32, 29#3, 32, 44#14, 26, 20#4, 32, 60#30, 32, 6#30, 32, 23#30, 32, 43#10, 32, 13#10, 32, 20#10, 32, 36#12, 17, 49#21, 18, 6#30, 19, 8#30, 11, 8#6, 15, 9#21, 25, 6"/>
    <property name="SleeperVolumeSize" value="15, 5, 9#15, 6, 9#6, 3, 66#43, 3, 6#10, 3, 23#10, 7, 15#7, 3, 7#13, 5, 6#39, 3, 6#13, 7, 17#13, 7, 20#13, 3, 8#20, 3, 7#20, 7, 16#20, 3, 15#26, 7, 11#9, 7, 43#13, 13, 37#13, 8, 37#15, 8, 40#4, 7, 4"/>
    <property name="SleeperVolumeGroup" value=",1,4,,1,3,,1,4,,1,4,,1,4,,1,2,,1,1,,5,10,,1,1,,2,6,,4,7,,1,3,,1,4,,5,10,,3,6,,5,6,,5,18,,5,6,,4,8,,5,18,,1,1"/>
    <property name="SleeperVolumeGameStageAdjust" value=",,,,,,,,,,,,,,,,,,,,"/>
    <property name="SleeperIsLootVolume" value="False,False,False,False,False,False,False,False,False,False,False,False,False,False,False,False,False,False,False,False,False"/>
    <property name="SleeperIsQuestExclude" value="False,False,False,False,False,False,False,False,False,False,False,False,False,False,False,False,False,False,False,False,False"/>
    <property name="SleeperVolumeFlags" value="0,0,0,0,0,2,2,0,0,0,0,0,0,0,0,0,0,0,2,0,0"/>
    <property name="SleeperVolumeGroupId" value="0,0,0,0,0,0,0,0,0,0,0,0,0,0,0,0,0,0,0,0,0"/>
    <property name="ShowQuestClearCount" value="0,0,0,0,0,0,0,0,0,0,0,0,0,0,0,0,0,0,0,0,0"/>
</prefab>
