<?xml version="1.0" encoding="UTF-8"?>
<prefab>
    <property name="CopyAirBlocks" value="True"/>
    <property name="AllowTopSoilDecorations" value="True"/>
    <property name="ExcludeDistantPOIMesh" value="False"/>
    <property name="ExcludePOICulling" value="False"/>
    <property name="DifficultyTier" value="5"/>
    <property name="Zoning" value="Commercial,Residential"/>
    <property name="RotationToFaceNorth" value="2"/>
    <property name="YOffset" value="-15"/>
    <property name="DistantPOIYOffset" value="0"/>
    <property name="Condition" value="New"/>
    <property name="Age" value="Normal"/>
    <property name="MaxPerHub" value="1"/>
    <property name="AllowedBiomes" value="burnt_forest,wasteland"/>
    <property name="AllowedTownships" value="city"/>
    <property name="DisallowedBiomes" value="water,radiated"/>
    <property name="EditorGroups" value="Cityblocks, commercial"/>
    <property name="SleeperVolumeStart" value="12, 1, 6#12, 5, 6#12, 8, 6#12, 15, 6#12, 19, 6#12, 23, 30#12, 27, 30#12, 31, 30#12, 35, 30#12, 39, 30#12, 43, 30#12, 47, 30#12, 51, 30#12, 55, 25#12, 59, 25#12, 63, 25#12, 67, 25#12, 71, 25#12, 75, 25#12, 79, 25#12, 83, 25#12, 87, 25#12, 91, 25#12, 95, 25#12, 99, 30"/>
    <property name="SleeperVolumeSize" value="49, 3, 49#49, 3, 49#49, 3, 49#49, 3, 49#49, 3, 49#49, 3, 25#49, 3, 25#49, 3, 25#49, 3, 25#49, 3, 25#49, 3, 25#49, 3, 25#49, 3, 25#49, 3, 30#49, 3, 30#49, 3, 30#49, 3, 30#49, 3, 30#49, 3, 30#49, 3, 30#49, 3, 30#49, 3, 30#49, 3, 30#49, 3, 30#49, 5, 25"/>
    <property name="SleeperVolumeGroup" value=",20,45,,15,40,,15,47,,15,37,,10,35,,28,30,,24,26,,5,21,,5,25,,10,31,,5,18,,10,26,,5,22,,15,41,,10,31,,5,20,,12,29,,10,28,,10,24,,15,29,,7,25,,10,30,,33,35,,5,24,,10,28"/>
    <property name="SleeperVolumeGameStageAdjust" value=",,,,,,,,,,,,,,,,,,,,,,,,"/>
    <property name="SleeperIsLootVolume" value="False,False,False,False,False,False,False,False,False,False,False,False,False,False,False,False,False,False,False,False,False,False,False,False,False"/>
    <property name="SleeperIsQuestExclude" value="False,False,False,False,False,False,False,False,False,False,False,False,False,False,False,False,False,False,False,False,False,False,False,False,False"/>
    <property name="SleeperVolumeFlags" value="2,0,0,0,0,0,0,0,0,0,0,0,0,0,0,0,0,0,0,0,0,0,0,0,0"/>
    <property name="SleeperVolumeGroupId" value="0,0,0,0,0,0,0,0,0,0,0,0,0,0,0,0,0,0,0,0,0,0,0,0,0"/>
    <property name="ShowQuestClearCount" value="0,0,0,0,0,0,0,0,0,0,0,0,0,0,0,0,0,0,0,0,0,0,0,0,0"/>
</prefab>
