<?xml version="1.0" encoding="UTF-8"?>
<prefab>
    <property name="CopyAirBlocks" value="True"/>
    <property name="AllowTopSoilDecorations" value="True"/>
    <property name="ExcludeDistantPOIMesh" value="False"/>
    <property name="ExcludePOICulling" value="False"/>
    <property name="QuestTags" value="clear,fetch"/>
    <property name="DifficultyTier" value="2"/>
    <property name="Zoning" value="Industrial,Residential"/>
    <property name="RotationToFaceNorth" value="2"/>
    <property name="YOffset" value="-7"/>
    <property name="DistantPOIYOffset" value="0"/>
    <property name="AllowedBiomes" value="snow,pine_forest,desert"/>
    <property name="AllowedTownships" value="city"/>
    <property name="EditorGroups" value="industrial"/>
    <property name="SleeperVolumeStart" value="19, 3, 21#12, 7, 18#12, 10, 18#3, 11, 18#3, 11, 8#4, 7, 8#0, 7, 0#16, 7, 0#29, 7, 17#34, 7, 17#20, 7, 29#3, 7, 29"/>
    <property name="SleeperVolumeSize" value="11, 3, 8#12, 3, 11#20, 2, 4#9, 2, 10#9, 2, 10#7, 2, 20#11, 2, 8#23, 2, 16#4, 2, 12#4, 2, 12#13, 9, 12#17, 9, 18"/>
    <property name="SleeperVolumeGroup" value=",1,2,,1,2,,1,2,,2,3,,1,2,,3,4,,1,2,,1,2,,1,2,,1,1,,3,4,,3,4"/>
    <property name="SleeperVolumeGameStageAdjust" value=",,,,,,,,,,,"/>
    <property name="SleeperIsLootVolume" value="False,False,False,False,False,False,False,False,False,False,False,False"/>
    <property name="SleeperIsQuestExclude" value="False,False,False,False,False,False,False,False,False,False,False,False"/>
    <property name="SleeperVolumeFlags" value="0,0,0,0,0,0,0,0,0,0,0,0"/>
    <property name="SleeperVolumeGroupId" value="0,0,0,0,0,0,0,0,0,0,0,0"/>
    <property name="ShowQuestClearCount" value="0,0,0,0,0,0,0,0,0,0,0,0"/>
</prefab>
