<?xml version="1.0" encoding="UTF-8"?>
<prefab>
    <property name="CopyAirBlocks" value="True"/>
    <property name="AllowTopSoilDecorations" value="True"/>
    <property name="ExcludeDistantPOIMesh" value="False"/>
    <property name="ExcludePOICulling" value="False"/>
    <property name="QuestTags" value="clear,fetch"/>
    <property name="DifficultyTier" value="4"/>
    <property name="Zoning" value="Commercial,Residential"/>
    <property name="RotationToFaceNorth" value="1"/>
    <property name="YOffset" value="-1"/>
    <property name="DistantPOIYOffset" value="0"/>
    <property name="AllowedBiomes" value="burnt_forest,desert,wasteland"/>
    <property name="AllowedTownships" value="city,town"/>
    <property name="EditorGroups" value="Cityblocks, commercial"/>
    <property name="SleeperVolumeStart" value="1, 4, 25#36, 1, 0#0, 1, 5#0, 1, 36#36, 1, 26#36, 1, 13#18, 2, 8#1, 3, 15#2, 2, 5#1, 7, 15#2, 7, 26#19, 7, 26#20, 1, 1#34, 2, 17#29, 7, 15"/>
    <property name="SleeperVolumeSize" value="17, 2, 13#9, 3, 13#2, 2, 31#36, 3, 9#9, 3, 19#9, 4, 13#16, 2, 27#17, 4, 10#16, 5, 10#19, 2, 11#17, 2, 10#16, 3, 10#16, 3, 5#2, 2, 5#5, 2, 1"/>
    <property name="SleeperVolumeGroup" value=",3,4,,3,4,,1,2,,2,4,,3,4,,2,5,,5,11,,2,4,,3,6,,3,7,,3,5,,3,6,,1,4,,0,0,,2,2"/>
    <property name="SleeperVolumeGameStageAdjust" value=",,,,,,,,,,,,,,"/>
    <property name="SleeperIsLootVolume" value="False,False,False,False,False,False,False,False,False,False,False,False,False,False,False"/>
    <property name="SleeperIsQuestExclude" value="False,False,False,False,False,False,False,False,False,False,False,False,False,False,False"/>
    <property name="SleeperVolumeFlags" value="0,0,2,0,0,0,0,0,0,0,1,0,1,2,2"/>
    <property name="SleeperVolumeGroupId" value="0,0,0,0,0,0,0,0,0,0,0,0,0,1,1"/>
    <property name="ShowQuestClearCount" value="0,0,0,0,0,0,0,0,0,0,0,0,0,0,0"/>
</prefab>
