<?xml version="1.0" encoding="UTF-8"?>
<prefab>
    <property name="CopyAirBlocks" value="True"/>
    <property name="AllowTopSoilDecorations" value="True"/>
    <property name="ExcludeDistantPOIMesh" value="False"/>
    <property name="ExcludePOICulling" value="False"/>
    <property name="DifficultyTier" value="5"/>
    <property name="Zoning" value="Commercial,Residential"/>
    <property name="RotationToFaceNorth" value="3"/>
    <property name="YOffset" value="-8"/>
    <property name="DistantPOIYOffset" value="0"/>
    <property name="Condition" value="New"/>
    <property name="Age" value="Normal"/>
    <property name="AllowedBiomes" value="snow,pine_forest,desert"/>
    <property name="AllowedTownships" value="city"/>
    <property name="DisallowedBiomes" value="water,radiated"/>
    <property name="EditorGroups" value="commercial, Cityblocks"/>
    <property name="SleeperVolumeStart" value="28, 8, 2#47, 14, 2#28, 0, 0#47, 24, 24#29, 24, 2#46, 24, 31#47, 24, 2#46, 24, 9#47, 29, 2#29, 14, 2#29, 33, 2#55, 33, 2#55, 33, 15#55, 33, 33#66, 34, 3#29, 19, 2#66, 34, 17#29, 29, 2#66, 34, 35#29, 40, 2#0, 8, 0"/>
    <property name="SleeperVolumeSize" value="45, 5, 43#26, 4, 43#45, 7, 47#26, 4, 21#18, 4, 43#6, 3, 7#26, 4, 21#6, 3, 7#26, 3, 43#18, 4, 43#26, 6, 43#18, 6, 12#18, 6, 17#18, 6, 12#7, 5, 11#44, 4, 43#7, 5, 15#18, 3, 43#7, 5, 10#44, 9, 43#28, 3, 47"/>
    <property name="SleeperVolumeGroup" value=",25,25,,15,15,,8,8,,15,15,,15,15,,2,2,,15,15,,2,2,,15,20,,15,15,,12,15,,12,15,,12,15,,6,10,,2,2,,25,28,,2,2,,10,12,,2,2,,12,12,,4,7"/>
    <property name="SleeperVolumeGameStageAdjust" value="200,medium,350,350,350,medium,100,medium,250,400,250,medium,250,medium,250,250,250,250,medium,250,"/>
    <property name="SleeperIsLootVolume" value="False,False,True,False,False,True,False,True,False,False,False,False,False,False,True,False,False,False,False,False,False"/>
    <property name="SleeperIsQuestExclude" value="False,False,False,False,False,False,False,False,False,False,False,False,False,False,False,False,False,False,False,False,False"/>
    <property name="SleeperVolumeFlags" value="0,0,0,2,0,0,2,0,0,0,0,0,0,0,0,0,0,0,0,0,2"/>
    <property name="SleeperVolumeGroupId" value="0,0,0,0,0,0,0,0,0,0,0,0,0,0,0,0,0,0,0,0,0"/>
    <property name="ShowQuestClearCount" value="0,0,0,0,0,0,0,0,0,0,0,0,0,0,0,0,0,0,0,0,0"/>
</prefab>
