<?xml version="1.0" encoding="UTF-8"?>
<prefab>
    <property name="CopyAirBlocks" value="True"/>
    <property name="AllowTopSoilDecorations" value="True"/>
    <property name="ExcludeDistantPOIMesh" value="False"/>
    <property name="ExcludePOICulling" value="False"/>
    <property name="DifficultyTier" value="1"/>
    <property name="Zoning" value="Residential"/>
    <property name="RotationToFaceNorth" value="3"/>
    <property name="YOffset" value="-14"/>
    <property name="DistantPOIYOffset" value="0"/>
    <property name="AllowedBiomes" value="snow,pine_forest,desert"/>
    <property name="AllowedTownships" value="rural,town"/>
    <property name="EditorGroups" value="House medium, house new, house old, rural"/>
    <property name="SleeperVolumeStart" value="20, 14, 0#35, 8, 2#1, 13, 31#26, 14, 38#2, 15, 2#6, 19, 31"/>
    <property name="SleeperVolumeSize" value="38, 3, 38#19, 6, 28#19, 5, 19#31, 2, 19#16, 3, 28#12, 3, 14"/>
    <property name="SleeperVolumeGroup" value=",7,12,,5,14,,3,5,,3,6,,5,9,,1,2"/>
    <property name="SleeperVolumeGameStageAdjust" value=",,,,,"/>
    <property name="SleeperIsLootVolume" value="False,False,True,True,False,False"/>
    <property name="SleeperIsQuestExclude" value="False,False,False,False,False,False"/>
    <property name="SleeperVolumeFlags" value="0,0,0,0,0,0"/>
    <property name="SleeperVolumeGroupId" value="0,0,0,0,0,0"/>
    <property name="ShowQuestClearCount" value="0,0,0,0,0,0"/>
</prefab>
