<?xml version="1.0" encoding="UTF-8"?>
<prefab>
    <property name="CopyAirBlocks" value="True"/>
    <property name="AllowTopSoilDecorations" value="True"/>
    <property name="ExcludeDistantPOIMesh" value="False"/>
    <property name="ExcludePOICulling" value="False"/>
    <property name="QuestTags" value="clear,fetch"/>
    <property name="DifficultyTier" value="5"/>
    <property name="Zoning" value="Industrial,Residential"/>
    <property name="RotationToFaceNorth" value="2"/>
    <property name="YOffset" value="-7"/>
    <property name="DistantPOIYOffset" value="0"/>
    <property name="AllowedBiomes" value="burnt_forest,wasteland"/>
    <property name="AllowedTownships" value="city,rural,wilderness"/>
    <property name="EditorGroups" value="wilderness, rural, Wilderness, industrial"/>
    <property name="SleeperVolumeStart" value="11, 1, 0#17, 7, 96#5, 8, 46#17, 11, 95#33, 16, 45#17, 7, 111#14, 15, 23#43, 15, 5#5, 8, 5#2, 15, 83"/>
    <property name="SleeperVolumeSize" value="42, 3, 128#44, 3, 15#59, 7, 50#41, 8, 34#20, 4, 49#44, 3, 19#15, 6, 33#15, 13, 19#59, 7, 41#15, 15, 16"/>
    <property name="SleeperVolumeGroup" value=",7,10,,6,10,,10,15,,7,12,,3,4,,4,8,,2,5,,2,5,,6,10,,2,3"/>
    <property name="SleeperVolumeGameStageAdjust" value=",,,,,,,,,"/>
    <property name="SleeperIsLootVolume" value="False,False,False,False,False,False,False,False,False,False"/>
    <property name="SleeperIsQuestExclude" value="False,False,False,False,False,False,False,False,False,False"/>
    <property name="SleeperVolumeFlags" value="0,0,2,0,0,0,0,0,0,0"/>
    <property name="SleeperVolumeGroupId" value="0,0,0,0,0,0,0,0,0,0"/>
    <property name="ShowQuestClearCount" value="0,0,0,0,0,0,0,0,0,0"/>
</prefab>
