<?xml version="1.0" encoding="UTF-8"?>
<prefab>
    <property name="CopyAirBlocks" value="True"/>
    <property name="AllowTopSoilDecorations" value="True"/>
    <property name="ExcludeDistantPOIMesh" value="False"/>
    <property name="ExcludePOICulling" value="False"/>
    <property name="QuestTags" value="clear,fetch"/>
    <property name="DifficultyTier" value="2"/>
    <property name="Zoning" value="ResidentialNew,Residential"/>
    <property name="RotationToFaceNorth" value="2"/>
    <property name="YOffset" value="-5"/>
    <property name="DistantPOIYOffset" value="0"/>
    <property name="AllowedBiomes" value="snow,pine_forest,desert"/>
    <property name="AllowedTownships" value="city"/>
    <property name="EditorGroups" value="house new, rural, house old, Wilderness"/>
    <property name="SleeperVolumeStart" value="5, 5, 9#5, 0, 9#2, 5, 30#29, 4, 7#5, 11, 9"/>
    <property name="SleeperVolumeSize" value="23, 4, 20#23, 4, 20#25, 6, 24#20, 6, 40#23, 5, 20"/>
    <property name="SleeperVolumeGroup" value=",3,5,,3,7,,3,7,,3,7,,5,8"/>
    <property name="SleeperVolumeGameStageAdjust" value="medium,medium,200,medium,350"/>
    <property name="SleeperIsLootVolume" value="False,False,True,True,False"/>
    <property name="SleeperIsQuestExclude" value="False,False,False,False,False"/>
    <property name="SleeperVolumeFlags" value="0,0,0,0,0"/>
    <property name="SleeperVolumeGroupId" value="0,0,0,0,0"/>
    <property name="ShowQuestClearCount" value="0,0,0,0,0"/>
</prefab>
