<?xml version="1.0" encoding="UTF-8"?>
<prefab>
    <property name="CopyAirBlocks" value="True"/>
    <property name="AllowTopSoilDecorations" value="True"/>
    <property name="ExcludeDistantPOIMesh" value="False"/>
    <property name="ExcludePOICulling" value="False"/>
    <property name="QuestTags" value="clear,fetch"/>
    <property name="DifficultyTier" value="4"/>
    <property name="Zoning" value="Commercial,Residential"/>
    <property name="RotationToFaceNorth" value="3"/>
    <property name="YOffset" value="-9"/>
    <property name="DistantPOIYOffset" value="0"/>
    <property name="AllowedBiomes" value="snow,pine_forest,desert"/>
    <property name="AllowedTownships" value="city,town"/>
    <property name="EditorGroups" value="Cityblocks, downtown, industrial"/>
    <property name="SleeperVolumeStart" value="1, 9, 51#29, 9, 51#28, 9, 1#1, 9, 1#7, 9, 1#1, 9, 11#14, 9, 24#23, 9, 24#7, 9, 51#1, 9, 24#14, 2, 9#7, 2, 9#28, 2, 10#14, 2, 22#1, 2, 23#14, 2, 39#5, 2, 38#14, 2, 52"/>
    <property name="SleeperVolumeSize" value="6, 9, 9#6, 9, 9#7, 9, 10#6, 9, 10#21, 3, 10#34, 3, 13#9, 3, 27#12, 3, 27#22, 3, 9#13, 3, 27#13, 3, 13#7, 3, 14#6, 2, 40#14, 3, 17#13, 7, 15#14, 3, 13#9, 3, 14#13, 3, 7"/>
    <property name="SleeperVolumeGroup" value=",1,2,,1,2,,1,2,,1,2,,3,8,,1,3,,1,4,,3,8,,2,6,,1,2,,2,7,,1,2,,1,5,,1,3,,1,6,,2,4,,1,2,,2,4"/>
    <property name="SleeperVolumeGameStageAdjust" value=",,,,,,,,,,,,,,,,,"/>
    <property name="SleeperIsLootVolume" value="False,False,False,False,False,False,False,False,False,False,False,False,False,False,False,False,False,False"/>
    <property name="SleeperIsQuestExclude" value="False,False,False,False,False,False,False,False,False,False,False,False,False,False,False,False,False,False"/>
    <property name="SleeperVolumeFlags" value="0,0,0,0,0,0,0,0,0,0,0,0,0,0,0,0,0,0"/>
    <property name="SleeperVolumeGroupId" value="0,0,0,0,0,0,0,0,0,0,0,0,0,0,0,0,0,0"/>
    <property name="ShowQuestClearCount" value="0,0,0,0,0,0,0,0,0,0,0,0,0,0,0,0,0,0"/>
</prefab>
