<?xml version="1.0" encoding="UTF-8"?>
<prefab>
    <property name="CopyAirBlocks" value="True"/>
    <property name="AllowTopSoilDecorations" value="True"/>
    <property name="ExcludeDistantPOIMesh" value="False"/>
    <property name="ExcludePOICulling" value="False"/>
    <property name="DifficultyTier" value="3"/>
    <property name="Zoning" value="Industrial,Residential"/>
    <property name="RotationToFaceNorth" value="3"/>
    <property name="YOffset" value="-6"/>
    <property name="DistantPOIYOffset" value="0"/>
    <property name="AllowedBiomes" value="burnt_forest,desert,wasteland"/>
    <property name="AllowedTownships" value="rural,wilderness"/>
    <property name="EditorGroups" value="Wilderness, industrial, rural"/>
    <property name="SleeperVolumeStart" value="20, 6, 44#57, 6, 31#11, 6, 2#30, 6, 10#48, 6, 9#65, 6, 8"/>
    <property name="SleeperVolumeSize" value="50, 7, 26#26, 3, 9#14, 5, 23#16, 5, 15#14, 6, 15#25, 6, 18"/>
    <property name="SleeperVolumeGroup" value=",6,7,,1,1,,7,8,,5,6,,3,4,,4,5"/>
    <property name="SleeperVolumeGameStageAdjust" value=",,,,,"/>
    <property name="SleeperIsLootVolume" value="False,False,False,False,False,False"/>
    <property name="SleeperIsQuestExclude" value="False,False,False,False,False,False"/>
    <property name="SleeperVolumeFlags" value="0,0,0,0,0,0"/>
    <property name="SleeperVolumeGroupId" value="0,0,0,0,0,0"/>
    <property name="ShowQuestClearCount" value="0,0,0,0,0,0"/>
</prefab>
