<?xml version="1.0" encoding="UTF-8"?>
<prefab>
    <property name="CopyAirBlocks" value="True"/>
    <property name="AllowTopSoilDecorations" value="True"/>
    <property name="ExcludeDistantPOIMesh" value="False"/>
    <property name="ExcludePOICulling" value="False"/>
    <property name="QuestTags" value="clear,fetch"/>
    <property name="DifficultyTier" value="1"/>
    <property name="Zoning" value="ResidentialOld,Residential"/>
    <property name="RotationToFaceNorth" value="2"/>
    <property name="YOffset" value="-5"/>
    <property name="DistantPOIYOffset" value="0"/>
    <property name="AllowedBiomes" value="snow,pine_forest"/>
    <property name="AllowedTownships" value="rural,wilderness"/>
    <property name="EditorGroups" value="Wilderness, rural"/>
    <property name="SleeperVolumeStart" value="1, 4, 2#23, 3, 7"/>
    <property name="SleeperVolumeSize" value="20, 4, 35#17, 5, 30"/>
    <property name="SleeperVolumeGroup" value=",4,5,,3,4"/>
    <property name="SleeperVolumeGameStageAdjust" value=","/>
    <property name="SleeperIsLootVolume" value="False,False"/>
    <property name="SleeperIsQuestExclude" value="False,False"/>
    <property name="SleeperVolumeFlags" value="0,0"/>
    <property name="SleeperVolumeGroupId" value="0,0"/>
    <property name="ShowQuestClearCount" value="0,0"/>
</prefab>
