<?xml version="1.0" encoding="UTF-8"?>
<prefab>
    <property name="CopyAirBlocks" value="True"/>
    <property name="AllowTopSoilDecorations" value="True"/>
    <property name="ExcludeDistantPOIMesh" value="False"/>
    <property name="ExcludePOICulling" value="False"/>
    <property name="QuestTags" value="clear,fetch"/>
    <property name="DifficultyTier" value="4"/>
    <property name="Zoning" value="Downtown,Residential"/>
    <property name="RotationToFaceNorth" value="2"/>
    <property name="YOffset" value="-2"/>
    <property name="DistantPOIYOffset" value="0"/>
    <property name="AllowedBiomes" value="snow,pine_forest,desert,wasteland"/>
    <property name="AllowedTownships" value="city,rural,town"/>
    <property name="EditorGroups" value="downtown"/>
    <property name="SleeperVolumeStart" value="0, 2, 43#32, 2, 43#0, 2, 122#0, 2, 90#10, 2, 90#1, 2, 113#51, 2, 99#38, 2, 90#19, 2, 89#1, 2, 98#8, 2, 107#2, 8, 90#32, 2, 0#0, 2, 0"/>
    <property name="SleeperVolumeSize" value="32, 3, 46#32, 3, 46#64, 3, 3#9, 3, 8#9, 3, 8#6, 3, 8#12, 3, 22#25, 3, 9#19, 3, 18#18, 3, 9#43, 3, 14#60, 4, 33#32, 3, 43#32, 3, 43"/>
    <property name="SleeperVolumeGroup" value=",5,15,,3,8,,1,2,,1,1,,1,2,,1,1,,4,6,,4,8,,4,5,,2,3,,6,10,,5,8,,5,8,,3,7"/>
    <property name="SleeperVolumeGameStageAdjust" value=",,,,,,,,,,,,,"/>
    <property name="SleeperIsLootVolume" value="False,False,False,False,False,False,False,False,False,False,False,False,False,False"/>
    <property name="SleeperIsQuestExclude" value="False,False,False,False,False,False,False,False,False,False,False,False,False,False"/>
    <property name="SleeperVolumeFlags" value="0,0,0,0,0,0,0,0,0,0,0,0,0,0"/>
    <property name="SleeperVolumeGroupId" value="0,0,0,0,0,0,0,0,0,0,0,0,0,0"/>
    <property name="ShowQuestClearCount" value="0,0,0,0,0,0,0,0,0,0,0,0,0,0"/>
</prefab>
