<?xml version="1.0" encoding="UTF-8"?>
<prefab>
    <property name="CopyAirBlocks" value="True"/>
    <property name="AllowTopSoilDecorations" value="True"/>
    <property name="ExcludeDistantPOIMesh" value="False"/>
    <property name="ExcludePOICulling" value="False"/>
    <property name="QuestTags" value="clear,fetch"/>
    <property name="DifficultyTier" value="2"/>
    <property name="Zoning" value="Downtown,Residential"/>
    <property name="RotationToFaceNorth" value="2"/>
    <property name="YOffset" value="-2"/>
    <property name="DistantPOIYOffset" value="0"/>
    <property name="AllowedBiomes" value="snow,pine_forest,desert"/>
    <property name="AllowedTownships" value="city,town"/>
    <property name="EditorGroups" value="downtown, rural"/>
    <property name="SleeperVolumeStart" value="1, 2, 9#4, 7, 12#4, 14, 10"/>
    <property name="SleeperVolumeSize" value="16, 4, 22#10, 3, 16#10, 3, 18"/>
    <property name="SleeperVolumeGroup" value=",7,15,,4,9,,5,10"/>
    <property name="SleeperVolumeGameStageAdjust" value="easy,,"/>
    <property name="SleeperIsLootVolume" value="False,False,False"/>
    <property name="SleeperIsQuestExclude" value="False,False,False"/>
    <property name="SleeperVolumeFlags" value="0,0,0"/>
    <property name="SleeperVolumeGroupId" value="0,0,0"/>
    <property name="ShowQuestClearCount" value="0,0,0"/>
</prefab>
