<?xml version="1.0" encoding="UTF-8"?>
<prefab>
    <property name="CopyAirBlocks" value="True"/>
    <property name="AllowTopSoilDecorations" value="True"/>
    <property name="ExcludeDistantPOIMesh" value="False"/>
    <property name="ExcludePOICulling" value="False"/>
    <property name="DifficultyTier" value="5"/>
    <property name="Zoning" value="Commercial,Residential"/>
    <property name="RotationToFaceNorth" value="2"/>
    <property name="YOffset" value="-7"/>
    <property name="DistantPOIYOffset" value="0"/>
    <property name="AllowedBiomes" value="snow"/>
    <property name="AllowedTownships" value="city,rural,wilderness"/>
    <property name="EditorGroups" value="Cityblocks, commercial"/>
    <property name="SleeperVolumeStart" value="135, 8, 47#34, 20, 48#46, 14, 83#34, 8, 81#34, 8, 48#151, 1, 75#33, 7, 7#66, 7, 7#112, 6, 8#156, 7, 8#126, 8, 44#139, 33, 51#103, 26, 80#39, 26, 83#69, 0, 28#29, 0, 14#184, 0, 33#172, 8, 61#39, 26, 76#77, 8, 108#104, 8, 60#58, 8, 59#56, 2, 50#80, 2, 97#147, 1, 14#79, 3, 107"/>
    <property name="SleeperVolumeSize" value="8, 3, 14#16, 4, 42#4, 3, 10#5, 3, 9#15, 4, 32#8, 4, 13#29, 3, 28#45, 3, 38#41, 3, 37#26, 3, 31#8, 3, 13#14, 3, 34#12, 6, 30#13, 6, 10#131, 6, 6#6, 6, 15#6, 6, 36#18, 9, 16#11, 4, 5#40, 5, 23#36, 13, 17#31, 15, 18#71, 3, 36#28, 3, 9#7, 4, 13#14, 3, 8"/>
    <property name="SleeperVolumeGroup" value=",1,2,,5,9,,1,2,,1,2,,5,8,,1,1,,2,4,,5,8,,2,4,,1,3,,1,1,,1,2,,1,3,,1,2,,3,6,,1,2,,1,3,,2,4,,1,1,,5,7,,5,8,,5,8,,2,4,,1,2,,1,3,,1,2"/>
    <property name="SleeperVolumeGameStageAdjust" value=",,,,,,,,,,,,,,,,,,,,,,,,,"/>
    <property name="SleeperIsLootVolume" value="False,False,False,False,False,False,False,False,False,False,False,False,False,False,False,False,False,False,False,False,False,False,False,False,False,False"/>
    <property name="SleeperIsQuestExclude" value="False,False,False,False,False,False,False,False,False,False,False,False,False,False,False,False,False,False,False,False,False,False,False,False,False,False"/>
    <property name="SleeperVolumeFlags" value="2,0,2,0,2,2,0,0,0,0,0,2,2,2,0,2,2,2,0,0,0,0,2,2,0,0"/>
    <property name="SleeperVolumeGroupId" value="0,0,0,0,0,0,0,0,0,0,0,0,0,0,0,0,0,0,0,0,0,0,0,0,0,0"/>
    <property name="ShowQuestClearCount" value="0,0,0,0,0,0,0,0,0,0,0,0,0,0,0,0,0,0,0,0,0,0,0,0,0,0"/>
</prefab>
