<?xml version="1.0" encoding="UTF-8"?>
<prefab>
    <property name="CopyAirBlocks" value="True"/>
    <property name="AllowTopSoilDecorations" value="True"/>
    <property name="ExcludeDistantPOIMesh" value="False"/>
    <property name="ExcludePOICulling" value="False"/>
    <property name="QuestTags" value="clear,fetch"/>
    <property name="DifficultyTier" value="2"/>
    <property name="Zoning" value="ResidentialOld,Residential"/>
    <property name="RotationToFaceNorth" value="2"/>
    <property name="YOffset" value="-2"/>
    <property name="DistantPOIYOffset" value="0"/>
    <property name="AllowedBiomes" value="snow,pine_forest"/>
    <property name="AllowedTownships" value="rural,town"/>
    <property name="EditorGroups" value="rural, Wilderness"/>
    <property name="SleeperVolumeStart" value="18, 2, 2#1, 0, 2#23, 7, 3#7, 5, 6#16, 5, 3#7, 11, 4"/>
    <property name="SleeperVolumeSize" value="19, 3, 26#17, 5, 26#9, 2, 20#9, 4, 14#7, 4, 17#25, 3, 18"/>
    <property name="SleeperVolumeGroup" value=",3,9,,2,3,,2,3,,2,4,,4,6,,3,8"/>
    <property name="SleeperVolumeGameStageAdjust" value=",,,,,"/>
    <property name="SleeperIsLootVolume" value="False,False,False,False,False,False"/>
    <property name="SleeperIsQuestExclude" value="False,False,False,False,False,False"/>
    <property name="SleeperVolumeFlags" value="0,0,0,0,2,0"/>
    <property name="SleeperVolumeGroupId" value="0,0,0,0,0,0"/>
    <property name="ShowQuestClearCount" value="0,0,0,0,0,0"/>
</prefab>
