<?xml version="1.0" encoding="UTF-8"?>
<prefab>
    <property name="CopyAirBlocks" value="True"/>
    <property name="AllowTopSoilDecorations" value="True"/>
    <property name="ExcludeDistantPOIMesh" value="False"/>
    <property name="ExcludePOICulling" value="False"/>
    <property name="QuestTags" value="clear,fetch"/>
    <property name="DifficultyTier" value="5"/>
    <property name="Zoning" value="Downtown,Residential"/>
    <property name="RotationToFaceNorth" value="2"/>
    <property name="YOffset" value="-1"/>
    <property name="DistantPOIYOffset" value="0"/>
    <property name="AllowedBiomes" value="burnt_forest,pine_forest,wasteland"/>
    <property name="AllowedTownships" value="rural"/>
    <property name="EditorGroups" value="rural"/>
    <property name="SleeperVolumeStart" value="27, 1, 27#32, 1, 14#43, 1, 28#55, 1, 33#27, 1, 43#32, 1, 55#27, 1, 29#14, 1, 32#34, 6, 35#35, 6, 35#35, 6, 36#34, 6, 36#0, 1, 0#0, 1, 6#6, 1, 64#64, 1, 0#6, 1, 24#6, 6, 24#24, 1, 56#24, 6, 56#3, 12, 3#56, 1, 24#56, 6, 24#24, 1, 6#24, 6, 6#6, 1, 6#6, 6, 6#6, 1, 46#6, 6, 46#46, 1, 46#46, 6, 46#46, 1, 6#46, 6, 6#9, 8, 31"/>
    <property name="SleeperVolumeSize" value="16, 3, 2#6, 3, 1#1, 3, 16#2, 3, 4#16, 3, 1#6, 3, 1#1, 3, 14#1, 3, 6#1, 1, 1#1, 1, 1#1, 1, 1#1, 1, 1#64, 3, 6#6, 3, 64#64, 3, 6#6, 3, 64#8, 5, 22#8, 6, 22#22, 5, 8#22, 6, 8#64, 2, 64#8, 5, 22#8, 6, 22#22, 5, 8#22, 6, 8#18, 5, 18#18, 6, 18#18, 5, 18#18, 6, 18#18, 5, 18#18, 6, 18#18, 5, 18#18, 5, 18#2, 2, 1"/>
    <property name="SleeperVolumeGroup" value=",3,7,,0,0,,3,7,,0,0,,3,7,,0,0,,3,6,,0,0,,0,1,,0,1,,0,1,,0,1,,2,6,,2,6,,2,6,,2,6,,2,7,,2,4,,4,12,,1,2,,40,66,,2,5,,5,6,,1,3,,1,2,,1,4,,1,3,,3,7,,2,4,,2,5,,1,4,,1,3,,1,2,,0,0"/>
    <property name="SleeperVolumeGameStageAdjust" value=",,,,,,,,,,,,,,,,,,,,,,,,,,,,,,,,,"/>
    <property name="SleeperIsLootVolume" value="True,True,True,True,True,True,True,True,True,True,True,True,False,False,False,False,False,False,False,False,False,False,False,False,False,False,False,False,False,False,False,False,False,False"/>
    <property name="SleeperIsQuestExclude" value="False,False,False,False,False,False,False,False,False,False,False,False,False,False,False,False,False,False,False,False,False,False,False,False,False,False,False,False,False,False,False,False,False,False"/>
    <property name="SleeperVolumeFlags" value="2,2,2,2,2,2,2,2,2,2,2,2,2,2,2,2,0,0,0,0,2,0,0,0,0,0,0,0,0,0,0,0,0,2"/>
    <property name="SleeperVolumeGroupId" value="1,1,2,2,3,3,4,4,1,2,3,4,0,0,0,0,0,0,0,0,5,0,0,0,0,0,0,0,0,0,0,0,0,5"/>
    <property name="ShowQuestClearCount" value="0,0,0,0,0,0,0,0,0,0,0,0,0,0,0,0,0,0,0,0,0,0,0,0,0,0,0,0,0,0,0,0,0,0"/>
</prefab>
