<?xml version="1.0" encoding="UTF-8"?>
<prefab>
    <property name="CopyAirBlocks" value="True"/>
    <property name="AllowTopSoilDecorations" value="True"/>
    <property name="ExcludeDistantPOIMesh" value="False"/>
    <property name="ExcludePOICulling" value="False"/>
    <property name="QuestTags" value="clear,fetch"/>
    <property name="DifficultyTier" value="5"/>
    <property name="Zoning" value="Downtown,Residential"/>
    <property name="RotationToFaceNorth" value="2"/>
    <property name="YOffset" value="-1"/>
    <property name="DistantPOIYOffset" value="0"/>
    <property name="AllowedBiomes" value="pine_forest"/>
    <property name="AllowedTownships" value="rural"/>
    <property name="EditorGroups" value="rural"/>
    <property name="SleeperVolumeStart" value="2, 1, 2#30, 1, 25#2, 1, 25#2, 1, 38#18, 1, 25#18, 5, 26#17, 17, 25#17, 20, 25#17, 26, 24#24, 37, 24#0, 1, 0#0, 1, 1#1, 1, 50#51, 1, 1"/>
    <property name="SleeperVolumeSize" value="48, 3, 23#20, 3, 13#16, 3, 13#48, 3, 11#11, 4, 13#12, 12, 12#14, 3, 14#14, 6, 16#14, 6, 16#1, 1, 16#52, 2, 1#1, 2, 50#51, 2, 1#1, 2, 49"/>
    <property name="SleeperVolumeGroup" value=",10,12,,2,3,,3,4,,2,3,,5,6,,12,15,,7,9,,13,16,,6,8,,10,12,,0,0,,0,0,,0,0,,0,0"/>
    <property name="SleeperVolumeGameStageAdjust" value=",,,,,,,,,,,,,"/>
    <property name="SleeperIsLootVolume" value="False,False,False,False,False,False,False,False,False,False,False,False,False,False"/>
    <property name="SleeperIsQuestExclude" value="False,False,False,False,False,False,False,False,False,False,False,False,False,False"/>
    <property name="SleeperVolumeFlags" value="0,0,0,0,0,0,0,0,0,2,2,2,2,2"/>
    <property name="SleeperVolumeGroupId" value="0,0,0,0,0,0,0,0,0,1,1,1,1,1"/>
    <property name="ShowQuestClearCount" value="1,0,0,0,0,0,0,0,0,0,0,0,0,0"/>
</prefab>
