<?xml version="1.0" encoding="UTF-8"?>
<prefab>
    <property name="CopyAirBlocks" value="True"/>
    <property name="AllowTopSoilDecorations" value="True"/>
    <property name="ExcludeDistantPOIMesh" value="False"/>
    <property name="ExcludePOICulling" value="False"/>
    <property name="QuestTags" value="clear,fetch,hidden_cache"/>
    <property name="DifficultyTier" value="2"/>
    <property name="Zoning" value="Downtown,Residential"/>
    <property name="RotationToFaceNorth" value="2"/>
    <property name="YOffset" value="-5"/>
    <property name="DistantPOIYOffset" value="0"/>
    <property name="AllowedBiomes" value="snow,pine_forest,desert"/>
    <property name="AllowedTownships" value="city,town"/>
    <property name="EditorGroups" value="downtown, industrial"/>
    <property name="SleeperVolumeStart" value="2, 1, 9#3, 6, 9"/>
    <property name="SleeperVolumeSize" value="22, 4, 15#21, 6, 17"/>
    <property name="SleeperVolumeGroup" value=",3,4,,3,6"/>
    <property name="SleeperVolumeGameStageAdjust" value=","/>
    <property name="SleeperIsLootVolume" value="False,False"/>
    <property name="SleeperIsQuestExclude" value="False,False"/>
    <property name="SleeperVolumeFlags" value="0,0"/>
    <property name="SleeperVolumeGroupId" value="0,0"/>
    <property name="ShowQuestClearCount" value="0,0"/>
</prefab>
