<?xml version="1.0" encoding="UTF-8"?>
<prefab>
    <property name="CopyAirBlocks" value="True"/>
    <property name="AllowTopSoilDecorations" value="True"/>
    <property name="ExcludeDistantPOIMesh" value="False"/>
    <property name="ExcludePOICulling" value="False"/>
    <property name="QuestTags" value="quest,clear,fetch,hidden_cache"/>
    <property name="DifficultyTier" value="3"/>
    <property name="Zoning" value="Downtown,Residential"/>
    <property name="RotationToFaceNorth" value="2"/>
    <property name="YOffset" value="-1"/>
    <property name="DistantPOIYOffset" value="0"/>
    <property name="AllowedBiomes" value="burnt_forest,pine_forest,desert"/>
    <property name="AllowedTownships" value="city,rural,town"/>
    <property name="EditorGroups" value="downtown, rural"/>
    <property name="SleeperVolumeStart" value="50, 1, 9#11, 1, 0#0, 1, 0#50, 1, 23#40, 1, 37#21, 1, 35#1, 1, 36#1, 1, 23#5, 1, 23#1, 1, 30#1, 1, 9"/>
    <property name="SleeperVolumeSize" value="11, 3, 13#39, 3, 35#11, 3, 8#11, 3, 13#21, 3, 15#18, 2, 17#20, 3, 16#4, 3, 3#6, 3, 12#4, 3, 6#10, 3, 13"/>
    <property name="SleeperVolumeGroup" value=",3,6,,4,5,,1,1,,3,5,,5,6,,7,8,,2,3,,1,2,,2,3,,1,2,,3,6"/>
    <property name="SleeperVolumeGameStageAdjust" value=",,,,,,,,,,"/>
    <property name="SleeperIsLootVolume" value="False,False,False,False,False,False,False,False,False,False,False"/>
    <property name="SleeperIsQuestExclude" value="False,False,False,False,False,False,False,False,False,False,False"/>
    <property name="SleeperVolumeFlags" value="0,0,0,0,0,0,0,0,0,0,0"/>
    <property name="SleeperVolumeGroupId" value="0,0,0,0,0,0,0,0,0,0,0"/>
    <property name="ShowQuestClearCount" value="0,0,0,0,0,0,0,0,0,0,0"/>
</prefab>
