<?xml version="1.0" encoding="UTF-8"?>
<prefab>
    <property name="CopyAirBlocks" value="True"/>
    <property name="AllowTopSoilDecorations" value="True"/>
    <property name="ExcludeDistantPOIMesh" value="False"/>
    <property name="ExcludePOICulling" value="False"/>
    <property name="QuestTags" value="clear,fetch"/>
    <property name="DifficultyTier" value="5"/>
    <property name="Zoning" value="ResidentialOld,Residential"/>
    <property name="RotationToFaceNorth" value="2"/>
    <property name="YOffset" value="-1"/>
    <property name="DistantPOIYOffset" value="0"/>
    <property name="AllowedBiomes" value="snow,pine_forest,desert"/>
    <property name="AllowedTownships" value="town"/>
    <property name="EditorGroups" value="house old, house new, House medium, HOUSE CONST"/>
    <property name="SleeperVolumeStart" value="3, 1, 12#3, 1, 23#14, 3, 15#18, 3, 28#18, 3, 23#18, 3, 15#10, 5, 20#3, 5, 25#3, 5, 29#6, 5, 21#3, 5, 12#3, 10, 17#3, 9, 25#13, 8, 17"/>
    <property name="SleeperVolumeSize" value="9, 4, 11#9, 4, 13#4, 4, 22#6, 4, 9#6, 4, 5#6, 4, 8#2, 4, 12#7, 4, 3#7, 4, 7#4, 4, 4#9, 4, 7#9, 4, 7#9, 4, 11#9, 4, 17"/>
    <property name="SleeperVolumeGroup" value=",3,8,,4,9,,3,7,,1,4,,2,2,,3,6,,1,3,,2,4,,2,6,,1,4,,4,8,,3,6,,3,6,,5,12"/>
    <property name="SleeperVolumeGameStageAdjust" value=",,,,,,,,,,,,,"/>
    <property name="SleeperIsLootVolume" value="False,False,False,False,False,False,False,False,False,False,False,False,False,False"/>
    <property name="SleeperIsQuestExclude" value="False,False,False,False,False,False,False,False,False,False,False,False,False,False"/>
    <property name="SleeperVolumeFlags" value="0,0,0,0,0,0,0,0,0,0,0,0,0,0"/>
    <property name="SleeperVolumeGroupId" value="0,0,0,0,0,0,0,0,0,0,0,0,0,0"/>
    <property name="ShowQuestClearCount" value="0,0,0,0,0,0,0,0,0,0,0,0,0,0"/>
</prefab>
