<?xml version="1.0" encoding="UTF-8"?>
<prefab>
    <property name="CopyAirBlocks" value="True"/>
    <property name="AllowTopSoilDecorations" value="True"/>
    <property name="ExcludeDistantPOIMesh" value="False"/>
    <property name="ExcludePOICulling" value="False"/>
    <property name="QuestTags" value="clear,fetch"/>
    <property name="DifficultyTier" value="5"/>
    <property name="Zoning" value="Residential"/>
    <property name="RotationToFaceNorth" value="2"/>
    <property name="YOffset" value="-12"/>
    <property name="DistantPOIYOffset" value="0"/>
    <property name="AllowedBiomes" value="burnt_forest,wasteland"/>
    <property name="AllowedTownships" value="wilderness"/>
    <property name="EditorGroups" value="Wilderness"/>
    <property name="SleeperVolumeStart" value="11, 12, 107#42, 12, 100#43, 12, 90#3, 12, 4#120, 12, 4#5, 12, 4#5, 12, 130#22, 12, 97#5, 12, 61#5, 12, 6#54, 11, 6#104, 11, 55#36, 12, 61#78, 0, 103#98, 11, 107#64, 8, 84#11, 19, 104#11, 27, 108#42, 26, 109#39, 26, 97#56, 16, 80"/>
    <property name="SleeperVolumeSize" value="31, 3, 16#21, 3, 24#20, 3, 10#2, 2, 128#2, 2, 128#115, 2, 2#115, 2, 2#9, 3, 6#27, 3, 36#50, 3, 55#50, 3, 55#16, 3, 52#69, 3, 19#18, 5, 14#16, 10, 15#34, 7, 39#33, 3, 20#31, 3, 16#33, 4, 15#24, 3, 12#42, 4, 19"/>
    <property name="SleeperVolumeGroup" value=",10,12,,5,6,,5,6,,0,0,,0,0,,0,0,,0,0,,5,8,,8,9,,10,12,,10,12,,5,7,,8,10,,5,6,,3,4,,20,24,,12,16,,6,8,,10,14,,6,7,,6,8"/>
    <property name="SleeperVolumeGameStageAdjust" value=",,,,,,,,,,,,,,,,,,,,"/>
    <property name="SleeperIsLootVolume" value="False,False,False,False,False,False,False,True,False,False,False,False,False,False,False,False,False,False,False,False,False"/>
    <property name="SleeperIsQuestExclude" value="False,False,False,False,False,False,False,False,False,False,False,False,False,False,False,False,False,False,False,False,False"/>
    <property name="SleeperVolumeFlags" value="0,0,0,2,2,2,2,2,0,0,0,0,0,0,2,0,0,0,2,0,0"/>
    <property name="SleeperVolumeGroupId" value="0,0,0,1,1,1,1,1,0,0,0,0,0,0,2,2,0,0,0,0,0"/>
    <property name="ShowQuestClearCount" value="0,0,0,0,0,0,0,0,0,0,0,0,0,0,0,0,0,0,0,0,0"/>
</prefab>
