<?xml version="1.0" encoding="UTF-8"?>
<prefab>
    <property name="CopyAirBlocks" value="True"/>
    <property name="AllowTopSoilDecorations" value="True"/>
    <property name="ExcludeDistantPOIMesh" value="False"/>
    <property name="ExcludePOICulling" value="False"/>
    <property name="QuestTags" value="clear,fetch"/>
    <property name="DifficultyTier" value="5"/>
    <property name="Zoning" value="ResidentialOld,Residential"/>
    <property name="RotationToFaceNorth" value="0"/>
    <property name="YOffset" value="-1"/>
    <property name="DistantPOIYOffset" value="0"/>
    <property name="AllowedBiomes" value="burnt_forest"/>
    <property name="AllowedTownships" value="wilderness"/>
    <property name="EditorGroups" value="Wilderness"/>
    <property name="SleeperVolumeStart" value="54, 1, 40#60, 1, 40#65, 7, 54#62, 9, 42#50, 9, 42#51, 18, 44#24, 6, 42#20, 7, 35#18, 5, 23#19, 11, 25#18, 16, 23#28, 17, 24#47, 18, 42#61, 8, 10#26, 8, 2#22, 8, 2#18, 1, 24#23, 1, 4#35, 1, 4#35, 1, 14#20, 1, 35#32, 2, 42#24, 2, 44#45, 2, 41#34, 2, 52#49, 1, 42#28, 11, 42"/>
    <property name="SleeperVolumeSize" value="6, 3, 20#7, 2, 17#2, 3, 4#3, 2, 12#10, 3, 15#11, 2, 10#24, 3, 14#13, 2, 6#16, 3, 11#13, 2, 9#10, 3, 27#7, 1, 18#2, 3, 17#5, 3, 30#40, 3, 8#4, 3, 21#16, 2, 9#12, 5, 18#29, 4, 10#30, 2, 27#14, 2, 5#12, 2, 10#6, 2, 11#3, 2, 9#14, 1, 4#4, 3, 14#18, 4, 16"/>
    <property name="SleeperVolumeGroup" value=",3,5,,4,6,,1,1,,1,2,,4,7,,3,4,,15,20,,2,4,,2,5,,3,4,,2,4,,1,2,,1,2,,1,2,,2,4,,1,1,,2,5,,7,9,,8,14,,10,20,,2,4,,3,4,,2,4,,1,2,,2,4,,2,4,,2,3"/>
    <property name="SleeperVolumeGameStageAdjust" value=",,,,,,,,,,,,,,,,,,,,,,,,,,"/>
    <property name="SleeperIsLootVolume" value="False,False,False,False,False,False,True,True,True,False,False,False,False,False,False,False,False,False,True,False,True,False,False,False,False,True,False"/>
    <property name="SleeperIsQuestExclude" value="False,False,False,False,False,False,False,False,False,False,False,False,False,False,False,False,False,False,False,False,False,False,False,False,False,False,False"/>
    <property name="SleeperVolumeFlags" value="0,0,0,0,0,0,0,0,0,0,0,0,0,0,0,0,0,0,0,0,0,0,0,0,2,0,0"/>
    <property name="SleeperVolumeGroupId" value="0,0,0,0,0,0,0,0,0,0,0,0,0,0,0,0,0,0,0,0,0,0,0,0,0,0,0"/>
    <property name="ShowQuestClearCount" value="0,0,0,0,0,0,0,0,0,0,0,0,0,0,0,0,0,0,0,0,0,0,0,0,0,0,0"/>
</prefab>
