<?xml version="1.0" encoding="UTF-8"?>
<prefab>
    <property name="CopyAirBlocks" value="True"/>
    <property name="AllowTopSoilDecorations" value="True"/>
    <property name="ExcludeDistantPOIMesh" value="False"/>
    <property name="ExcludePOICulling" value="False"/>
    <property name="QuestTags" value="clear,fetch"/>
    <property name="DifficultyTier" value="3"/>
    <property name="Zoning" value="Downtown,Residential"/>
    <property name="RotationToFaceNorth" value="0"/>
    <property name="YOffset" value="-2"/>
    <property name="DistantPOIYOffset" value="0"/>
    <property name="AllowedBiomes" value="burnt_forest,desert,wasteland"/>
    <property name="AllowedTownships" value="city,town"/>
    <property name="EditorGroups" value="downtown"/>
    <property name="SleeperVolumeStart" value="1, 2, 24#12, 11, 31#7, 6, 6#15, 7, 33#24, 2, 21#1, 2, 1#24, 2, 1#2, 7, 25"/>
    <property name="SleeperVolumeSize" value="23, 3, 20#12, 2, 12#29, 2, 14#5, 2, 10#20, 3, 23#23, 3, 23#20, 3, 20#11, 3, 18"/>
    <property name="SleeperVolumeGroup" value=",6,9,,1,3,,2,3,,2,3,,1,1,,7,11,,6,9,,3,4"/>
    <property name="SleeperVolumeGameStageAdjust" value="easy,,,,,,,"/>
    <property name="SleeperIsLootVolume" value="False,False,False,False,False,False,False,False"/>
    <property name="SleeperIsQuestExclude" value="False,False,False,False,False,False,False,False"/>
    <property name="SleeperVolumeFlags" value="0,0,0,0,0,0,0,0"/>
    <property name="SleeperVolumeGroupId" value="0,0,0,0,0,0,0,0"/>
    <property name="ShowQuestClearCount" value="0,0,0,0,0,0,0,0"/>
</prefab>
