<?xml version="1.0" encoding="UTF-8"?>
<prefab>
    <property name="CopyAirBlocks" value="True"/>
    <property name="AllowTopSoilDecorations" value="True"/>
    <property name="ExcludeDistantPOIMesh" value="False"/>
    <property name="ExcludePOICulling" value="False"/>
    <property name="QuestTags" value="clear,fetch"/>
    <property name="DifficultyTier" value="2"/>
    <property name="Zoning" value="Commercial,Residential"/>
    <property name="RotationToFaceNorth" value="3"/>
    <property name="YOffset" value="-2"/>
    <property name="DistantPOIYOffset" value="0"/>
    <property name="AllowedBiomes" value="snow"/>
    <property name="AllowedTownships" value="rural,town"/>
    <property name="EditorGroups" value="commercial, rural"/>
    <property name="SleeperVolumeStart" value="11, 1, 8#12, 2, 22#10, 5, 2#14, 1, 2#0, 2, 0#14, 1, 15"/>
    <property name="SleeperVolumeSize" value="10, 3, 7#6, 3, 5#11, 3, 19#7, 3, 6#10, 3, 29#8, 2, 6"/>
    <property name="SleeperVolumeGroup" value=",1,3,,1,2,,3,5,,1,3,,5,8,,2,4"/>
    <property name="SleeperVolumeGameStageAdjust" value=",,,,,"/>
    <property name="SleeperIsLootVolume" value="False,False,False,False,False,False"/>
    <property name="SleeperIsQuestExclude" value="False,False,False,False,False,False"/>
    <property name="SleeperVolumeFlags" value="0,0,0,0,0,0"/>
    <property name="SleeperVolumeGroupId" value="0,0,0,0,0,0"/>
    <property name="ShowQuestClearCount" value="0,0,0,0,0,0"/>
</prefab>
