<?xml version="1.0" encoding="UTF-8"?>
<prefab>
    <property name="CopyAirBlocks" value="True"/>
    <property name="AllowTopSoilDecorations" value="True"/>
    <property name="ExcludeDistantPOIMesh" value="False"/>
    <property name="ExcludePOICulling" value="False"/>
    <property name="DifficultyTier" value="1"/>
    <property name="Zoning" value="Downtown,Residential"/>
    <property name="RotationToFaceNorth" value="2"/>
    <property name="YOffset" value="-2"/>
    <property name="DistantPOIYOffset" value="0"/>
    <property name="AllowedBiomes" value="burnt_forest,snow,pine_forest,desert,wasteland"/>
    <property name="AllowedTownships" value="city,town"/>
    <property name="EditorGroups" value="downtown"/>
    <property name="SleeperVolumeStart" value="2, 2, 5"/>
    <property name="SleeperVolumeSize" value="20, 9, 17"/>
    <property name="SleeperVolumeGroup" value=",7,9"/>
    <property name="SleeperVolumeGameStageAdjust" value=""/>
    <property name="SleeperIsLootVolume" value="False"/>
    <property name="SleeperIsQuestExclude" value="False"/>
    <property name="SleeperVolumeFlags" value="0"/>
    <property name="SleeperVolumeGroupId" value="0"/>
    <property name="ShowQuestClearCount" value="1"/>
</prefab>
