<?xml version="1.0" encoding="UTF-8"?>
<prefab>
    <property name="CopyAirBlocks" value="True"/>
    <property name="AllowTopSoilDecorations" value="True"/>
    <property name="ExcludeDistantPOIMesh" value="False"/>
    <property name="ExcludePOICulling" value="False"/>
    <property name="QuestTags" value="clear,fetch"/>
    <property name="DifficultyTier" value="2"/>
    <property name="Zoning" value="Industrial,Residential"/>
    <property name="RotationToFaceNorth" value="2"/>
    <property name="YOffset" value="-1"/>
    <property name="DistantPOIYOffset" value="0"/>
    <property name="AllowedBiomes" value="snow,pine_forest,desert"/>
    <property name="AllowedTownships" value="town"/>
    <property name="EditorGroups" value="industrial"/>
    <property name="SleeperVolumeStart" value="3, 1, 12#15, 0, 11#3, 1, 1#23, 2, 11#16, 5, 11#3, 5, 12#9, 5, 12#3, 9, 11"/>
    <property name="SleeperVolumeSize" value="11, 2, 11#7, 4, 11#19, 4, 10#2, 3, 13#5, 2, 12#5, 2, 12#6, 2, 12#19, 4, 13"/>
    <property name="SleeperVolumeGroup" value=",2,3,,2,3,,2,4,,1,2,,2,3,,1,2,,2,3,,5,8"/>
    <property name="SleeperVolumeGameStageAdjust" value="0,0,0,0,0,0,0,0"/>
    <property name="SleeperIsLootVolume" value="False,False,False,False,False,False,False,False"/>
    <property name="SleeperIsQuestExclude" value="False,False,False,False,False,False,False,False"/>
    <property name="SleeperVolumeFlags" value="0,0,2,2,0,0,0,0"/>
    <property name="SleeperVolumeGroupId" value="0,0,0,0,0,0,0,0"/>
    <property name="ShowQuestClearCount" value="0,0,0,0,0,0,0,0"/>
</prefab>
