<?xml version="1.0" encoding="UTF-8"?>
<prefab>
    <property name="CopyAirBlocks" value="True"/>
    <property name="AllowTopSoilDecorations" value="True"/>
    <property name="ExcludeDistantPOIMesh" value="False"/>
    <property name="ExcludePOICulling" value="False"/>
    <property name="DifficultyTier" value="2"/>
    <property name="Zoning" value="Industrial,Residential"/>
    <property name="RotationToFaceNorth" value="2"/>
    <property name="YOffset" value="-1"/>
    <property name="DistantPOIYOffset" value="0"/>
    <property name="AllowedBiomes" value="burnt_forest,wasteland"/>
    <property name="AllowedTownships" value="rural,town,wilderness"/>
    <property name="DisallowedBiomes" value="snow,pine_forest,desert"/>
    <property name="EditorGroups" value="industrial"/>
    <property name="SleeperVolumeStart" value="2, 1, 11#2, 1, 2#13, 1, 1#13, 1, 6"/>
    <property name="SleeperVolumeSize" value="11, 3, 10#11, 3, 9#9, 4, 5#8, 3, 15"/>
    <property name="SleeperVolumeGroup" value=",3,4,,3,4,,1,1,,1,2"/>
    <property name="SleeperVolumeGameStageAdjust" value=",,,"/>
    <property name="SleeperIsLootVolume" value="False,False,False,False"/>
    <property name="SleeperIsQuestExclude" value="False,False,False,False"/>
    <property name="SleeperVolumeFlags" value="0,0,0,0"/>
    <property name="SleeperVolumeGroupId" value="0,0,0,0"/>
    <property name="ShowQuestClearCount" value="0,0,0,0"/>
</prefab>
