<?xml version="1.0" encoding="UTF-8"?>
<prefab>
    <property name="CopyAirBlocks" value="True"/>
    <property name="AllowTopSoilDecorations" value="True"/>
    <property name="ExcludeDistantPOIMesh" value="False"/>
    <property name="ExcludePOICulling" value="False"/>
    <property name="DifficultyTier" value="3"/>
    <property name="Zoning" value="Downtown,Residential"/>
    <property name="RotationToFaceNorth" value="3"/>
    <property name="YOffset" value="-6"/>
    <property name="DistantPOIYOffset" value="0"/>
    <property name="AllowedBiomes" value="snow,pine_forest,desert"/>
    <property name="AllowedTownships" value="city,rural,town"/>
    <property name="EditorGroups" value="downtown"/>
    <property name="SleeperVolumeStart" value="0, 6, 1#49, 6, 30#0, 6, 30#0, 6, 51#4, 10, 51#4, 16, 37#21, 16, 36#48, 16, 25#54, 16, 9#54, 23, 25#54, 24, 8#54, 30, 6#4, 21, 62"/>
    <property name="SleeperVolumeSize" value="64, 3, 28#16, 3, 15#45, 3, 20#16, 3, 20#10, 9, 21#16, 3, 13#26, 3, 9#16, 3, 18#10, 3, 16#10, 3, 8#10, 5, 16#10, 3, 19#10, 5, 10"/>
    <property name="SleeperVolumeGroup" value=",6,7,,1,2,,6,7,,7,8,,8,9,,3,4,,9,10,,6,7,,4,5,,1,2,,2,3,,5,5,,2,2"/>
    <property name="SleeperVolumeGameStageAdjust" value=",,,,,,,,,,,,"/>
    <property name="SleeperIsLootVolume" value="False,False,False,False,False,False,False,False,False,False,False,False,False"/>
    <property name="SleeperIsQuestExclude" value="False,False,False,False,False,False,False,False,False,False,False,False,False"/>
    <property name="SleeperVolumeFlags" value="0,0,0,0,0,0,0,0,0,0,0,0,0"/>
    <property name="SleeperVolumeGroupId" value="0,0,0,0,0,0,0,0,0,0,0,0,0"/>
    <property name="ShowQuestClearCount" value="0,0,0,0,0,0,0,0,0,0,0,0,0"/>
</prefab>
