<?xml version="1.0" encoding="UTF-8"?>
<prefab>
    <property name="CopyAirBlocks" value="True"/>
    <property name="AllowTopSoilDecorations" value="True"/>
    <property name="ExcludeDistantPOIMesh" value="False"/>
    <property name="ExcludePOICulling" value="False"/>
    <property name="QuestTags" value="clear,fetch"/>
    <property name="DifficultyTier" value="5"/>
    <property name="Zoning" value="ResidentialOld,Residential"/>
    <property name="RotationToFaceNorth" value="2"/>
    <property name="YOffset" value="-6"/>
    <property name="DistantPOIYOffset" value="0"/>
    <property name="AllowedBiomes" value="pine_forest"/>
    <property name="AllowedTownships" value="rural"/>
    <property name="EditorGroups" value="rural"/>
    <property name="SleeperVolumeStart" value="10, 19, 17#10, 15, 17#6, 1, 18#6, 5, 18#6, 5, 11#17, 6, 0#2, 6, 0#2, 6, 11#2, 6, 26#28, 6, 17#5, 11, 16#5, 11, 8#6, 15, 6#5, 15, 20#19, 15, 16"/>
    <property name="SleeperVolumeSize" value="3, 1, 3#3, 1, 3#13, 4, 8#22, 3, 8#11, 3, 7#18, 3, 17#16, 3, 11#4, 3, 15#33, 2, 5#7, 3, 9#25, 3, 11#13, 3, 8#12, 3, 11#14, 3, 8#11, 3, 12"/>
    <property name="SleeperVolumeGroup" value=",9,9,,0,0,,8,10,,4,5,,2,3,,5,7,,3,4,,2,3,,3,4,,1,2,,10,13,,5,7,,5,6,,3,4,,5,7"/>
    <property name="SleeperVolumeGameStageAdjust" value=",,,,,,,,,,,,,,"/>
    <property name="SleeperIsLootVolume" value="False,False,False,False,False,False,False,False,False,False,False,False,False,False,False"/>
    <property name="SleeperIsQuestExclude" value="False,False,False,False,False,False,False,False,False,False,False,False,False,False,False"/>
    <property name="SleeperVolumeFlags" value="2,2,0,0,0,0,0,0,0,0,0,0,0,0,0"/>
    <property name="SleeperVolumeGroupId" value="1,1,0,0,0,0,0,0,0,0,0,0,0,0,0"/>
    <property name="ShowQuestClearCount" value="1,0,0,0,0,0,0,0,0,0,0,0,0,0,0"/>
</prefab>
