<?xml version="1.0" encoding="UTF-8"?>
<prefab>
    <property name="CopyAirBlocks" value="True"/>
    <property name="AllowTopSoilDecorations" value="True"/>
    <property name="ExcludeDistantPOIMesh" value="False"/>
    <property name="ExcludePOICulling" value="False"/>
    <property name="QuestTags" value="clear,fetch"/>
    <property name="DifficultyTier" value="5"/>
    <property name="Zoning" value="Commercial,Residential"/>
    <property name="RotationToFaceNorth" value="3"/>
    <property name="YOffset" value="-2"/>
    <property name="DistantPOIYOffset" value="0"/>
    <property name="AllowedBiomes" value="snow,pine_forest,desert"/>
    <property name="AllowedTownships" value="city"/>
    <property name="EditorGroups" value="Cityblocks, commercial"/>
    <property name="SleeperVolumeStart" value="12, 2, 9#12, 17, 9#12, 23, 9#12, 30, 9#12, 37, 9#12, 44, 9#12, 51, 9#12, 58, 9#12, 65, 9#12, 72, 9"/>
    <property name="SleeperVolumeSize" value="27, 7, 27#27, 3, 27#27, 3, 27#27, 3, 27#27, 3, 27#27, 3, 27#27, 3, 27#27, 3, 27#27, 3, 27#27, 3, 27"/>
    <property name="SleeperVolumeGroup" value=",3,4,,7,8,,9,10,,4,5,,6,7,,7,8,,4,5,,5,6,,9,10,,5,6"/>
    <property name="SleeperVolumeGameStageAdjust" value=",,,,,,,,,"/>
    <property name="SleeperIsLootVolume" value="False,False,False,False,False,False,False,False,False,False"/>
    <property name="SleeperIsQuestExclude" value="False,False,False,False,False,False,False,False,False,False"/>
    <property name="SleeperVolumeFlags" value="0,0,0,0,0,0,0,0,0,0"/>
    <property name="SleeperVolumeGroupId" value="0,0,0,0,0,0,0,0,0,0"/>
    <property name="ShowQuestClearCount" value="0,0,0,0,0,0,0,0,0,0"/>
</prefab>
