<?xml version="1.0" encoding="UTF-8"?>
<prefab>
    <property name="CopyAirBlocks" value="True"/>
    <property name="AllowTopSoilDecorations" value="True"/>
    <property name="ExcludeDistantPOIMesh" value="False"/>
    <property name="ExcludePOICulling" value="False"/>
    <property name="QuestTags" value="clear,fetch"/>
    <property name="DifficultyTier" value="3"/>
    <property name="Zoning" value="ResidentialNew,Residential"/>
    <property name="RotationToFaceNorth" value="3"/>
    <property name="YOffset" value="-1"/>
    <property name="DistantPOIYOffset" value="0"/>
    <property name="AllowedBiomes" value="snow,pine_forest,desert"/>
    <property name="AllowedTownships" value="city,town"/>
    <property name="EditorGroups" value="house new, House medium, house old, HOUSE CONST"/>
    <property name="SleeperVolumeStart" value="1, 1, 1#13, 1, 15#13, 1, 5#12, 6, 5#18, 11, 13#12, 11, 5#27, 11, 13#12, 12, 16"/>
    <property name="SleeperVolumeSize" value="12, 5, 31#20, 5, 13#20, 5, 10#21, 5, 23#9, 6, 15#21, 6, 8#6, 6, 15#6, 6, 8"/>
    <property name="SleeperVolumeGroup" value=",2,3,,5,6,,5,6,,9,10,,5,6,,3,3,,2,2,,2,2"/>
    <property name="SleeperVolumeGameStageAdjust" value=",,,,,,,"/>
    <property name="SleeperIsLootVolume" value="False,False,False,False,False,True,False,True"/>
    <property name="SleeperIsQuestExclude" value="False,False,False,False,False,False,False,False"/>
    <property name="SleeperVolumeFlags" value="0,0,0,0,0,0,0,2"/>
    <property name="SleeperVolumeGroupId" value="0,0,0,0,0,0,0,0"/>
    <property name="ShowQuestClearCount" value="0,0,0,0,0,0,0,0"/>
</prefab>
