<?xml version="1.0" encoding="UTF-8"?>
<prefab>
    <property name="CopyAirBlocks" value="True"/>
    <property name="AllowTopSoilDecorations" value="True"/>
    <property name="ExcludeDistantPOIMesh" value="False"/>
    <property name="ExcludePOICulling" value="False"/>
    <property name="DifficultyTier" value="5"/>
    <property name="Zoning" value="ResidentialOld,Residential"/>
    <property name="RotationToFaceNorth" value="0"/>
    <property name="YOffset" value="-2"/>
    <property name="DistantPOIYOffset" value="0"/>
    <property name="AllowedBiomes" value="burnt_forest,wasteland"/>
    <property name="AllowedTownships" value="rural,wilderness"/>
    <property name="EditorGroups" value="Wilderness, rural"/>
    <property name="SleeperVolumeStart" value="4, 1, 32#4, 1, 8#27, 2, 31#78, 1, 8#32, 2, 1#35, 8, 2#40, 14, 2#40, 19, 2"/>
    <property name="SleeperVolumeSize" value="21, 5, 21#21, 5, 21#49, 3, 22#17, 7, 44#37, 6, 28#28, 6, 19#16, 4, 18#11, 3, 18"/>
    <property name="SleeperVolumeGroup" value=",9,10,,9,10,,5,5,,9,10,,9,10,,5,8,,2,3,,1,1"/>
    <property name="SleeperVolumeGameStageAdjust" value=",,,,,,,"/>
    <property name="SleeperIsLootVolume" value="False,False,False,False,False,False,False,False"/>
    <property name="SleeperIsQuestExclude" value="False,False,False,False,False,False,False,False"/>
    <property name="SleeperVolumeFlags" value="0,0,0,0,0,0,0,0"/>
    <property name="SleeperVolumeGroupId" value="0,0,0,0,0,0,0,0"/>
    <property name="ShowQuestClearCount" value="0,0,0,0,0,0,0,0"/>
</prefab>
