<?xml version="1.0" encoding="UTF-8"?>
<prefab>
    <property name="CopyAirBlocks" value="True"/>
    <property name="AllowTopSoilDecorations" value="True"/>
    <property name="ExcludeDistantPOIMesh" value="False"/>
    <property name="ExcludePOICulling" value="False"/>
    <property name="DifficultyTier" value="2"/>
    <property name="Zoning" value="Residential"/>
    <property name="RotationToFaceNorth" value="2"/>
    <property name="YOffset" value="-14"/>
    <property name="DistantPOIYOffset" value="0"/>
    <property name="AllowedBiomes" value="snow,pine_forest,desert"/>
    <property name="AllowedTownships" value="city"/>
    <property name="EditorGroups" value="HOUSE CONST, House medium, house new, house old"/>
    <property name="SleeperVolumeStart" value="0, 20, 1#0, 17, 6#6, 14, 2#2, 1, 5#2, 6, 5#2, 10, 8#2, 10, 5#0, 14, 4#1, 14, 13"/>
    <property name="SleeperVolumeSize" value="10, 6, 16#13, 3, 11#6, 3, 11#9, 5, 10#9, 4, 10#9, 4, 7#5, 3, 3#6, 3, 5#11, 3, 3"/>
    <property name="SleeperVolumeGroup" value=",3,3,,2,4,,1,3,,4,6,,4,8,,1,4,,1,2,,2,4,,1,2"/>
    <property name="SleeperVolumeGameStageAdjust" value=",,,,,,,,"/>
    <property name="SleeperIsLootVolume" value="False,True,False,False,False,True,False,False,False"/>
    <property name="SleeperIsQuestExclude" value="False,False,False,False,False,False,False,False,False"/>
    <property name="SleeperVolumeFlags" value="0,0,0,0,0,0,0,0,0"/>
    <property name="SleeperVolumeGroupId" value="2,2,1,0,0,3,3,1,0"/>
    <property name="ShowQuestClearCount" value="0,0,0,0,0,0,0,0,0"/>
</prefab>
