<?xml version="1.0" encoding="UTF-8"?>
<prefab>
    <property name="CopyAirBlocks" value="True"/>
    <property name="AllowTopSoilDecorations" value="True"/>
    <property name="ExcludeDistantPOIMesh" value="False"/>
    <property name="ExcludePOICulling" value="False"/>
    <property name="QuestTags" value="clear,fetch"/>
    <property name="DifficultyTier" value="5"/>
    <property name="Zoning" value="Residential"/>
    <property name="RotationToFaceNorth" value="3"/>
    <property name="YOffset" value="-1"/>
    <property name="DistantPOIYOffset" value="0"/>
    <property name="AllowedBiomes" value="snow,pine_forest,desert"/>
    <property name="AllowedTownships" value="city,rural"/>
    <property name="EditorGroups" value="downtown, house new"/>
    <property name="SleeperVolumeStart" value="19, 1, 8#19, 1, 32#15, 1, 24#32, 1, 32#33, 1, 8#19, 7, 8#19, 7, 32#19, 7, 24#34, 7, 8#33, 7, 32#19, 13, 14#19, 13, 32#19, 12, 24#33, 13, 14#32, 7, 13#32, 7, 40"/>
    <property name="SleeperVolumeSize" value="15, 5, 17#13, 5, 16#33, 5, 8#13, 5, 16#12, 5, 16#13, 5, 16#13, 5, 16#22, 5, 8#7, 5, 16#8, 5, 16#14, 6, 10#22, 6, 9#22, 5, 8#8, 6, 10#2, 3, 3#2, 3, 3"/>
    <property name="SleeperVolumeGroup" value=",6,7,,3,4,,5,6,,5,6,,2,3,,5,6,,8,9,,5,6,,2,3,,4,5,,4,5,,8,9,,9,10,,3,4,,1,2,,1,1"/>
    <property name="SleeperVolumeGameStageAdjust" value="250,250,250,250,350,200,250,400,medium,350,250,250,350,700,,"/>
    <property name="SleeperIsLootVolume" value="False,True,False,True,False,False,False,False,False,False,False,False,False,False,True,True"/>
    <property name="SleeperIsQuestExclude" value="False,False,False,False,False,False,False,False,False,False,False,False,False,False,False,False"/>
    <property name="SleeperVolumeFlags" value="0,0,0,0,0,0,0,0,0,0,0,0,0,0,0,0"/>
    <property name="SleeperVolumeGroupId" value="0,0,0,0,0,0,0,0,0,0,0,0,0,0,0,0"/>
    <property name="ShowQuestClearCount" value="0,0,0,0,0,0,0,0,0,0,0,0,0,0,0,0"/>
</prefab>
