<?xml version="1.0" encoding="UTF-8"?>
<prefab>
    <property name="CopyAirBlocks" value="True"/>
    <property name="AllowTopSoilDecorations" value="False"/>
    <property name="ExcludeDistantPOIMesh" value="False"/>
    <property name="ExcludePOICulling" value="False"/>
    <property name="DifficultyTier" value="1"/>
    <property name="Zoning" value="ResidentialNew,Residential"/>
    <property name="RotationToFaceNorth" value="2"/>
    <property name="YOffset" value="-6"/>
    <property name="DistantPOIYOffset" value="0"/>
    <property name="AllowedBiomes" value="snow,pine_forest"/>
    <property name="AllowedTownships" value="city,rural,town,wilderness"/>
    <property name="EditorGroups" value="house new, house old, rural, Wilderness, House medium, HOUSE CONST"/>
    <property name="SleeperVolumeStart" value="86, 6, 42#2, 6, 38#6, 6, 62#68, 16, 40#53, 1, 93#2, 6, 3#70, 2, 12#9, 2, 91#71, 6, 26#71, 6, 4#3, 6, 106#1, 6, 87#70, 6, 42#21, 6, 39#70, 6, 62#81, 6, 62#37, 6, 1#21, 6, 0#86, 6, 3#5, 6, 28#20, 6, 9#71, 6, 32#29, 6, 92#44, 6, 91#70, 6, 78#79, 5, 76#44, 6, 108#61, 6, 101#70, 6, 108#98, 6, 88#9, 16, 93#21, 11, 9#69, 11, 13#20, 11, 38#68, 11, 41#11, 11, 91#46, 11, 93#78, 11, 92#82, 2, 91#11, 6, 91#78, 6, 91"/>
    <property name="SleeperVolumeSize" value="18, 3, 20#19, 5, 24#62, 5, 28#15, 3, 15#16, 2, 10#18, 6, 24#11, 2, 19#17, 2, 12#13, 3, 6#14, 3, 22#25, 5, 15#9, 8, 17#15, 3, 19#13, 3, 21#11, 5, 14#23, 5, 14#32, 7, 61#16, 3, 9#18, 3, 29#32, 3, 10#16, 3, 19#33, 5, 10#15, 5, 28#20, 3, 16#9, 5, 25#23, 5, 13#25, 5, 13#9, 5, 7#24, 3, 13#6, 3, 33#14, 3, 11#15, 4, 19#18, 4, 20#18, 4, 21#20, 4, 21#18, 2, 15#19, 3, 15#16, 3, 16#17, 2, 10#18, 3, 15#19, 3, 17"/>
    <property name="SleeperVolumeGroup" value=",2,4,,3,4,,8,10,,3,4,,4,5,,6,10,,4,7,,7,9,,3,3,,3,6,,2,3,,2,3,,3,7,,5,6,,4,5,,5,7,,12,18,,1,2,,2,3,,2,3,,5,6,,2,4,,2,4,,4,6,,1,2,,1,2,,3,5,,1,1,,2,3,,1,2,,2,3,,3,5,,4,5,,3,4,,4,8,,4,8,,3,7,,3,5,,2,4,,4,5,,4,7"/>
    <property name="SleeperVolumeGameStageAdjust" value=",,,,,,,,,,,,,,,,,,,,,,,,,,,,,,,,,,,,,,,,"/>
    <property name="SleeperIsLootVolume" value="False,False,False,False,False,False,False,False,False,False,False,False,False,False,False,False,False,False,False,False,False,False,False,False,False,False,False,False,False,False,False,False,False,False,False,False,False,False,False,False,False"/>
    <property name="SleeperIsQuestExclude" value="False,False,False,False,False,False,False,False,False,False,False,False,False,False,False,False,False,False,False,False,False,False,False,False,False,False,False,False,False,False,False,False,False,False,False,False,False,False,False,False,False"/>
    <property name="SleeperVolumeFlags" value="0,0,0,0,0,0,0,0,0,0,0,2,0,0,0,0,0,0,0,0,0,0,0,0,0,0,0,0,0,0,0,0,0,0,0,0,0,0,0,0,0"/>
    <property name="SleeperVolumeGroupId" value="0,0,0,0,0,0,0,0,0,0,0,0,0,0,0,0,0,0,0,0,0,0,0,0,0,0,0,0,0,0,0,0,0,0,0,0,0,0,0,0,0"/>
    <property name="ShowQuestClearCount" value="0,0,0,0,0,0,0,0,0,0,0,0,0,0,0,0,0,0,0,0,0,0,0,0,0,0,0,0,0,0,0,0,0,0,0,0,0,0,0,0,0"/>
</prefab>
