<?xml version="1.0" encoding="UTF-8"?>
<prefab>
    <property name="CopyAirBlocks" value="False"/>
    <property name="AllowTopSoilDecorations" value="True"/>
    <property name="ExcludeDistantPOIMesh" value="False"/>
    <property name="ExcludePOICulling" value="False"/>
    <property name="QuestTags" value="clear,fetch"/>
    <property name="DifficultyTier" value="3"/>
    <property name="Zoning" value="Industrial,Residential"/>
    <property name="RotationToFaceNorth" value="3"/>
    <property name="YOffset" value="-1"/>
    <property name="DistantPOIYOffset" value="0"/>
    <property name="AllowedBiomes" value="burnt_forest,wasteland"/>
    <property name="AllowedTownships" value="city,town"/>
    <property name="EditorGroups" value="industrial"/>
    <property name="SleeperVolumeStart" value="1, 1, 1#47, 1, 10#1, 1, 10#2, 1, 42#22, 1, 45#14, 2, 35#6, 2, 14#5, 2, 35#43, 2, 13#23, 2, 12#5, 6, 13#22, 7, 10#21, 9, 19"/>
    <property name="SleeperVolumeSize" value="49, 3, 9#3, 2, 35#4, 3, 19#20, 3, 5#27, 3, 2#8, 3, 7#17, 3, 21#8, 3, 7#4, 3, 27#20, 3, 32#17, 3, 29#26, 2, 10#27, 4, 27"/>
    <property name="SleeperVolumeGroup" value=",3,7,,1,3,,1,3,,1,3,,1,2,,1,2,,5,7,,2,3,,1,2,,5,7,,3,4,,1,5,,5,11"/>
    <property name="SleeperVolumeGameStageAdjust" value=",,,,,,,,,,,,"/>
    <property name="SleeperIsLootVolume" value="False,False,False,False,False,False,False,False,False,False,False,False,False"/>
    <property name="SleeperIsQuestExclude" value="False,False,False,False,False,False,False,False,False,False,False,False,False"/>
    <property name="SleeperVolumeFlags" value="0,0,0,0,0,0,0,0,0,0,0,0,0"/>
    <property name="SleeperVolumeGroupId" value="0,0,0,0,0,0,0,0,0,0,0,0,0"/>
    <property name="ShowQuestClearCount" value="0,0,0,0,0,0,0,0,0,0,0,0,0"/>
</prefab>
