<?xml version="1.0" encoding="UTF-8"?>
<prefab>
    <property name="CopyAirBlocks" value="True"/>
    <property name="AllowTopSoilDecorations" value="True"/>
    <property name="ExcludeDistantPOIMesh" value="False"/>
    <property name="ExcludePOICulling" value="False"/>
    <property name="DifficultyTier" value="1"/>
    <property name="Zoning" value="Residential"/>
    <property name="RotationToFaceNorth" value="1"/>
    <property name="YOffset" value="-5"/>
    <property name="DistantPOIYOffset" value="0"/>
    <property name="AllowedBiomes" value="snow,pine_forest,desert"/>
    <property name="AllowedTownships" value="rural,town"/>
    <property name="EditorGroups" value="rural, house old"/>
    <property name="SleeperVolumeStart" value="15, 5, 6#3, 5, 35#5, 6, 26#2, 6, 16#2, 6, 6#3, 10, 15#6, 0, 8"/>
    <property name="SleeperVolumeSize" value="12, 5, 28#12, 3, 6#9, 2, 6#13, 2, 9#13, 2, 9#13, 2, 9#9, 3, 7"/>
    <property name="SleeperVolumeGroup" value=",2,4,,1,2,,1,2,,2,3,,2,3,,2,3,,2,3"/>
    <property name="SleeperVolumeGameStageAdjust" value="easy,,,,,,"/>
    <property name="SleeperIsLootVolume" value="False,False,False,False,False,False,False"/>
    <property name="SleeperIsQuestExclude" value="False,False,False,False,False,False,False"/>
    <property name="SleeperVolumeFlags" value="0,0,0,0,0,0,0"/>
    <property name="SleeperVolumeGroupId" value="0,0,0,0,0,0,0"/>
    <property name="ShowQuestClearCount" value="0,0,0,0,0,0,0"/>
</prefab>
